client_id,client_type,gender,country,region,acquisition_purpose,loan_applied,referral_channel,satisfaction_score,age,is_investor,has_loan,is_corporate,age_group,cluster,segment,pca_1,pca_2
CL100000,Individual,Female,India,South Asia,Personal use,Yes,Property Portal,3.0,29.0,0,1,0,<30,0,Mortgage Home Buyers,-2.437886919088185,0.035548500993778376
CL100001,Individual,Female,Germany,Europe - West,Investment,No,Agent Referral,5.0,38.0,1,0,0,30-39,1,Cash Investors,1.461615753304335,-1.6885515291824522
CL100002,Corporate,Not Specified,Singapore,Southeast Asia,Investment,Yes,Event,3.0,37.0,1,1,1,30-39,2,Corporate Investors,1.5147067728788455,1.427575945740573
CL100003,Individual,Female,India,South Asia,Personal use,No,Event,4.0,22.0,0,0,0,<30,5,Cash Home Buyers,-0.9980498481642164,-0.586849031355484
CL100004,Individual,Male,United States,North America - West,Investment,Yes,Social Media,4.0,46.0,1,1,0,40-49,3,Leveraged Investors,0.031600508030712515,-1.0358005801297712
CL100005,Individual,Male,Brazil,Latin America,Personal use,Yes,Agent Referral,4.0,56.0,0,1,0,50-59,0,Mortgage Home Buyers,-2.0849640687810105,0.8529683369495077
CL100006,Individual,Female,India,South Asia,Investment,No,Property Portal,5.0,48.0,1,0,0,40-49,1,Cash Investors,1.5729899355896966,-1.3793625396303912
CL100007,Corporate,Not Specified,India,South Asia,Investment,No,Agent Referral,5.0,61.0,1,0,1,60+,2,Corporate Investors,3.3536451783153267,1.7473110641240257
CL100008,Individual,Female,United States,North America - West,Personal use,Yes,Social Media,3.0,32.0,0,1,0,30-39,0,Mortgage Home Buyers,-2.40578671344918,0.12950375504221678
CL100009,Individual,Male,Germany,Europe - West,Personal use,No,Website,5.0,44.0,0,0,0,40-49,5,Cash Home Buyers,-0.7001108536770349,0.07172838956306932
CL100010,Individual,Female,United Kingdom,Europe - West,Personal use,No,Property Portal,3.0,39.0,0,0,0,30-39,5,Cash Home Buyers,-0.8643283737630579,-0.03684246803012481
CL100011,Individual,Female,Australia,Oceania,Investment,No,Event,3.0,45.0,1,0,0,40-49,1,Cash Investors,1.4284188655528176,-1.428765335621774
CL100012,Individual,Female,United Arab Emirates,Middle East,Personal use,Yes,Website,4.0,48.0,0,1,0,40-49,0,Mortgage Home Buyers,-2.1740934987208074,0.6007260725729799
CL100013,Individual,Female,Singapore,Southeast Asia,Personal use,Yes,Friend/Family,4.0,54.0,0,1,0,50-59,0,Mortgage Home Buyers,-2.106931084990439,0.7883096080176961
CL100014,Individual,Male,Germany,Europe - West,Personal use,Yes,Property Portal,4.0,29.0,0,1,0,<30,0,Mortgage Home Buyers,-2.3826741711296475,0.013549974319793764
CL100015,Individual,Male,Canada,North America - East,Personal use,Yes,Website,3.0,44.0,0,1,0,40-49,0,Mortgage Home Buyers,-2.273531574747885,0.49855083144352935
CL100016,Individual,Male,United Arab Emirates,Middle East,Personal use,Yes,Agent Referral,4.0,37.0,0,1,0,30-39,0,Mortgage Home Buyers,-2.2950343771065773,0.26314293988319076
CL100017,Individual,Male,United States,North America - West,Investment,No,Agent Referral,5.0,39.0,1,0,0,30-39,1,Cash Investors,1.47267208532147,-1.6575080872315935
CL100018,Individual,Female,Singapore,Southeast Asia,Investment,No,Property Portal,4.0,51.0,1,0,0,50-59,1,Cash Investors,1.5509461836825646,-1.2642336871038304
CL100019,Individual,Male,United Arab Emirates,Middle East,Investment,Yes,Social Media,3.0,51.0,1,1,0,50-59,3,Leveraged Investors,0.031669420157850514,-0.8585848437014927
CL100020,Individual,Male,India,South Asia,Personal use,No,Website,3.0,57.0,0,0,0,50-59,5,Cash Home Buyers,-0.6668040333713532,0.5192901882722025
CL100021,Individual,Male,United Kingdom,Europe - West,Personal use,Yes,Agent Referral,5.0,45.0,0,1,0,40-49,0,Mortgage Home Buyers,-2.1513709730109594,0.48949194881607655
CL100022,Individual,Female,Brazil,Latin America,Personal use,Yes,Social Media,3.0,39.0,0,1,0,30-39,0,Mortgage Home Buyers,-2.328392389329234,0.3468078486982282
CL100023,Individual,Female,Australia,Oceania,Investment,No,Website,4.0,39.0,1,0,0,30-39,1,Cash Investors,1.4167805635602166,-1.6394042893272665
CL100024,Individual,Male,India,South Asia,Personal use,Yes,Friend/Family,5.0,22.0,0,1,0,<30,0,Mortgage Home Buyers,-2.4055209615802244,-0.22707906108376935
CL100025,Individual,Female,United States,North America - West,Personal use,Yes,Website,4.0,56.0,0,1,0,50-59,0,Mortgage Home Buyers,-2.085642842583727,0.8490736081798502
CL100026,Individual,Male,Germany,Europe - West,Investment,No,Property Portal,3.0,38.0,1,0,0,30-39,1,Cash Investors,1.3520011195012713,-1.64579990579101
CL100027,Individual,Male,United States,North America - East,Personal use,No,Friend/Family,3.0,47.0,0,0,0,40-49,5,Cash Home Buyers,-0.7765429319151465,0.21017865250317835
CL100028,Individual,Male,United States,North America - East,Investment,Yes,Property Portal,5.0,49.0,1,1,0,40-49,3,Leveraged Investors,0.1210510424530557,-0.9654937091470412
CL100029,Individual,Female,India,South Asia,Personal use,Yes,Website,3.0,28.0,0,1,0,<30,0,Mortgage Home Buyers,-2.4504328870220466,0.0018557602297887984
CL100030,Individual,Female,India,South Asia,Personal use,Yes,Social Media,3.0,30.0,0,1,0,<30,0,Mortgage Home Buyers,-2.4278993774834503,0.06741687114049918
CL100031,Corporate,Not Specified,Brazil,Latin America,Personal use,Yes,Property Portal,4.0,55.0,0,1,1,50-59,4,Corporate Buyers,-0.45747575006725083,3.5425428934788488
CL100032,Individual,Male,United Kingdom,Europe - West,Investment,Yes,Social Media,3.0,45.0,1,1,0,40-49,3,Leveraged Investors,-0.034668571944959925,-1.0448454954066455
CL100033,Corporate,Not Specified,United Kingdom,Europe - West,Investment,No,Website,4.0,41.0,1,0,1,40-49,2,Corporate Investors,3.076627016211371,1.1445460230111772
CL100034,Individual,Female,Germany,Europe - West,Personal use,No,Website,3.0,40.0,0,0,0,30-39,5,Cash Home Buyers,-0.8547616776626497,-0.008448324892396815
CL100035,Individual,Male,United States,North America - East,Personal use,Yes,Social Media,3.0,53.0,0,1,0,50-59,0,Mortgage Home Buyers,-2.173603741089343,0.7814160360102512
CL100036,Individual,Male,United States,North America - West,Investment,No,Social Media,4.0,51.0,1,0,0,50-59,1,Cash Investors,1.5498773932701637,-1.2634087589079683
CL100037,Individual,Male,Germany,Europe - West,Investment,No,Property Portal,4.0,24.0,1,0,0,<30,1,Cash Investors,1.2524252192199172,-2.102406619777017
CL100038,Corporate,Not Specified,Canada,North America - East,Personal use,No,Property Portal,3.0,50.0,0,0,1,40-49,4,Corporate Buyers,0.8950250670423124,3.0264988218660482
CL100039,Individual,Male,United Arab Emirates,Middle East,Personal use,No,Friend/Family,3.0,52.0,0,0,0,50-59,5,Cash Home Buyers,-0.7212612718294709,0.36539586225747234
CL100040,Corporate,Not Specified,Germany,Europe - West,Investment,No,Event,4.0,58.0,1,0,1,50-59,2,Corporate Investors,3.2650977183509955,1.6746643115021318
CL100041,Individual,Female,Singapore,Southeast Asia,Investment,No,Friend/Family,3.0,27.0,1,0,0,<30,1,Cash Investors,1.229716253023616,-1.9886041823240237
CL100042,Corporate,Not Specified,India,South Asia,Investment,No,Website,5.0,57.0,1,0,1,50-59,2,Corporate Investors,3.30874107644407,1.6192425675509332
CL100043,Corporate,Not Specified,United Kingdom,Europe - West,Investment,No,Website,4.0,41.0,1,0,1,40-49,2,Corporate Investors,3.076627016211371,1.1445460230111772
CL100044,Individual,Female,Singapore,Southeast Asia,Personal use,Yes,Property Portal,3.0,25.0,0,1,0,<30,0,Mortgage Home Buyers,-2.482112247156725,-0.08862526680965672
CL100045,Individual,Male,Singapore,Southeast Asia,Personal use,Yes,Agent Referral,3.0,39.0,0,1,0,30-39,0,Mortgage Home Buyers,-2.328134461030844,0.34722835045889283
CL100046,Individual,Female,United Kingdom,Europe - West,Investment,No,Property Portal,3.0,76.0,1,0,0,60+,1,Cash Investors,1.7721417361524048,-0.46614911165837625
CL100047,Individual,Male,United Kingdom,Europe - West,Personal use,No,Website,3.0,42.0,0,0,0,40-49,5,Cash Home Buyers,-0.8326490136283795,0.05363855900932076
CL100048,Corporate,Not Specified,India,South Asia,Investment,No,Website,4.0,50.0,1,0,1,40-49,2,Corporate Investors,3.1761340043655872,1.4239370005689063
CL100049,Individual,Other,United States,North America - East,Personal use,Yes,Property Portal,3.0,29.0,0,1,0,<30,0,Mortgage Home Buyers,-2.437886919088185,0.035548500993778376
CL100050,Individual,Male,United States,North America - East,Investment,Yes,Property Portal,4.0,61.0,1,1,0,60+,3,Leveraged Investors,0.1985142787001394,-0.5709738790627513
CL100051,Individual,Male,United States,North America - East,Investment,No,Property Portal,4.0,51.0,1,0,0,50-59,1,Cash Investors,1.5509461836825646,-1.2642336871038304
CL100052,Individual,Female,India,South Asia,Investment,No,Website,5.0,56.0,1,0,0,50-59,1,Cash Investors,1.6599509558100507,-1.1336643028366515
CL100053,Corporate,Not Specified,United Arab Emirates,Middle East,Investment,No,Agent Referral,4.0,39.0,1,0,1,30-39,2,Corporate Investors,3.0551931259798173,1.086353867879117
CL100054,Individual,Male,India,South Asia,Investment,No,Friend/Family,5.0,54.0,1,0,0,50-59,1,Cash Investors,1.638662713403338,-1.1944283029988056
CL100055,Individual,Female,India,South Asia,Personal use,No,Property Portal,5.0,31.0,0,0,0,30-39,5,Cash Home Buyers,-0.8423535339830642,-0.32918705698496414
CL100056,Corporate,Not Specified,Germany,Europe - West,Personal use,No,Agent Referral,4.0,44.0,0,0,1,40-49,4,Corporate Buyers,0.8830889607840285,2.8194850734434374
CL100057,Individual,Female,United Arab Emirates,Middle East,Investment,No,Social Media,4.0,45.0,1,0,0,40-49,1,Cash Investors,1.4835394011673533,-1.449669410613121
CL100058,Individual,Male,United States,North America - West,Personal use,Yes,Website,3.0,57.0,0,1,0,50-59,0,Mortgage Home Buyers,-2.129799258525129,0.9021155768046936
CL100059,Individual,Female,United States,North America - West,Investment,No,Friend/Family,3.0,45.0,1,0,0,40-49,1,Cash Investors,1.4287302293320476,-1.4298222272085657
CL100060,Individual,Female,United Arab Emirates,Middle East,Personal use,Yes,Website,5.0,35.0,0,1,0,30-39,0,Mortgage Home Buyers,-2.2626130669850264,0.17516280053783126
CL100061,Individual,Male,Germany,Europe - West,Investment,No,Event,4.0,41.0,1,0,0,40-49,1,Cash Investors,1.4394062854428145,-1.5749376300991935
CL100062,Corporate,Not Specified,United Arab Emirates,Middle East,Investment,Yes,Website,4.0,38.0,1,1,1,30-39,2,Corporate Investors,1.58046279500619,1.4342410856910919
CL100063,Individual,Male,India,South Asia,Investment,No,Friend/Family,3.0,23.0,1,0,0,<30,1,Cash Investors,1.1854909249550758,-2.112777950127459
CL100064,Corporate,Not Specified,United Arab Emirates,Middle East,Investment,No,Property Portal,5.0,66.0,1,0,1,60+,2,Corporate Investors,3.4097377005150125,1.9012828439217928
CL100065,Corporate,Not Specified,United Arab Emirates,Middle East,Investment,No,Agent Referral,4.0,33.0,1,0,1,30-39,2,Corporate Investors,2.988855133877007,0.9000932161739645
CL100066,Corporate,Not Specified,United Arab Emirates,Middle East,Investment,No,Agent Referral,4.0,33.0,1,0,1,30-39,2,Corporate Investors,2.988855133877007,0.9000932161739645
CL100067,Individual,Female,United Kingdom,Europe - West,Investment,No,Social Media,3.0,51.0,1,0,0,50-59,1,Cash Investors,1.4946646453116263,-1.2414102322339837
CL100068,Individual,Male,United States,North America - West,Personal use,Yes,Friend/Family,5.0,56.0,0,1,0,50-59,0,Mortgage Home Buyers,-2.0296056729976315,0.8283979652454292
CL100069,Individual,Female,Germany,Europe - West,Investment,No,Friend/Family,3.0,47.0,1,0,0,40-49,1,Cash Investors,1.4508428933663178,-1.367735343306848
CL100070,Individual,Male,United States,North America - West,Personal use,Yes,Social Media,3.0,63.0,0,1,0,60+,0,Mortgage Home Buyers,-2.0630404209179924,1.0918504555188389
CL100071,Individual,Male,Germany,Europe - West,Investment,No,Website,5.0,47.0,1,0,0,40-49,1,Cash Investors,1.5604439676558346,-1.4130552803943806
CL100072,Individual,Female,Singapore,Southeast Asia,Personal use,Yes,Property Portal,4.0,44.0,0,1,0,40-49,0,Mortgage Home Buyers,-2.216829190872621,0.4792016035826755
CL100073,Individual,Male,Canada,North America - East,Personal use,Yes,Website,3.0,44.0,0,1,0,40-49,0,Mortgage Home Buyers,-2.273531574747885,0.49855083144352935
CL100074,Individual,Female,United States,North America - East,Investment,No,Social Media,3.0,27.0,1,0,0,<30,1,Cash Investors,1.2293126769003844,-1.9864528390545946
CL100075,Individual,Female,United Kingdom,Europe - West,Personal use,Yes,Property Portal,2.0,52.0,0,1,0,50-59,0,Mortgage Home Buyers,-2.238804030652615,0.7715461925375149
CL100076,Individual,Male,United Kingdom,Europe - West,Personal use,No,Property Portal,4.0,22.0,0,0,0,<30,5,Cash Home Buyers,-0.9970732700958173,-0.5865795078687086
CL100077,Individual,Male,United Arab Emirates,Middle East,Investment,Yes,Website,4.0,35.0,1,1,0,30-39,3,Leveraged Investors,-0.09043998966209955,-1.3807526685982106
CL100078,Corporate,Not Specified,United Arab Emirates,Middle East,Investment,No,Agent Referral,5.0,36.0,1,0,1,30-39,2,Corporate Investors,3.0772368778869494,0.9712250153525563
CL100079,Individual,Female,India,South Asia,Personal use,Yes,Social Media,2.0,32.0,0,1,0,30-39,0,Mortgage Home Buyers,-2.460999461407717,0.1515022817162014
CL100080,Corporate,Not Specified,United Arab Emirates,Middle East,Investment,No,Agent Referral,3.0,34.0,1,0,1,30-39,2,Corporate Investors,2.944698717935605,0.9531351847988079
CL100081,Corporate,Not Specified,Germany,Europe - West,Investment,No,Friend/Family,4.0,36.0,1,0,1,30-39,2,Corporate Investors,3.0221697777532537,0.9906516969964471
CL100082,Individual,Female,Singapore,Southeast Asia,Investment,No,Social Media,5.0,53.0,1,0,0,50-59,1,Cash Investors,1.6272028052629712,-1.2233204016802353
CL100083,Individual,Female,United States,North America - East,Personal use,Yes,Agent Referral,5.0,34.0,0,1,0,30-39,0,Mortgage Home Buyers,-2.272990625199445,0.14801408735662985
CL100084,Individual,Female,United States,North America - East,Personal use,No,Agent Referral,4.0,36.0,0,0,0,30-39,5,Cash Home Buyers,-0.8430954839699366,-0.15072589060015895
CL100085,Individual,Male,United States,North America - West,Personal use,Yes,Friend/Family,3.0,26.0,0,1,0,<30,0,Mortgage Home Buyers,-2.471721129428759,-0.058908239932365165
CL100086,Individual,Male,India,South Asia,Personal use,Yes,Property Portal,2.0,48.0,0,1,0,40-49,0,Mortgage Home Buyers,-2.2830293587211554,0.6473724247340797
CL100087,Individual,Male,Germany,Europe - West,Investment,No,Agent Referral,4.0,39.0,1,0,0,30-39,1,Cash Investors,1.4174593373629327,-1.635509560557609
CL100088,Corporate,Not Specified,United States,North America - West,Investment,No,Website,4.0,47.0,1,0,1,40-49,2,Corporate Investors,3.142965008314182,1.33080667471633
CL100089,Corporate,Not Specified,France,Europe - West,Personal use,No,Agent Referral,4.0,63.0,0,0,1,60+,4,Corporate Buyers,1.0931592691095953,3.4093104705097543
CL100090,Corporate,Not Specified,United States,North America - East,Investment,No,Friend/Family,4.0,32.0,1,0,1,30-39,2,Corporate Investors,2.9779444496847134,0.8664779291930119
CL100091,Individual,Male,India,South Asia,Investment,No,Friend/Family,3.0,52.0,1,0,0,50-59,1,Cash Investors,1.5061245534519931,-1.2125181335525541
CL100092,Individual,Male,Germany,Europe - West,Investment,No,Property Portal,3.0,40.0,1,0,0,30-39,1,Cash Investors,1.3741137835355415,-1.5837130218892925
CL100093,Corporate,Not Specified,United Kingdom,Europe - West,Investment,No,Unknown,5.0,48.0,1,0,1,40-49,2,Corporate Investors,3.2096997033886105,1.3429546851381806
CL100094,Individual,Female,United Kingdom,Europe - West,Personal use,Yes,Social Media,3.0,63.0,0,1,0,60+,0,Mortgage Home Buyers,-2.0630404209179924,1.0918504555188389
CL100095,Individual,Female,United Arab Emirates,Middle East,Personal use,No,Property Portal,4.0,42.0,0,0,0,40-49,5,Cash Home Buyers,-0.7759466297531153,0.034289331148466995
CL100096,Individual,Male,United Kingdom,Europe - West,Investment,Yes,Agent Referral,4.0,49.0,1,1,0,40-49,3,Leveraged Investors,0.0650274323805079,-0.9422497525165301
CL100097,Individual,Male,United States,North America - East,Investment,No,Social Media,4.0,36.0,1,0,0,30-39,1,Cash Investors,1.3840324130131374,-1.72906038817085
CL100098,Individual,Male,United States,North America - East,Investment,No,Social Media,4.0,49.0,1,0,0,40-49,1,Cash Investors,1.5277647292358936,-1.3254956428096858
CL100099,Individual,Female,Brazil,Latin America,Personal use,Yes,Friend/Family,4.0,24.0,0,1,0,<30,0,Mortgage Home Buyers,-2.4386210455044917,-0.14299365050806717
CL100100,Individual,Female,Australia,Oceania,Personal use,No,Property Portal,3.0,35.0,0,0,0,30-39,5,Cash Home Buyers,-0.9085537018315982,-0.16101623583356
CL100101,Individual,Male,India,South Asia,Investment,No,Agent Referral,4.0,28.0,1,0,0,<30,1,Cash Investors,1.295839685174447,-1.9769874220170558
CL100102,Individual,Female,Canada,North America - East,Personal use,Yes,Property Portal,5.0,34.0,0,1,0,30-39,0,Mortgage Home Buyers,-2.272179763085435,0.14676865740010314
CL100103,Individual,Female,Brazil,Latin America,Investment,No,Property Portal,3.0,54.0,1,0,0,50-59,1,Cash Investors,1.5289024317754327,-1.1491048345772696
CL100104,Individual,Female,India,South Asia,Personal use,Yes,Event,4.0,34.0,0,1,0,30-39,0,Mortgage Home Buyers,-2.328369089112371,0.16849766058731222
CL100105,Corporate,Not Specified,India,South Asia,Investment,No,Social Media,5.0,61.0,1,0,1,60+,2,Corporate Investors,3.3533872500169366,1.746890562363361
CL100106,Individual,Male,Germany,Europe - West,Investment,Yes,Unknown,4.0,58.0,1,1,0,50-59,3,Leveraged Investors,0.16432126183076384,-0.6636504085834819
CL100107,Individual,Female,Canada,North America - East,Personal use,Yes,Property Portal,4.0,41.0,0,1,0,40-49,0,Mortgage Home Buyers,-2.249998186924026,0.3860712777300992
CL100108,Individual,Male,United States,North America - West,Personal use,Yes,Friend/Family,5.0,51.0,0,1,0,50-59,0,Mortgage Home Buyers,-2.0848873330833073,0.6731807554911353
CL100109,Individual,Female,Australia,Oceania,Investment,Yes,Agent Referral,4.0,46.0,1,1,0,40-49,3,Leveraged Investors,0.03185843632910267,-1.0353800783691065
CL100110,Corporate,Not Specified,Germany,Europe - West,Investment,No,Property Portal,4.0,36.0,1,0,1,30-39,2,Corporate Investors,3.0228349920424225,0.9919781120700143
CL100111,Individual,Male,United States,North America - East,Personal use,Yes,Friend/Family,3.0,49.0,0,1,0,40-49,0,Mortgage Home Buyers,-2.2174254930346518,0.6550909249373869
CL100112,Individual,Male,United Kingdom,Europe - West,Investment,Yes,Social Media,4.0,61.0,1,1,0,60+,3,Leveraged Investors,0.1974454882877386,-0.5701489508668893
CL100113,Individual,Male,United Arab Emirates,Middle East,Personal use,No,Event,5.0,33.0,0,0,0,30-39,5,Cash Home Buyers,-0.821217448017193,-0.2673696965700221
CL100114,Individual,Male,United States,North America - West,Personal use,No,Agent Referral,4.0,31.0,0,0,0,30-39,5,Cash Home Buyers,-0.898377144055612,-0.30594310035445293
CL100115,Corporate,Not Specified,Singapore,Southeast Asia,Investment,Yes,Friend/Family,2.0,50.0,1,1,1,40-49,2,Corporate Investors,1.6035377049222943,1.85208232618893
CL100116,Corporate,Not Specified,India,South Asia,Personal use,No,Agent Referral,5.0,62.0,0,0,1,60+,4,Corporate Buyers,1.1373156850509973,3.3562685018849105
CL100117,Corporate,Not Specified,India,South Asia,Investment,No,Social Media,3.0,62.0,1,0,1,60+,2,Corporate Investors,3.254018086116997,1.821931057662189
CL100118,Corporate,Not Specified,Germany,Europe - West,Investment,Yes,Agent Referral,4.0,30.0,1,1,1,<30,2,Corporate Investors,1.4926909126718255,1.189788278853879
CL100119,Individual,Male,United Arab Emirates,Middle East,Personal use,Yes,Agent Referral,4.0,22.0,0,1,0,<30,0,Mortgage Home Buyers,-2.4608793573636034,-0.2025086893796909
CL100120,Corporate,Not Specified,United Arab Emirates,Middle East,Investment,No,Agent Referral,5.0,64.0,1,0,1,60+,2,Corporate Investors,3.386814174366732,1.8404413899766021
CL100121,Individual,Male,United Arab Emirates,Middle East,Personal use,Yes,Website,3.0,48.0,0,1,0,40-49,0,Mortgage Home Buyers,-2.2293062466793447,0.6227245992469645
CL100122,Corporate,Not Specified,United States,North America - East,Personal use,Yes,Website,3.0,37.0,0,1,1,30-39,4,Corporate Buyers,-0.7131921102509464,3.003110166224244
CL100123,Individual,Female,Germany,Europe - West,Investment,No,Friend/Family,4.0,43.0,1,0,0,40-49,1,Cash Investors,1.4618303132563146,-1.5139076377842677
CL100124,Individual,Male,United States,North America - West,Personal use,Yes,Agent Referral,3.0,35.0,0,1,0,30-39,0,Mortgage Home Buyers,-2.3723597890993844,0.2230545826554577
CL100125,Individual,Female,France,Europe - West,Investment,No,Website,5.0,53.0,1,0,0,50-59,1,Cash Investors,1.6267819597586453,-1.226794628689228
CL100126,Corporate,Not Specified,United Kingdom,Europe - West,Investment,No,Website,3.0,46.0,1,0,1,40-49,2,Corporate Investors,3.0766959283385096,1.3217617594394557
CL100127,Individual,Male,United States,North America - West,Personal use,No,Website,5.0,48.0,0,0,0,40-49,5,Cash Home Buyers,-0.6558855256084946,0.1959021573665045
CL100128,Individual,Female,United States,North America - East,Investment,No,Website,4.0,42.0,1,0,0,40-49,1,Cash Investors,1.4499495596116219,-1.54627396347469
CL100129,Individual,Female,United Arab Emirates,Middle East,Personal use,Yes,Event,3.0,46.0,0,1,0,40-49,0,Mortgage Home Buyers,-2.250905852865287,0.5630174906716022
CL100130,Corporate,Not Specified,United States,North America - West,Investment,No,Social Media,4.0,57.0,1,0,1,50-59,2,Corporate Investors,3.253949173989859,1.6447153212339105
CL100131,Individual,Male,Australia,Oceania,Personal use,Yes,Agent Referral,4.0,31.0,0,1,0,30-39,0,Mortgage Home Buyers,-2.3613723692093878,0.07688228817803802
CL100132,Individual,Female,United Arab Emirates,Middle East,Personal use,Yes,Social Media,3.0,45.0,0,1,0,40-49,0,Mortgage Home Buyers,-2.2620543972264238,0.5330685004033809
CL100133,Individual,Other,United Kingdom,Europe - West,Personal use,Yes,Website,4.0,50.0,0,1,0,40-49,0,Mortgage Home Buyers,-2.1519808346865372,0.6628129564746974
CL100134,Individual,Female,United Arab Emirates,Middle East,Investment,Yes,Friend/Family,4.0,53.0,1,1,0,50-59,3,Leveraged Investors,0.10939840827388973,-0.8206478297431888
CL100135,Individual,Male,United States,North America - West,Personal use,Yes,Event,3.0,46.0,0,1,0,40-49,0,Mortgage Home Buyers,-2.250905852865287,0.5630174906716022
CL100136,Individual,Male,Brazil,Latin America,Personal use,Yes,Website,4.0,31.0,0,1,0,30-39,0,Mortgage Home Buyers,-2.362051143012104,0.07298755940838059
CL100137,Corporate,Not Specified,France,Europe - West,Investment,No,Website,2.0,34.0,1,0,1,30-39,2,Corporate Investors,2.8888071961743513,0.9712389827031348
CL100138,Corporate,Not Specified,India,South Asia,Investment,No,Social Media,2.0,43.0,1,0,1,40-49,2,Corporate Investors,2.988735029832893,1.2541041872698566
CL100139,Corporate,Not Specified,United States,North America - West,Personal use,No,Website,4.0,55.0,0,0,1,50-59,4,Corporate Buyers,1.0040298391697984,3.1570682061332267
CL100140,Individual,Male,France,Europe - West,Investment,Yes,Website,3.0,39.0,1,1,0,30-39,3,Leveraged Investors,-0.1014274095520964,-1.2345803741207908
CL100141,Individual,Female,France,Europe - West,Investment,Yes,Friend/Family,3.0,29.0,1,1,0,<30,3,Leveraged Investors,-0.21116630809588963,-1.543691909889815
CL100142,Individual,Male,Australia,Oceania,Personal use,No,Social Media,4.0,29.0,0,0,0,<30,5,Cash Home Buyers,-0.9207477363882723,-0.3684504860168351
CL100143,Corporate,Not Specified,United Arab Emirates,Middle East,Investment,No,Agent Referral,4.0,43.0,1,0,1,40-49,2,Corporate Investors,3.0994184540483576,1.2105276356825523
CL100144,Individual,Female,Germany,Europe - West,Personal use,No,Property Portal,3.0,23.0,0,0,0,<30,5,Cash Home Buyers,-1.0412296860372192,-0.5335375392438653
CL100145,Individual,Other,Canada,North America - East,Personal use,Yes,Website,2.0,39.0,0,1,0,30-39,0,Mortgage Home Buyers,-2.3840259827920978,0.36533214836321987
CL100146,Individual,Female,United Kingdom,Europe - West,Personal use,Yes,Agent Referral,2.0,66.0,0,1,0,60+,0,Mortgage Home Buyers,-2.084826244526734,1.2073998098060643
CL100147,Individual,Male,France,Europe - West,Personal use,Yes,Friend/Family,4.0,61.0,0,1,0,60+,0,Mortgage Home Buyers,-2.0295367608704935,1.0056137016737077
CL100148,Individual,Female,Germany,Europe - West,Personal use,Yes,Social Media,4.0,30.0,0,1,0,<30,0,Mortgage Home Buyers,-2.372686629524913,0.04541834446651471
CL100149,Individual,Male,United States,North America - West,Personal use,Yes,Social Media,4.0,42.0,0,1,0,40-49,0,Mortgage Home Buyers,-2.2400106453192916,0.41793964787682003
CL100150,Individual,Other,Singapore,Southeast Asia,Personal use,Yes,Unknown,3.0,24.0,0,1,0,<30,0,Mortgage Home Buyers,-2.4941925999918304,-0.1192149124286697
CL100151,Individual,Male,Australia,Oceania,Personal use,No,Friend/Family,4.0,27.0,0,0,0,<30,5,Cash Home Buyers,-0.9424568242993108,-0.43268871318798185
CL100152,Individual,Female,United States,North America - East,Investment,No,Property Portal,4.0,28.0,1,0,0,<30,1,Cash Investors,1.2966505472884577,-1.9782328519735826
CL100153,Corporate,Not Specified,United Arab Emirates,Middle East,Investment,No,Social Media,4.0,50.0,1,0,1,40-49,2,Corporate Investors,3.1765548498699134,1.427411227577899
CL100154,Individual,Male,United States,North America - East,Personal use,Yes,Agent Referral,4.0,39.0,0,1,0,30-39,0,Mortgage Home Buyers,-2.272921713072307,0.32522982378490833
CL100155,Individual,Female,India,South Asia,Investment,No,Friend/Family,4.0,43.0,1,0,0,40-49,1,Cash Investors,1.4618303132563146,-1.5139076377842677
CL100156,Corporate,Not Specified,United Kingdom,Europe - West,Investment,No,Agent Referral,3.0,46.0,1,0,1,40-49,2,Corporate Investors,3.077374702141226,1.325656488209113
CL100157,Individual,Male,United Arab Emirates,Middle East,Investment,No,Friend/Family,5.0,37.0,1,0,0,30-39,1,Cash Investors,1.4507050691120416,-1.722166816163405
CL100158,Individual,Male,India,South Asia,Investment,No,Agent Referral,5.0,42.0,1,0,0,40-49,1,Cash Investors,1.5058410813728753,-1.5643777613790173
CL100159,Individual,Male,India,South Asia,Personal use,Yes,Social Media,5.0,28.0,0,1,0,<30,0,Mortgage Home Buyers,-2.3395865456006457,-0.03866706610918747
CL100160,Corporate,Not Specified,United States,North America - West,Investment,Yes,Friend/Family,4.0,46.0,1,1,1,40-49,2,Corporate Investors,1.6697378727708285,1.683911505037526
CL100161,Individual,Female,Australia,Oceania,Personal use,No,Social Media,3.0,24.0,0,0,0,<30,5,Cash Home Buyers,-1.031242144432485,-0.5016691690971445
CL100162,Individual,Male,Canada,North America - East,Personal use,Yes,Website,3.0,48.0,0,1,0,40-49,0,Mortgage Home Buyers,-2.2293062466793447,0.6227245992469645
CL100163,Individual,Female,United States,North America - East,Investment,Yes,Agent Referral,4.0,37.0,1,1,0,30-39,3,Leveraged Investors,-0.0676485518251132,-1.3147710559268357
CL100164,Individual,Female,United Arab Emirates,Middle East,Investment,No,Property Portal,4.0,22.0,1,0,0,<30,1,Cash Investors,1.230312555185647,-2.164493503678735
CL100165,Individual,Female,United Kingdom,Europe - West,Personal use,Yes,Event,3.0,40.0,0,1,0,30-39,0,Mortgage Home Buyers,-2.3172438449680977,0.3767568389664494
CL100166,Individual,Male,Singapore,Southeast Asia,Investment,No,Social Media,3.0,27.0,1,0,0,<30,1,Cash Investors,1.2293126769003844,-1.9864528390545946
CL100167,Individual,Female,Singapore,Southeast Asia,Personal use,Yes,Website,4.0,60.0,0,1,0,50-59,0,Mortgage Home Buyers,-2.0414175145151865,0.9732473759832854
CL100168,Corporate,Not Specified,United Kingdom,Europe - West,Investment,No,Agent Referral,1.0,45.0,1,0,1,40-49,2,Corporate Investors,2.955892874207016,1.3386100996062233
CL100169,Individual,Female,Brazil,Latin America,Investment,Yes,Social Media,4.0,49.0,1,1,0,40-49,3,Leveraged Investors,0.06476950408211775,-0.9426702542771948
CL100170,Individual,Female,United Kingdom,Europe - West,Investment,Yes,Website,3.0,52.0,1,1,0,50-59,3,Leveraged Investors,0.04230490667065953,-0.8310156287596266
CL100171,Corporate,Not Specified,France,Europe - West,Investment,Yes,Property Portal,4.0,52.0,1,1,1,50-59,2,Corporate Investors,1.7367410791628082,1.8714985718162456
CL100172,Individual,Male,Canada,North America - East,Personal use,Yes,Social Media,4.0,42.0,0,1,0,40-49,0,Mortgage Home Buyers,-2.2400106453192916,0.41793964787682003
CL100173,Corporate,Not Specified,Australia,Oceania,Investment,No,Unknown,5.0,58.0,1,0,1,50-59,2,Corporate Investors,3.3202630235599617,1.6533891046467684
CL100174,Corporate,Not Specified,United States,North America - East,Investment,No,Agent Referral,4.0,49.0,1,0,1,40-49,2,Corporate Investors,3.1657564461511685,1.3967882873877049
CL100175,Corporate,Not Specified,United States,North America - East,Investment,No,Website,3.0,34.0,1,0,1,30-39,2,Corporate Investors,2.9440199441328887,0.9492404560291504
CL100176,Individual,Male,Germany,Europe - West,Personal use,Yes,Social Media,3.0,27.0,0,1,0,<30,0,Mortgage Home Buyers,-2.4610683735348555,-0.025713454712077102
CL100177,Individual,Female,Brazil,Latin America,Personal use,Yes,Social Media,4.0,48.0,0,1,0,40-49,0,Mortgage Home Buyers,-2.173672653216481,0.6042002995819727
CL100178,Individual,Female,Australia,Oceania,Investment,Yes,Agent Referral,3.0,35.0,1,1,0,30-39,3,Leveraged Investors,-0.14497396381792063,-1.3548594131545686
CL100179,Individual,Male,India,South Asia,Investment,Yes,Friend/Family,5.0,45.0,1,1,0,40-49,3,Leveraged Investors,0.07616050009534629,-1.0909938920240436
CL100180,Individual,Male,Australia,Oceania,Investment,Yes,Agent Referral,4.0,52.0,1,1,0,50-59,3,Leveraged Investors,0.09819642843191312,-0.8491194266639538
CL100181,Individual,Female,Australia,Oceania,Personal use,Yes,Social Media,4.0,49.0,0,1,0,40-49,0,Mortgage Home Buyers,-2.162616321199346,0.6352437415328315
CL100182,Corporate,Not Specified,France,Europe - West,Investment,No,Property Portal,2.0,40.0,1,0,1,30-39,2,Corporate Investors,2.9566348241938885,1.160148933221418
CL100183,Individual,Male,United Kingdom,Europe - West,Investment,No,Agent Referral,3.0,49.0,1,0,0,40-49,1,Cash Investors,1.4728099095757463,-1.3030766143750367
CL100184,Individual,Male,India,South Asia,Investment,Yes,Agent Referral,2.0,48.0,1,1,0,40-49,3,Leveraged Investors,-0.05645439555370169,-0.9292961411194198
CL100185,Individual,Male,United Arab Emirates,Middle East,Personal use,Yes,Property Portal,4.0,58.0,0,1,0,50-59,0,Mortgage Home Buyers,-2.06204054263273,0.9138097908946985
CL100186,Individual,Other,United Kingdom,Europe - West,Investment,No,Agent Referral,4.0,40.0,1,0,0,30-39,1,Cash Investors,1.4285156693800678,-1.6044661186067501
CL100187,Individual,Male,United States,North America - East,Personal use,Yes,Agent Referral,4.0,43.0,0,1,0,40-49,0,Mortgage Home Buyers,-2.2286963850037664,0.4494035915883435
CL100188,Individual,Male,India,South Asia,Investment,Yes,Property Portal,4.0,51.0,1,1,0,50-59,3,Leveraged Investors,0.0879509585287887,-0.8814082985713392
CL100189,Corporate,Not Specified,Canada,North America - East,Investment,No,Social Media,4.0,46.0,1,0,1,40-49,2,Corporate Investors,3.132329521801373,1.303237459774464
CL100190,Individual,Male,Australia,Oceania,Personal use,Yes,Property Portal,3.0,27.0,0,1,0,<30,0,Mortgage Home Buyers,-2.459999583122455,-0.0265383829079392
CL100191,Individual,Male,Canada,North America - East,Investment,No,Social Media,4.0,47.0,1,0,0,40-49,1,Cash Investors,1.5056520652016234,-1.3875825267114035
CL100192,Individual,Other,United States,North America - East,Personal use,No,Social Media,4.0,39.0,0,0,0,30-39,5,Cash Home Buyers,-0.8101844162169216,-0.058016066508247206
CL100193,Individual,Female,Singapore,Southeast Asia,Investment,No,Website,4.0,28.0,1,0,0,<30,1,Cash Investors,1.2951609113717308,-1.9808821507867131
CL100194,Individual,Male,United States,North America - East,Investment,No,Website,4.0,47.0,1,0,0,40-49,1,Cash Investors,1.5052312196972975,-1.3910567537203962
CL100195,Individual,Male,United States,North America - West,Personal use,Yes,Social Media,5.0,57.0,0,1,0,50-59,0,Mortgage Home Buyers,-2.018952917103728,0.8615927504657171
CL100196,Corporate,Not Specified,United Arab Emirates,Middle East,Investment,No,Website,5.0,50.0,1,0,1,40-49,2,Corporate Investors,3.231346752324124,1.4019384738949219
CL100197,Individual,Male,Singapore,Southeast Asia,Personal use,Yes,Social Media,2.0,52.0,0,1,0,50-59,0,Mortgage Home Buyers,-2.2398728210650156,0.7723711207333769
CL100198,Individual,Female,United States,North America - West,Personal use,Yes,Agent Referral,4.0,23.0,0,1,0,<30,0,Mortgage Home Buyers,-2.4498230253464683,-0.17146524742883207
CL100199,Individual,Male,United Kingdom,Europe - West,Personal use,Yes,Website,3.0,36.0,0,1,0,30-39,0,Mortgage Home Buyers,-2.3619822308849656,0.25020329583665907
CL100200,Individual,Female,India,South Asia,Investment,No,Social Media,5.0,62.0,1,0,0,60+,1,Cash Investors,1.726709793417187,-0.9439294241225062
CL100201,Corporate,Not Specified,Brazil,Latin America,Investment,No,Friend/Family,4.0,36.0,1,0,1,30-39,2,Corporate Investors,3.0221697777532537,0.9906516969964471
CL100202,Individual,Male,France,Europe - West,Investment,No,Agent Referral,4.0,41.0,1,0,0,40-49,1,Cash Investors,1.4395720013972029,-1.5734226766558914
CL100203,Corporate,Not Specified,United States,North America - East,Personal use,Yes,Property Portal,2.0,50.0,0,1,1,40-49,4,Corporate Buyers,-0.6231829060700008,3.4313227370725237
CL100204,Individual,Male,United States,North America - East,Personal use,No,Website,3.0,22.0,0,0,0,<30,5,Cash Home Buyers,-1.0537756539710812,-0.5672302800078549
CL100205,Individual,Male,Canada,North America - East,Investment,Yes,Website,5.0,42.0,1,1,0,40-49,3,Leveraged Investors,0.04216708241638331,-1.1854471016161836
CL100206,Individual,Female,United States,North America - West,Personal use,Yes,Property Portal,4.0,42.0,0,1,0,40-49,0,Mortgage Home Buyers,-2.238941854906891,0.4171147196809579
CL100207,Individual,Male,India,South Asia,Investment,No,Property Portal,3.0,62.0,1,0,0,60+,1,Cash Investors,1.6173530879125133,-0.9007572989703991
CL100208,Corporate,Not Specified,United States,North America - East,Investment,No,Agent Referral,4.0,44.0,1,0,1,40-49,2,Corporate Investors,3.110474786065493,1.241571077633411
CL100209,Individual,Female,France,Europe - West,Personal use,Yes,Agent Referral,3.0,36.0,0,1,0,30-39,0,Mortgage Home Buyers,-2.3613034570822493,0.25409802460631653
CL100210,Corporate,Not Specified,India,South Asia,Investment,No,Property Portal,4.0,47.0,1,0,1,40-49,2,Corporate Investors,3.1444546442309087,1.3334559735294607
CL100211,Corporate,Not Specified,United Arab Emirates,Middle East,Investment,No,Social Media,3.0,56.0,1,0,1,50-59,2,Corporate Investors,3.1876800940141865,1.6356704059570362
CL100212,Individual,Male,United States,North America - East,Investment,No,Website,3.0,54.0,1,0,0,50-59,1,Cash Investors,1.5274127958587058,-1.1517541333904002
CL100213,Individual,Female,Singapore,Southeast Asia,Personal use,Yes,Website,3.0,41.0,0,1,0,40-49,0,Mortgage Home Buyers,-2.3067005707992903,0.40542050559095294
CL100214,Individual,Male,India,South Asia,Personal use,No,Website,5.0,34.0,0,0,0,30-39,5,Cash Home Buyers,-0.8106741738483856,-0.23870602994551857
CL100215,Individual,Male,India,South Asia,Investment,No,Property Portal,4.0,36.0,1,0,0,30-39,1,Cash Investors,1.3851012034255383,-1.729885316366712
CL100216,Corporate,Not Specified,United States,North America - East,Personal use,Yes,Social Media,4.0,55.0,0,1,1,50-59,4,Corporate Buyers,-0.45854454047965165,3.543367821674711
CL100217,Individual,Female,United States,North America - East,Personal use,No,Agent Referral,4.0,35.0,0,0,0,30-39,5,Cash Home Buyers,-0.8541518159870717,-0.1817693325510178
CL100218,Corporate,Not Specified,Australia,Oceania,Personal use,No,Website,5.0,39.0,0,0,1,30-39,4,Corporate Buyers,0.8823412748541741,2.6383746082455017
CL100219,Individual,Female,United Kingdom,Europe - West,Personal use,No,Website,3.0,38.0,0,0,0,30-39,5,Cash Home Buyers,-0.8768743416969198,-0.07053520879411435
CL100220,Individual,Male,United Kingdom,Europe - West,Investment,No,Friend/Family,3.0,38.0,1,0,0,30-39,1,Cash Investors,1.3513359052121021,-1.647126320864577
CL100221,Individual,Male,France,Europe - West,Personal use,Yes,Property Portal,4.0,33.0,0,1,0,30-39,0,Mortgage Home Buyers,-2.3384488430611072,0.1377237421232289
CL100222,Individual,Male,United Arab Emirates,Middle East,Investment,No,Social Media,4.0,42.0,1,0,0,40-49,1,Cash Investors,1.4503704051159478,-1.5427997364656973
CL100223,Corporate,Not Specified,Brazil,Latin America,Investment,No,Property Portal,4.0,64.0,1,0,1,60+,2,Corporate Investors,3.332412288522205,1.86119448669406
CL100224,Individual,Female,United Kingdom,Europe - West,Personal use,Yes,Agent Referral,4.0,34.0,0,1,0,30-39,0,Mortgage Home Buyers,-2.3282033731579825,0.17001261403061435
CL100225,Corporate,Not Specified,Australia,Oceania,Investment,No,Social Media,5.0,40.0,1,0,1,30-39,2,Corporate Investors,3.1212042776570996,1.0949782813953266
CL100226,Corporate,Not Specified,United States,North America - East,Investment,No,Agent Referral,5.0,51.0,1,0,1,50-59,2,Corporate Investors,3.2430818581439755,1.436876644615438
CL100227,Corporate,Not Specified,United Arab Emirates,Middle East,Personal use,No,Website,3.0,58.0,0,0,1,50-59,4,Corporate Buyers,0.9819860872626662,3.2721970586597875
CL100228,Individual,Male,United Arab Emirates,Middle East,Investment,No,Social Media,2.0,29.0,1,0,0,<30,1,Cash Investors,1.1962125929761174,-1.9023674284788925
CL100229,Corporate,Not Specified,United States,North America - East,Investment,No,Property Portal,3.0,55.0,1,0,1,50-59,2,Corporate Investors,3.177692552409452,1.6038020358103153
CL100230,Individual,Female,United States,North America - West,Personal use,No,Website,3.0,29.0,0,0,0,<30,5,Cash Home Buyers,-0.9763813298511357,-0.3499261863518434
CL100231,Individual,Female,Germany,Europe - West,Personal use,Yes,Social Media,4.0,52.0,0,1,0,50-59,0,Mortgage Home Buyers,-2.129447325147941,0.7283740673854079
CL100232,Individual,Female,Brazil,Latin America,Investment,Yes,Property Portal,4.0,37.0,1,1,0,30-39,3,Leveraged Investors,-0.06683768971110254,-1.3160164858833625
CL100233,Individual,Female,United Arab Emirates,Middle East,Personal use,Yes,Property Portal,3.0,43.0,0,1,0,40-49,0,Mortgage Home Buyers,-2.2830982708482934,0.4701566883058014
CL100234,Individual,Female,Australia,Oceania,Personal use,No,Social Media,3.0,63.0,0,0,0,60+,5,Cash Home Buyers,-0.6000451957642167,0.7090250669863479
CL100235,Individual,Male,Singapore,Southeast Asia,Personal use,No,Website,3.0,41.0,0,0,0,40-49,5,Cash Home Buyers,-0.8437053456455146,0.022595117058462025
CL100236,Individual,Female,Germany,Europe - West,Investment,Yes,Property Portal,4.0,49.0,1,1,0,40-49,3,Leveraged Investors,0.06583829449451856,-0.9434951824730567
CL100237,Corporate,Not Specified,India,South Asia,Investment,No,Website,4.0,37.0,1,0,1,30-39,2,Corporate Investors,3.032401688142831,1.020372255207742
CL100238,Individual,Female,United States,North America - West,Personal use,Yes,Agent Referral,5.0,35.0,0,1,0,30-39,0,Mortgage Home Buyers,-2.26193429318231,0.1790575293074887
CL100239,Individual,Female,United States,North America - East,Investment,No,Website,4.0,53.0,1,0,0,50-59,1,Cash Investors,1.571569211800108,-1.2047961020152436
CL100240,Individual,Female,Singapore,Southeast Asia,Personal use,Yes,Social Media,4.0,32.0,0,1,0,30-39,0,Mortgage Home Buyers,-2.350573965490643,0.10750522836823226
CL100241,Individual,Female,India,South Asia,Personal use,Yes,Social Media,2.0,55.0,0,1,0,50-59,0,Mortgage Home Buyers,-2.2067038250136104,0.8655014465859533
CL100242,Corporate,Not Specified,Canada,North America - East,Investment,No,Property Portal,3.0,43.0,1,0,1,40-49,2,Corporate Investors,3.045016568203831,1.2312807324000101
CL100243,Individual,Female,France,Europe - West,Personal use,Yes,Social Media,4.0,36.0,0,1,0,30-39,0,Mortgage Home Buyers,-2.3063486374221025,0.23167899617166743
CL100244,Individual,Male,United Arab Emirates,Middle East,Personal use,Yes,Event,3.0,29.0,0,1,0,<30,0,Mortgage Home Buyers,-2.438863497156584,0.03527897750700295
CL100245,Corporate,Not Specified,Singapore,Southeast Asia,Personal use,No,Social Media,3.0,30.0,0,0,1,<30,4,Corporate Buyers,0.6728296362872097,2.406454911044735
CL100246,Corporate,Not Specified,United Arab Emirates,Middle East,Investment,No,Social Media,5.0,33.0,1,0,1,30-39,2,Corporate Investors,3.043809953537154,0.8776741877393153
CL100247,Individual,Male,Germany,Europe - West,Investment,Yes,Website,3.0,23.0,1,1,0,<30,3,Leveraged Investors,-0.27832872182625784,-1.7312754453345314
CL100248,Individual,Female,United Kingdom,Europe - West,Personal use,Yes,Website,4.0,38.0,0,1,0,30-39,0,Mortgage Home Buyers,-2.2846568188921585,0.29029165306439203
CL100249,Individual,Female,Germany,Europe - West,Personal use,Yes,Social Media,4.0,36.0,0,1,0,30-39,0,Mortgage Home Buyers,-2.3063486374221025,0.23167899617166743
CL100250,Individual,Male,United Arab Emirates,Middle East,Personal use,No,Friend/Family,4.0,50.0,0,0,0,40-49,5,Cash Home Buyers,-0.6881611879052039,0.28131045168177005
CL100251,Corporate,Not Specified,Singapore,Southeast Asia,Investment,No,Agent Referral,5.0,66.0,1,0,1,60+,2,Corporate Investors,3.408926838401002,1.9025282738783196
CL100252,Individual,Female,Germany,Europe - West,Investment,No,Social Media,3.0,34.0,1,0,0,30-39,1,Cash Investors,1.30670700102033,-1.769148745398583
CL100253,Corporate,Not Specified,Canada,North America - East,Investment,No,Agent Referral,5.0,39.0,1,0,1,30-39,2,Corporate Investors,3.1104058739383547,1.0643553412051325
CL100254,Individual,Female,Canada,North America - East,Investment,No,Agent Referral,4.0,39.0,1,0,0,30-39,1,Cash Investors,1.4174593373629327,-1.635509560557609
CL100255,Individual,Other,India,South Asia,Personal use,Yes,Agent Referral,4.0,58.0,0,1,0,50-59,0,Mortgage Home Buyers,-2.0628514047467403,0.9150552208512251
CL100256,Corporate,Not Specified,Singapore,Southeast Asia,Investment,No,Website,4.0,59.0,1,0,1,50-59,2,Corporate Investors,3.275640992519803,1.7033279781266353
CL100257,Corporate,Not Specified,United States,North America - West,Investment,No,Agent Referral,4.0,52.0,1,0,1,50-59,2,Corporate Investors,3.1989254422025737,1.4899186132402813
CL100258,Corporate,Not Specified,United States,North America - West,Investment,Yes,Property Portal,3.0,63.0,1,1,1,60+,2,Corporate Investors,1.8031479833927568,2.2349749599496773
CL100259,Corporate,Not Specified,United Arab Emirates,Middle East,Investment,No,Property Portal,4.0,51.0,1,0,1,50-59,2,Corporate Investors,3.188679972299449,1.4576297413328958
CL100260,Individual,Male,United States,North America - East,Investment,Yes,Website,3.0,45.0,1,1,0,40-49,3,Leveraged Investors,-0.03508941744928598,-1.0483197224156382
CL100261,Individual,Male,Singapore,Southeast Asia,Personal use,No,Website,5.0,44.0,0,0,0,40-49,5,Cash Home Buyers,-0.7001108536770349,0.07172838956306932
CL100262,Individual,Male,United Kingdom,Europe - West,Personal use,Yes,Social Media,3.0,56.0,0,1,0,50-59,0,Mortgage Home Buyers,-2.140434745037938,0.8745463618628276
CL100263,Individual,Male,United States,North America - East,Personal use,No,Agent Referral,5.0,52.0,0,0,0,50-59,5,Cash Home Buyers,-0.610981423737238,0.32397065393959695
CL100264,Individual,Male,Australia,Oceania,Personal use,Yes,Property Portal,4.0,67.0,0,1,0,60+,0,Mortgage Home Buyers,-1.962533554478514,1.1932007684524273
CL100265,Corporate,Not Specified,United States,North America - West,Investment,Yes,Social Media,4.0,33.0,1,1,1,30-39,2,Corporate Investors,1.5256019804248406,1.2824981029457907
CL100266,Individual,Male,United Kingdom,Europe - West,Personal use,Yes,Property Portal,3.0,39.0,0,1,0,30-39,0,Mortgage Home Buyers,-2.3273235989168337,0.3459829205023661
CL100267,Individual,Female,United States,North America - East,Investment,No,Website,4.0,26.0,1,0,0,<30,1,Cash Investors,1.2730482473374607,-2.0429690346884306
CL100268,Individual,Male,United States,North America - East,Investment,Yes,Event,4.0,48.0,1,1,0,40-49,3,Leveraged Investors,0.05380538440898431,-0.974808147910691
CL100269,Individual,Male,United States,North America - East,Personal use,Yes,Friend/Family,4.0,43.0,0,1,0,40-49,0,Mortgage Home Buyers,-2.228550737178925,0.44683174655824964
CL100270,Individual,Male,United States,North America - East,Investment,No,Friend/Family,3.0,48.0,1,0,0,40-49,1,Cash Investors,1.4618992253834528,-1.3366919013559893
CL100271,Individual,Female,United States,North America - East,Investment,No,Event,2.0,29.0,1,0,0,<30,1,Cash Investors,1.196304805320119,-1.90346188016153
CL100272,Individual,Male,United States,North America - East,Personal use,Yes,Social Media,5.0,45.0,0,1,0,40-49,0,Mortgage Home Buyers,-2.1516289013093495,0.48907144705541195
CL100273,Individual,Male,United Arab Emirates,Middle East,Investment,Yes,Website,1.0,44.0,1,1,0,40-49,3,Leveraged Investors,-0.15657124538349557,-1.0353661110185277
CL100274,Corporate,Not Specified,India,South Asia,Investment,No,Social Media,4.0,55.0,1,0,1,50-59,2,Corporate Investors,3.231836509955589,1.5826284373321928
CL100275,Individual,Other,United Kingdom,Europe - West,Personal use,Yes,Property Portal,3.0,33.0,0,1,0,30-39,0,Mortgage Home Buyers,-2.393661591019644,0.1597222687972134
CL100276,Individual,Male,United Kingdom,Europe - West,Personal use,Yes,Property Portal,4.0,54.0,0,1,0,50-59,0,Mortgage Home Buyers,-2.1062658707012702,0.7896360230912634
CL100277,Individual,Male,France,Europe - West,Personal use,Yes,Social Media,3.0,63.0,0,1,0,60+,0,Mortgage Home Buyers,-2.0630404209179924,1.0918504555188389
CL100278,Individual,Female,Singapore,Southeast Asia,Personal use,No,Friend/Family,4.0,29.0,0,0,0,<30,5,Cash Home Buyers,-0.9203441602650406,-0.37060182928626434
CL100279,Individual,Male,Singapore,Southeast Asia,Personal use,Yes,Agent Referral,4.0,48.0,0,1,0,40-49,0,Mortgage Home Buyers,-2.173414724918091,0.6046208013426374
CL100280,Corporate,Not Specified,United States,North America - East,Investment,No,Agent Referral,5.0,65.0,1,0,1,60+,2,Corporate Investors,3.397870506383867,1.8714848319274608
CL100281,Individual,Female,United States,North America - West,Personal use,Yes,Social Media,4.0,48.0,0,1,0,40-49,0,Mortgage Home Buyers,-2.173672653216481,0.6042002995819727
CL100282,Individual,Male,Canada,North America - East,Investment,No,Agent Referral,5.0,22.0,1,0,0,<30,1,Cash Investors,1.2847144410301736,-2.185246600396193
CL100283,Individual,Male,Canada,North America - East,Personal use,Yes,Website,2.0,35.0,0,1,0,30-39,0,Mortgage Home Buyers,-2.428251310860638,0.24115838055978475
CL100284,Corporate,Not Specified,United Arab Emirates,Middle East,Personal use,No,Unknown,5.0,50.0,0,0,1,40-49,4,Corporate Buyers,1.0044265421414167,2.9829555648499246
CL100285,Individual,Male,Germany,Europe - West,Investment,No,Social Media,4.0,38.0,1,0,0,30-39,1,Cash Investors,1.4061450770474075,-1.6669735042691325
CL100286,Individual,Female,United States,North America - East,Personal use,Yes,Social Media,4.0,50.0,0,1,0,40-49,0,Mortgage Home Buyers,-2.151559989182211,0.6662871834836902
CL100287,Corporate,Not Specified,United Kingdom,Europe - West,Investment,Yes,Website,4.0,65.0,1,1,1,60+,2,Corporate Investors,1.8789837594688374,2.2724140183642794
CL100288,Individual,Female,France,Europe - West,Investment,No,Agent Referral,5.0,38.0,1,0,0,30-39,1,Cash Investors,1.461615753304335,-1.6885515291824522
CL100289,Individual,Male,United States,North America - West,Personal use,Yes,Friend/Family,4.0,35.0,0,1,0,30-39,0,Mortgage Home Buyers,-2.317001393316006,0.19848421095137936
CL100290,Individual,Female,Singapore,Southeast Asia,Personal use,Yes,Property Portal,3.0,58.0,0,1,0,50-59,0,Mortgage Home Buyers,-2.1172532905912673,0.9358083175686831
CL100291,Individual,Female,United States,North America - West,Investment,No,Website,3.0,46.0,1,0,0,40-49,1,Cash Investors,1.438962139721625,-1.4001016689972703
CL100292,Corporate,Not Specified,Australia,Oceania,Investment,No,Property Portal,5.0,66.0,1,0,1,60+,2,Corporate Investors,3.4097377005150125,1.9012828439217928
CL100293,Individual,Female,United States,North America - West,Personal use,Yes,Property Portal,4.0,35.0,0,1,0,30-39,0,Mortgage Home Buyers,-2.316336179026837,0.19981062602494648
CL100294,Individual,Female,Singapore,Southeast Asia,Investment,No,Property Portal,3.0,59.0,1,0,0,50-59,1,Cash Investors,1.584184091861108,-0.9938876248229754
CL100295,Individual,Female,Australia,Oceania,Investment,Yes,Social Media,4.0,48.0,1,1,0,40-49,3,Leveraged Investors,0.05371317206498266,-0.9737136962280536
CL100296,Individual,Male,Brazil,Latin America,Personal use,Yes,Agent Referral,3.0,30.0,0,1,0,<30,0,Mortgage Home Buyers,-2.42764144918506,0.06783737290116379
CL100297,Corporate,Not Specified,Singapore,Southeast Asia,Investment,No,Property Portal,4.0,49.0,1,0,1,40-49,2,Corporate Investors,3.166567308265179,1.3955428574311781
CL100298,Individual,Female,India,South Asia,Investment,No,Social Media,3.0,38.0,1,0,0,30-39,1,Cash Investors,1.3509323290888704,-1.6449749775951479
CL100299,Corporate,Not Specified,United Arab Emirates,Middle East,Investment,No,Agent Referral,4.0,65.0,1,0,1,60+,2,Corporate Investors,3.3426577584253296,1.8934833586014455
CL100300,Individual,Male,India,South Asia,Personal use,Yes,Agent Referral,3.0,22.0,0,1,0,<30,0,Mortgage Home Buyers,-2.516092105322141,-0.1805101627057064
CL100301,Individual,Male,United States,North America - West,Personal use,Yes,Social Media,5.0,34.0,0,1,0,30-39,0,Mortgage Home Buyers,-2.2732485534978353,0.14759358559596525
CL100302,Individual,Female,France,Europe - West,Personal use,Yes,Social Media,4.0,56.0,0,1,0,50-59,0,Mortgage Home Buyers,-2.0852219970794006,0.852547835188843
CL100303,Corporate,Not Specified,France,Europe - West,Personal use,No,Property Portal,5.0,45.0,0,0,1,40-49,4,Corporate Buyers,0.9501689028737114,2.827284558763785
CL100304,Individual,Male,Singapore,Southeast Asia,Investment,No,Agent Referral,5.0,40.0,1,0,0,30-39,1,Cash Investors,1.4837284173386052,-1.6264646452807348
CL100305,Individual,Female,Germany,Europe - West,Personal use,No,Agent Referral,4.0,43.0,0,0,0,40-49,5,Cash Home Buyers,-0.7657011598499909,0.06657820305585252
CL100306,Individual,Male,United Kingdom,Europe - West,Personal use,No,Event,5.0,65.0,0,0,0,60+,5,Cash Home Buyers,-0.46741482346887026,0.726020445857459
CL100307,Individual,Male,United Arab Emirates,Middle East,Personal use,Yes,Agent Referral,3.0,42.0,0,1,0,40-49,0,Mortgage Home Buyers,-2.294965464979439,0.44035867631146913
CL100308,Individual,Male,Canada,North America - East,Investment,No,Website,5.0,53.0,1,0,0,50-59,1,Cash Investors,1.6267819597586453,-1.226794628689228
CL100309,Individual,Female,United States,North America - East,Investment,No,Property Portal,3.0,35.0,1,0,0,30-39,1,Cash Investors,1.3188321234498661,-1.7389302316435864
CL100310,Corporate,Not Specified,Germany,Europe - West,Investment,No,Event,4.0,55.0,1,0,1,50-59,2,Corporate Investors,3.2319287222995903,1.5815339856495554
CL100311,Individual,Female,Germany,Europe - West,Personal use,Yes,Friend/Family,4.0,41.0,0,1,0,40-49,0,Mortgage Home Buyers,-2.250663401213195,0.38474486265653207
CL100312,Individual,Other,Canada,North America - East,Personal use,Yes,Agent Referral,4.0,32.0,0,1,0,30-39,0,Mortgage Home Buyers,-2.3503160371922527,0.10792573012889686
CL100313,Individual,Female,United Kingdom,Europe - West,Investment,No,Social Media,3.0,39.0,1,0,0,30-39,1,Cash Investors,1.3619886611060055,-1.6139315356442892
CL100314,Individual,Female,United Kingdom,Europe - West,Personal use,Yes,Property Portal,3.0,51.0,0,1,0,50-59,0,Mortgage Home Buyers,-2.194647614711213,0.7185042239126715
CL100315,Individual,Female,United Kingdom,Europe - West,Investment,No,Property Portal,4.0,32.0,1,0,0,30-39,1,Cash Investors,1.340875875356998,-1.8540590841701472
CL100316,Individual,Male,United Kingdom,Europe - West,Personal use,No,Website,4.0,41.0,0,0,0,40-49,5,Cash Home Buyers,-0.7884925976869772,0.0005965903844775284
CL100317,Individual,Female,India,South Asia,Personal use,No,Property Portal,3.0,48.0,0,0,0,40-49,5,Cash Home Buyers,-0.7648213856088423,0.2425485095276042
CL100318,Individual,Female,United Kingdom,Europe - West,Personal use,Yes,Social Media,4.0,32.0,0,1,0,30-39,0,Mortgage Home Buyers,-2.350573965490643,0.10750522836823226
CL100319,Corporate,Not Specified,Australia,Oceania,Investment,No,Website,4.0,65.0,1,0,1,60+,2,Corporate Investors,3.3419789846226133,1.889588629831788
CL100320,Individual,Male,Australia,Oceania,Personal use,Yes,Website,4.0,42.0,0,1,0,40-49,0,Mortgage Home Buyers,-2.240431490823618,0.4144654208678272
CL100321,Individual,Male,France,Europe - West,Investment,Yes,Website,4.0,39.0,1,1,0,30-39,3,Leveraged Investors,-0.046214661593559275,-1.2565789007947754
CL100322,Corporate,Not Specified,United Kingdom,Europe - West,Investment,Yes,Event,4.0,47.0,1,1,1,40-49,2,Corporate Investors,1.6804828410087336,1.7160118385751764
CL100323,Corporate,Not Specified,France,Europe - West,Investment,No,Agent Referral,4.0,54.0,1,0,1,50-59,2,Corporate Investors,3.221038106236844,1.5520054971419988
CL100324,Individual,Female,Singapore,Southeast Asia,Personal use,Yes,Friend/Family,3.0,45.0,0,1,0,40-49,0,Mortgage Home Buyers,-2.261650821103192,0.5309171571339517
CL100325,Individual,Male,United Arab Emirates,Middle East,Personal use,Yes,Website,4.0,61.0,0,1,0,60+,0,Mortgage Home Buyers,-2.0303611824980514,1.004290817934144
CL100326,Individual,Female,Singapore,Southeast Asia,Personal use,No,Property Portal,3.0,48.0,0,0,0,40-49,5,Cash Home Buyers,-0.7648213856088423,0.2425485095276042
CL100327,Individual,Female,France,Europe - West,Investment,No,Social Media,4.0,53.0,1,0,0,50-59,1,Cash Investors,1.5719900573044339,-1.2013218750062509
CL100328,Individual,Male,United Arab Emirates,Middle East,Investment,No,Property Portal,3.0,27.0,1,0,0,<30,1,Cash Investors,1.2303814673127853,-1.9872777672504567
CL100329,Individual,Male,United Kingdom,Europe - West,Personal use,Yes,Social Media,4.0,39.0,0,1,0,30-39,0,Mortgage Home Buyers,-2.2731796413706973,0.32480932202424373
CL100330,Individual,Female,India,South Asia,Personal use,Yes,Property Portal,4.0,55.0,0,1,0,50-59,0,Mortgage Home Buyers,-2.095209538684135,0.8206794650421223
CL100331,Individual,Male,United States,North America - East,Personal use,Yes,Social Media,2.0,31.0,0,1,0,30-39,0,Mortgage Home Buyers,-2.472055793424852,0.12045883976534252
CL100332,Individual,Male,India,South Asia,Investment,Yes,Social Media,3.0,52.0,1,1,0,50-59,3,Leveraged Investors,0.04272575217498559,-0.8275414017506338
CL100333,Individual,Male,Singapore,Southeast Asia,Investment,Yes,Event,2.0,49.0,1,1,0,40-49,3,Leveraged Investors,-0.04556377949095513,-0.8997676526118631
CL100334,Individual,Male,United States,North America - East,Personal use,No,Social Media,4.0,45.0,0,0,0,40-49,5,Cash Home Buyers,-0.743846424114111,0.1282445851969054
CL100335,Corporate,Not Specified,United Arab Emirates,Middle East,Investment,No,Property Portal,2.0,51.0,1,0,1,50-59,2,Corporate Investors,3.0782544763823743,1.5016267946808648
CL100336,Corporate,Not Specified,United States,North America - West,Investment,Yes,Website,4.0,54.0,1,1,1,50-59,2,Corporate Investors,1.7573641072803514,1.9309361569048324
CL100337,Individual,Male,India,South Asia,Personal use,Yes,Friend/Family,4.0,60.0,0,1,0,50-59,0,Mortgage Home Buyers,-2.0405930928876286,0.9745702597228489
CL100338,Individual,Female,United States,North America - West,Investment,No,Property Portal,4.0,48.0,1,0,0,40-49,1,Cash Investors,1.5177771876311594,-1.3573640129564069
CL100339,Individual,Male,Australia,Oceania,Investment,No,Property Portal,4.0,44.0,1,0,0,40-49,1,Cash Investors,1.4735518595626191,-1.4815377807598418
CL100340,Individual,Male,United States,North America - West,Investment,Yes,Social Media,4.0,36.0,1,1,0,30-39,3,Leveraged Investors,-0.07896281214063842,-1.3462349996383591
CL100341,Individual,Female,Brazil,Latin America,Personal use,Yes,Social Media,4.0,41.0,0,1,0,40-49,0,Mortgage Home Buyers,-2.2510669773364267,0.3868962059259613
CL100342,Individual,Female,Singapore,Southeast Asia,Investment,Yes,Property Portal,4.0,42.0,1,1,0,40-49,3,Leveraged Investors,-0.011556029625427183,-1.1607992761290684
CL100343,Individual,Female,United Arab Emirates,Middle East,Investment,No,Agent Referral,2.0,45.0,1,0,0,40-49,1,Cash Investors,1.3733718335486689,-1.4052518555044873
CL100344,Individual,Female,India,South Asia,Personal use,Yes,Property Portal,5.0,49.0,0,1,0,40-49,0,Mortgage Home Buyers,-2.1063347828284082,0.6124202866629851
CL100345,Individual,Male,India,South Asia,Investment,No,Agent Referral,5.0,32.0,1,0,0,30-39,1,Cash Investors,1.3952777612015244,-1.874812180887605
CL100346,Individual,Male,Australia,Oceania,Personal use,Yes,Website,4.0,24.0,0,1,0,<30,0,Mortgage Home Buyers,-2.4394454671320496,-0.14431653424763077
CL100347,Individual,Female,Canada,North America - East,Investment,No,Property Portal,2.0,41.0,1,0,0,40-49,1,Cash Investors,1.3299573675941394,-1.5306710532644492
CL100348,Corporate,Not Specified,United Arab Emirates,Middle East,Investment,No,Agent Referral,4.0,30.0,1,0,1,<30,2,Corporate Investors,2.9556861378256016,0.8069628903213881
CL100349,Individual,Female,United States,North America - East,Investment,Yes,Agent Referral,3.0,38.0,1,1,0,30-39,3,Leveraged Investors,-0.11180496776651538,-1.2617290873019924
CL100350,Individual,Male,United Arab Emirates,Middle East,Personal use,No,Agent Referral,3.0,35.0,0,0,0,30-39,5,Cash Home Buyers,-0.9093645639456088,-0.1597708058770333
CL100351,Individual,Male,United States,North America - East,Personal use,Yes,Event,3.0,47.0,0,1,0,40-49,0,Mortgage Home Buyers,-2.239849520848152,0.5940609326224612
CL100352,Individual,Male,United Arab Emirates,Middle East,Personal use,No,Social Media,3.0,63.0,0,0,0,60+,5,Cash Home Buyers,-0.6000451957642167,0.7090250669863479
CL100353,Individual,Female,United Arab Emirates,Middle East,Personal use,Yes,Event,3.0,23.0,0,1,0,<30,0,Mortgage Home Buyers,-2.5052014892593943,-0.1509816741981497
CL100354,Individual,Female,Germany,Europe - West,Investment,No,Agent Referral,5.0,67.0,1,0,0,60+,1,Cash Investors,1.7822493818012526,-0.7882917126075477
CL100355,Individual,Male,France,Europe - West,Personal use,Yes,Agent Referral,4.0,38.0,0,1,0,30-39,0,Mortgage Home Buyers,-2.2839780450894422,0.2941863818340495
CL100356,Individual,Male,India,South Asia,Investment,No,Agent Referral,4.0,45.0,1,0,0,40-49,1,Cash Investors,1.4837973294657434,-1.4492489088524563
CL100357,Individual,Male,India,South Asia,Personal use,Yes,Agent Referral,3.0,25.0,0,1,0,<30,0,Mortgage Home Buyers,-2.4829231092707356,-0.08737983685313003
CL100358,Individual,Male,France,Europe - West,Personal use,Yes,Website,3.0,51.0,0,1,0,50-59,0,Mortgage Home Buyers,-2.1961372506279395,0.7158549250995407
CL100359,Individual,Female,United Arab Emirates,Middle East,Investment,Yes,Website,3.0,42.0,1,1,0,40-49,3,Leveraged Investors,-0.06825841350069119,-1.1414500482682146
CL100360,Individual,Female,Australia,Oceania,Personal use,Yes,Social Media,4.0,40.0,0,1,0,30-39,0,Mortgage Home Buyers,-2.262123309353562,0.35585276397510246
CL100361,Corporate,Not Specified,United States,North America - West,Investment,Yes,Friend/Family,3.0,34.0,1,1,1,30-39,2,Corporate Investors,1.4818491406066703,1.333388728301205
CL100362,Individual,Female,United States,North America - West,Investment,Yes,Agent Referral,5.0,42.0,1,1,0,40-49,3,Leveraged Investors,0.042845856219099525,-1.1815523728465263
CL100363,Individual,Other,United States,North America - West,Investment,No,Social Media,4.0,51.0,1,0,0,50-59,1,Cash Investors,1.5498773932701637,-1.2634087589079683
CL100364,Individual,Male,United Arab Emirates,Middle East,Personal use,No,Agent Referral,2.0,38.0,0,0,0,30-39,5,Cash Home Buyers,-0.931408315852741,-0.04464195335047234
CL100365,Individual,Male,Germany,Europe - West,Personal use,Yes,Social Media,4.0,53.0,0,1,0,50-59,0,Mortgage Home Buyers,-2.118390993130806,0.7594175093362666
CL100366,Individual,Male,India,South Asia,Investment,Yes,Property Portal,4.0,54.0,1,1,0,50-59,3,Leveraged Investors,0.12111995458019392,-0.7882779727187629
CL100367,Individual,Male,India,South Asia,Personal use,Yes,Property Portal,4.0,33.0,0,1,0,30-39,0,Mortgage Home Buyers,-2.3384488430611072,0.1377237421232289
CL100368,Individual,Female,United Kingdom,Europe - West,Investment,Yes,Property Portal,3.0,58.0,1,1,0,50-59,3,Leveraged Investors,0.11013253469019707,-0.6421056782413432
CL100369,Individual,Female,Australia,Oceania,Personal use,Yes,Agent Referral,4.0,41.0,0,1,0,40-49,0,Mortgage Home Buyers,-2.2508090490380366,0.3873167076866259
CL100370,Individual,Male,India,South Asia,Investment,Yes,Social Media,4.0,41.0,1,1,0,40-49,3,Leveraged Investors,-0.023681152054963066,-1.1910177898840653
CL100371,Corporate,Not Specified,Canada,North America - East,Investment,No,Property Portal,5.0,34.0,1,0,1,30-39,2,Corporate Investors,3.0559350759666897,0.907892701494312
CL100372,Individual,Female,United Kingdom,Europe - West,Personal use,No,Event,4.0,42.0,0,0,0,40-49,5,Cash Home Buyers,-0.7769232078215145,0.03401980766169157
CL100373,Corporate,Not Specified,United Kingdom,Europe - West,Investment,No,Social Media,3.0,51.0,1,0,1,50-59,2,Corporate Investors,3.132398433928511,1.4804531962027423
CL100374,Individual,Female,United States,North America - East,Personal use,No,Social Media,5.0,38.0,0,0,0,30-39,5,Cash Home Buyers,-0.7660280002755193,-0.11105803513309062
CL100375,Corporate,Not Specified,United States,North America - East,Personal use,No,Friend/Family,4.0,49.0,0,0,1,40-49,4,Corporate Buyers,0.9385162686945454,2.9721304381676377
CL100376,Corporate,Not Specified,Australia,Oceania,Investment,No,Event,5.0,31.0,1,0,1,30-39,2,Corporate Investors,3.0217895018468854,0.8144928521549604
CL100377,Individual,Female,Germany,Europe - West,Personal use,Yes,Agent Referral,5.0,58.0,0,1,0,50-59,0,Mortgage Home Buyers,-2.007638656788203,0.8930566941772408
CL100378,Corporate,Not Specified,United Kingdom,Europe - West,Investment,No,Website,4.0,49.0,1,0,1,40-49,2,Corporate Investors,3.165077672348452,1.3928935586180475
CL100379,Corporate,Not Specified,India,South Asia,Investment,No,Property Portal,3.0,60.0,1,0,1,50-59,2,Corporate Investors,3.2329742124951273,1.7590192455646094
CL100380,Individual,Male,United Arab Emirates,Middle East,Personal use,Yes,Friend/Family,3.0,29.0,0,1,0,<30,0,Mortgage Home Buyers,-2.4385521333773537,0.03422208592021125
CL100381,Individual,Male,Australia,Oceania,Investment,No,Website,5.0,33.0,1,0,0,30-39,1,Cash Investors,1.4056553194159433,-1.8476634677064037
CL100382,Individual,Male,India,South Asia,Personal use,Yes,Agent Referral,5.0,62.0,0,1,0,60+,0,Mortgage Home Buyers,-1.9634133287196631,1.0172304619806756
CL100383,Corporate,Not Specified,Germany,Europe - West,Investment,No,Social Media,5.0,49.0,1,0,1,40-49,2,Corporate Investors,3.2207112658113153,1.3743692589530558
CL100384,Individual,Male,United Kingdom,Europe - West,Personal use,Yes,Friend/Family,4.0,22.0,0,1,0,<30,0,Mortgage Home Buyers,-2.460733709538762,-0.20508053440978474
CL100385,Corporate,Not Specified,Brazil,Latin America,Investment,No,Property Portal,4.0,54.0,1,0,1,50-59,2,Corporate Investors,3.221848968350854,1.550760067185472
CL100386,Corporate,Not Specified,India,South Asia,Personal use,Yes,Website,3.0,48.0,0,1,1,40-49,4,Corporate Buyers,-0.5915724580624606,3.344588027683691
CL100387,Corporate,Not Specified,Brazil,Latin America,Investment,No,Agent Referral,2.0,65.0,1,0,1,60+,2,Corporate Investors,3.2322322625082553,1.9374804119494144
CL100388,Individual,Male,United States,North America - East,Personal use,Yes,Friend/Family,4.0,52.0,0,1,0,50-59,0,Mortgage Home Buyers,-2.129043749024709,0.7262227241159787
CL100389,Individual,Female,Singapore,Southeast Asia,Personal use,No,Website,3.0,54.0,0,0,0,50-59,5,Cash Home Buyers,-0.6999730294227584,0.42615986241962617
CL100390,Individual,Female,United Arab Emirates,Middle East,Investment,Yes,Social Media,4.0,41.0,1,1,0,40-49,3,Leveraged Investors,-0.023681152054963066,-1.1910177898840653
CL100391,Corporate,Not Specified,United States,North America - West,Investment,No,Social Media,2.0,63.0,1,0,1,60+,2,Corporate Investors,3.209861670175595,1.8749730262870323
CL100392,Corporate,Not Specified,United Arab Emirates,Middle East,Investment,No,Agent Referral,4.0,60.0,1,0,1,50-59,2,Corporate Investors,3.2873760983396543,1.7382661488471516
CL100393,Individual,Female,India,South Asia,Personal use,No,Property Portal,4.0,47.0,0,0,0,40-49,5,Cash Home Buyers,-0.72066496966744,0.18950654090276087
CL100394,Individual,Female,United States,North America - East,Personal use,No,Website,4.0,39.0,0,0,0,30-39,5,Cash Home Buyers,-0.8106052617212476,-0.06149029351724004
CL100395,Individual,Male,Germany,Europe - West,Investment,No,Property Portal,4.0,39.0,1,0,0,30-39,1,Cash Investors,1.4182701994769435,-1.6367549905141359
CL100396,Corporate,Not Specified,Singapore,Southeast Asia,Personal use,Yes,Friend/Family,5.0,40.0,0,1,1,30-39,4,Corporate Buyers,-0.568773196654909,3.053566322468415
CL100397,Individual,Male,United Kingdom,Europe - West,Investment,No,Social Media,5.0,29.0,1,0,0,<30,1,Cash Investors,1.361850836851729,-1.9683630085008461
CL100398,Individual,Female,Germany,Europe - West,Personal use,No,Property Portal,3.0,61.0,0,0,0,60+,5,Cash Home Buyers,-0.6210890693860861,0.6461132548887685
CL100399,Corporate,Not Specified,Germany,Europe - West,Investment,No,Agent Referral,5.0,56.0,1,0,1,50-59,2,Corporate Investors,3.2983635182296513,1.5920938543697318
CL100400,Individual,Male,United Kingdom,Europe - West,Investment,Yes,Property Portal,5.0,41.0,1,1,0,40-49,3,Leveraged Investors,0.03260038631597511,-1.2138412447539118
CL100401,Individual,Female,Australia,Oceania,Investment,No,Website,4.0,44.0,1,0,0,40-49,1,Cash Investors,1.4720622236458922,-1.4841870795729724
CL100402,Individual,Male,India,South Asia,Personal use,No,Event,4.0,31.0,0,0,0,30-39,5,Cash Home Buyers,-0.8985428600100005,-0.3074580537977551
CL100403,Corporate,Not Specified,United States,North America - West,Personal use,Yes,Unknown,4.0,66.0,0,1,1,60+,4,Corporate Buyers,-0.3368801186967352,3.8844745512701406
CL100404,Individual,Male,Brazil,Latin America,Investment,No,Social Media,3.0,60.0,1,0,0,50-59,1,Cash Investors,1.5941716334658422,-0.9620192546762546
CL100405,Individual,Male,Singapore,Southeast Asia,Personal use,No,Website,3.0,24.0,0,0,0,<30,5,Cash Home Buyers,-1.031662989936811,-0.5051433961061373
CL100406,Individual,Male,United Kingdom,Europe - West,Personal use,Yes,Agent Referral,5.0,47.0,0,1,0,40-49,0,Mortgage Home Buyers,-2.129258308976689,0.5515788327177941
CL100407,Individual,Female,Singapore,Southeast Asia,Investment,Yes,Website,4.0,46.0,1,1,0,40-49,3,Leveraged Investors,0.031179662526386466,-1.0392748071387639
CL100408,Corporate,Not Specified,United States,North America - East,Investment,No,Website,3.0,47.0,1,0,1,40-49,2,Corporate Investors,3.0877522603556447,1.3528052013903145
CL100409,Individual,Male,Brazil,Latin America,Personal use,Yes,Website,3.0,59.0,0,1,0,50-59,0,Mortgage Home Buyers,-2.107686594490859,0.964202460706411
CL100410,Individual,Female,United Arab Emirates,Middle East,Personal use,Yes,Website,3.0,63.0,0,1,0,60+,0,Mortgage Home Buyers,-2.0634612664223186,1.0883762285098462
CL100411,Individual,Male,United Arab Emirates,Middle East,Personal use,Yes,Friend/Family,3.0,38.0,0,1,0,30-39,0,Mortgage Home Buyers,-2.3390451452231376,0.31361306347794027
CL100412,Individual,Male,United States,North America - East,Investment,No,Social Media,5.0,48.0,1,0,0,40-49,1,Cash Investors,1.5719211451772956,-1.3785376114345291
CL100413,Individual,Female,Australia,Oceania,Personal use,No,Website,3.0,42.0,0,0,0,40-49,5,Cash Home Buyers,-0.8326490136283795,0.05363855900932076
CL100414,Individual,Female,United States,North America - East,Investment,No,Property Portal,5.0,34.0,1,0,0,30-39,1,Cash Investors,1.4182012873498053,-1.8139707269424143
CL100415,Individual,Male,Canada,North America - East,Personal use,No,Friend/Family,4.0,44.0,0,0,0,40-49,5,Cash Home Buyers,-0.7544991800080143,0.09504979997661742
CL100416,Individual,Male,United States,North America - West,Personal use,Yes,Agent Referral,4.0,48.0,0,1,0,40-49,0,Mortgage Home Buyers,-2.173414724918091,0.6046208013426374
CL100417,Individual,Female,India,South Asia,Investment,Yes,Agent Referral,5.0,44.0,1,1,0,40-49,3,Leveraged Investors,0.06495852025336968,-1.1194654889448088
CL100418,Individual,Female,United States,North America - West,Personal use,No,Social Media,5.0,32.0,0,0,0,30-39,5,Cash Home Buyers,-0.83236599237833,-0.29731868683824325
CL100419,Corporate,Not Specified,Australia,Oceania,Investment,Yes,Social Media,2.0,48.0,1,1,1,40-49,2,Corporate Investors,1.5810214647647924,1.7921467855566415
CL100420,Individual,Male,United Arab Emirates,Middle East,Personal use,Yes,Property Portal,3.0,35.0,0,1,0,30-39,0,Mortgage Home Buyers,-2.371548926985374,0.22180915269893098
CL100421,Corporate,Not Specified,United States,North America - West,Personal use,Yes,Social Media,3.0,36.0,0,1,1,30-39,4,Corporate Buyers,-0.7238275967637555,2.9755409512823783
CL100422,Individual,Female,United States,North America - West,Personal use,Yes,Event,4.0,44.0,0,1,0,40-49,0,Mortgage Home Buyers,-2.21780576894102,0.47893208009590005
CL100423,Individual,Female,United States,North America - East,Personal use,Yes,Friend/Family,5.0,46.0,0,1,0,40-49,0,Mortgage Home Buyers,-2.1401689931689827,0.5179635457368414
CL100424,Individual,Female,United Arab Emirates,Middle East,Personal use,Yes,Event,4.0,51.0,0,1,0,50-59,0,Mortgage Home Buyers,-2.1404114448210745,0.6962361737519117
CL100425,Individual,Male,Singapore,Southeast Asia,Investment,No,Social Media,5.0,31.0,1,0,0,30-39,1,Cash Investors,1.3839635008859992,-1.9062761245991284
CL100426,Corporate,Not Specified,Canada,North America - East,Investment,Yes,Friend/Family,3.0,35.0,1,1,1,30-39,2,Corporate Investors,1.4929054726238054,1.3644321702520636
CL100427,Individual,Female,Singapore,Southeast Asia,Personal use,Yes,Friend/Family,3.0,59.0,0,1,0,50-59,0,Mortgage Home Buyers,-2.106862172863301,0.9655253444459746
CL100428,Individual,Male,United States,North America - East,Investment,No,Friend/Family,4.0,39.0,1,0,0,30-39,1,Cash Investors,1.4176049851877743,-1.6380814055877029
CL100429,Individual,Female,Singapore,Southeast Asia,Investment,No,Website,3.0,42.0,1,0,0,40-49,1,Cash Investors,1.3947368116530847,-1.5242754368007054
CL100430,Individual,Male,Australia,Oceania,Investment,No,Website,5.0,39.0,1,0,0,30-39,1,Cash Investors,1.471993311518754,-1.6614028160012508
CL100431,Corporate,Not Specified,India,South Asia,Personal use,No,Agent Referral,2.0,36.0,0,0,1,30-39,4,Corporate Buyers,0.6842128087298732,2.6151345911845363
CL100432,Corporate,Not Specified,India,South Asia,Personal use,Yes,Agent Referral,3.0,33.0,0,1,1,30-39,4,Corporate Buyers,-0.7567386645167705,2.882831127190466
CL100433,Individual,Male,Singapore,Southeast Asia,Investment,Yes,Property Portal,5.0,54.0,1,1,0,50-59,3,Leveraged Investors,0.17633270253873126,-0.8102764993927474
CL100434,Corporate,Not Specified,United States,North America - West,Investment,No,Friend/Family,4.0,55.0,1,0,1,50-59,2,Corporate Investors,3.2322400860788205,1.5804770940627637
CL100435,Corporate,Not Specified,United States,North America - East,Investment,No,Website,5.0,44.0,1,0,1,40-49,2,Corporate Investors,3.1650087602213137,1.215677822189769
CL100436,Individual,Male,United States,North America - East,Personal use,Yes,Agent Referral,4.0,63.0,0,1,0,60+,0,Mortgage Home Buyers,-2.007569744661065,1.0702724306055191
CL100437,Individual,Male,France,Europe - West,Personal use,No,Agent Referral,4.0,50.0,0,0,0,40-49,5,Cash Home Buyers,-0.6883068357300454,0.2838822967118639
CL100438,Individual,Female,India,South Asia,Personal use,Yes,Property Portal,5.0,35.0,0,1,0,30-39,0,Mortgage Home Buyers,-2.2611234310682997,0.17781209935096198
CL100439,Individual,Male,United Arab Emirates,Middle East,Personal use,Yes,Property Portal,5.0,57.0,0,1,0,50-59,0,Mortgage Home Buyers,-2.0178841266913277,0.8607678222698552
CL100440,Corporate,Not Specified,Singapore,Southeast Asia,Investment,No,Website,4.0,47.0,1,0,1,40-49,2,Corporate Investors,3.142965008314182,1.33080667471633
CL100441,Individual,Male,United States,North America - West,Personal use,Yes,Agent Referral,4.0,57.0,0,1,0,50-59,0,Mortgage Home Buyers,-2.0739077367638754,0.8840117789003664
CL100442,Corporate,Not Specified,India,South Asia,Personal use,No,Event,5.0,52.0,0,0,1,50-59,4,Corporate Buyers,1.026586648925258,3.044319128933021
CL100443,Corporate,Not Specified,United States,North America - West,Investment,No,Friend/Family,5.0,54.0,1,0,1,50-59,2,Corporate Investors,3.276396502020223,1.5274351254379204
CL100444,Individual,Male,Canada,North America - East,Personal use,Yes,Property Portal,4.0,48.0,0,1,0,40-49,0,Mortgage Home Buyers,-2.1726038628040807,0.6033753713861107
CL100445,Individual,Female,India,South Asia,Investment,No,Agent Referral,4.0,50.0,1,0,0,40-49,1,Cash Investors,1.5390789895514188,-1.2940316990981624
CL100446,Corporate,Not Specified,Brazil,Latin America,Personal use,No,Agent Referral,5.0,49.0,0,0,1,40-49,4,Corporate Buyers,0.9935833688282413,2.952703756523747
CL100447,Corporate,Not Specified,United Arab Emirates,Middle East,Investment,No,Friend/Family,4.0,32.0,1,0,1,30-39,2,Corporate Investors,2.9779444496847134,0.8664779291930119
CL100448,Individual,Female,United States,North America - East,Investment,Yes,Website,5.0,56.0,1,1,0,50-59,3,Leveraged Investors,0.19695573065627456,-0.7508389143041606
CL100449,Individual,Female,United Arab Emirates,Middle East,Investment,Yes,Property Portal,4.0,41.0,1,1,0,40-49,3,Leveraged Investors,-0.022612361642562258,-1.1918427180799274
CL100450,Individual,Female,United States,North America - West,Investment,No,Friend/Family,5.0,28.0,1,0,0,<30,1,Cash Investors,1.3511980809578257,-2.0015577937211337
CL100451,Individual,Male,Australia,Oceania,Investment,Yes,Unknown,3.0,40.0,1,1,0,30-39,3,Leveraged Investors,-0.08990546243620484,-1.2004338370249557
CL100452,Individual,Male,India,South Asia,Personal use,Yes,Social Media,3.0,41.0,0,1,0,40-49,0,Mortgage Home Buyers,-2.306279725294964,0.4088947325999458
CL100453,Individual,Female,United States,North America - West,Investment,No,Property Portal,5.0,30.0,1,0,0,<30,1,Cash Investors,1.373975959281265,-1.9381444947458493
CL100454,Individual,Female,United States,North America - West,Personal use,Yes,Property Portal,3.0,44.0,0,1,0,40-49,0,Mortgage Home Buyers,-2.2720419388311583,0.5012001302566602
CL100455,Individual,Female,United States,North America - West,Investment,No,Agent Referral,4.0,52.0,1,0,0,50-59,1,Cash Investors,1.561191653585689,-1.231944815196445
CL100456,Individual,Female,Brazil,Latin America,Personal use,Yes,Property Portal,5.0,44.0,0,1,0,40-49,0,Mortgage Home Buyers,-2.161616442914084,0.4572030769086911
CL100457,Individual,Female,Germany,Europe - West,Personal use,Yes,Website,2.0,36.0,0,1,0,30-39,0,Mortgage Home Buyers,-2.417194978843503,0.27220182251064357
CL100458,Individual,Male,India,South Asia,Personal use,Yes,Property Portal,4.0,39.0,0,1,0,30-39,0,Mortgage Home Buyers,-2.272110850958297,0.3239843938283816
CL100459,Individual,Female,United Arab Emirates,Middle East,Personal use,Yes,Friend/Family,5.0,40.0,0,1,0,30-39,0,Mortgage Home Buyers,-2.206506985271793,0.33170289403168873
CL100460,Individual,Male,United Arab Emirates,Middle East,Personal use,Yes,Website,4.0,43.0,0,1,0,40-49,0,Mortgage Home Buyers,-2.2293751588064827,0.445508862818686
CL100461,Individual,Male,United States,North America - East,Personal use,Yes,Friend/Family,3.0,54.0,0,1,0,50-59,0,Mortgage Home Buyers,-2.1621438329489764,0.8103081346916807
CL100462,Individual,Female,Australia,Oceania,Personal use,Yes,Friend/Family,4.0,44.0,0,1,0,40-49,0,Mortgage Home Buyers,-2.2174944051617898,0.4778751885091084
CL100463,Individual,Male,United Kingdom,Europe - West,Investment,Yes,Friend/Family,3.0,26.0,1,1,0,<30,3,Leveraged Investors,-0.24433530414729485,-1.6368222357423914
CL100464,Individual,Male,United Arab Emirates,Middle East,Investment,No,Agent Referral,4.0,34.0,1,0,0,30-39,1,Cash Investors,1.3621776772772574,-1.790726770311903
CL100465,Individual,Female,India,South Asia,Investment,No,Friend/Family,4.0,43.0,1,0,0,40-49,1,Cash Investors,1.4618303132563146,-1.5139076377842677
CL100466,Individual,Female,United Arab Emirates,Middle East,Personal use,Yes,Property Portal,3.0,54.0,0,1,0,50-59,0,Mortgage Home Buyers,-2.1614786186598076,0.811634549765248
CL100467,Individual,Female,Australia,Oceania,Personal use,Yes,Agent Referral,4.0,55.0,0,1,0,50-59,0,Mortgage Home Buyers,-2.0960204007981456,0.821924894998649
CL100468,Individual,Female,United States,North America - East,Personal use,Yes,Agent Referral,5.0,60.0,0,1,0,50-59,0,Mortgage Home Buyers,-1.9855259927539333,0.9551435780789582
CL100469,Corporate,Not Specified,France,Europe - West,Personal use,No,Property Portal,4.0,55.0,0,0,1,50-59,4,Corporate Buyers,1.0055194750865253,3.1597175049463577
CL100470,Corporate,Not Specified,Germany,Europe - West,Investment,No,Social Media,5.0,56.0,1,0,1,50-59,2,Corporate Investors,3.2981055899312612,1.5916733526090672
CL100471,Individual,Male,Germany,Europe - West,Personal use,Yes,Social Media,5.0,26.0,0,1,0,<30,0,Mortgage Home Buyers,-2.361699209634916,-0.10075395001090501
CL100472,Individual,Male,United States,North America - West,Investment,No,Property Portal,4.0,46.0,1,0,0,40-49,1,Cash Investors,1.4956645235968893,-1.4194508968581243
CL100473,Individual,Male,United States,North America - East,Investment,Yes,Website,4.0,29.0,1,1,0,<30,3,Leveraged Investors,-0.15677798176491012,-1.5670133203033632
CL100474,Individual,Male,Canada,North America - East,Personal use,Yes,Property Portal,3.0,41.0,0,1,0,40-49,0,Mortgage Home Buyers,-2.3052109348825636,0.4080698044040837
CL100475,Individual,Male,United Kingdom,Europe - West,Investment,No,Social Media,3.0,74.0,1,0,0,60+,1,Cash Investors,1.7489602817057337,-0.5274110673642317
CL100476,Individual,Male,Germany,Europe - West,Personal use,Yes,Website,4.0,45.0,0,1,0,40-49,0,Mortgage Home Buyers,-2.2072624947722126,0.5075957467204035
CL100477,Individual,Female,United Arab Emirates,Middle East,Personal use,No,Event,3.0,32.0,0,0,0,30-39,5,Cash Home Buyers,-0.9426992759514028,-0.25441608517291175
CL100478,Individual,Male,United Arab Emirates,Middle East,Personal use,Yes,Property Portal,4.0,46.0,0,1,0,40-49,0,Mortgage Home Buyers,-2.194716526838351,0.5412884874843933
CL100479,Individual,Male,Germany,Europe - West,Investment,No,Agent Referral,3.0,36.0,1,0,0,30-39,1,Cash Investors,1.3290775933529904,-1.706641359736201
CL100480,Corporate,Not Specified,Germany,Europe - West,Investment,No,Property Portal,4.0,52.0,1,0,1,50-59,2,Corporate Investors,3.199736304316584,1.4886731832837545
CL100481,Individual,Female,United States,North America - East,Investment,No,Property Portal,3.0,65.0,1,0,0,60+,1,Cash Investors,1.6505220839639185,-0.8076269731178227
CL100482,Individual,Female,United Arab Emirates,Middle East,Investment,No,Property Portal,4.0,52.0,1,0,0,50-59,1,Cash Investors,1.5620025156996997,-1.2331902451529717
CL100483,Individual,Male,United Kingdom,Europe - West,Investment,No,Website,4.0,45.0,1,0,0,40-49,1,Cash Investors,1.4831185556630273,-1.4531436376221136
CL100484,Individual,Male,United States,North America - West,Investment,Yes,Website,3.0,37.0,1,1,0,30-39,3,Leveraged Investors,-0.12354007358636666,-1.2966672580225085
CL100485,Individual,Female,Germany,Europe - West,Personal use,Yes,Friend/Family,5.0,38.0,0,1,0,30-39,0,Mortgage Home Buyers,-2.2286196493060633,0.26961601012997116
CL100486,Individual,Female,Germany,Europe - West,Personal use,No,Property Portal,4.0,57.0,0,0,0,50-59,5,Cash Home Buyers,-0.6101016494960891,0.4999409604113486
CL100487,Individual,Male,Canada,North America - East,Personal use,Yes,Agent Referral,4.0,44.0,0,1,0,40-49,0,Mortgage Home Buyers,-2.2176400529866314,0.4804470335392022
CL100488,Individual,Female,United Arab Emirates,Middle East,Investment,No,Social Media,4.0,22.0,1,0,0,<30,1,Cash Investors,1.2292437647732462,-2.163668575482873
CL100489,Corporate,Not Specified,United Arab Emirates,Middle East,Investment,Yes,Website,4.0,60.0,1,1,1,50-59,2,Corporate Investors,1.8237020993831619,2.1171968086099855
CL100490,Individual,Female,India,South Asia,Investment,Yes,Social Media,4.0,44.0,1,1,0,40-49,3,Leveraged Investors,0.009487843996442374,-1.0978874640314888
CL100491,Individual,Male,United Arab Emirates,Middle East,Investment,Yes,Friend/Family,4.0,45.0,1,1,0,40-49,3,Leveraged Investors,0.02094775213680914,-1.0689953653500592
CL100492,Individual,Female,United Arab Emirates,Middle East,Investment,No,Website,4.0,52.0,1,0,0,50-59,1,Cash Investors,1.5605128797829728,-1.2358395439661023
CL100493,Individual,Male,United Kingdom,Europe - West,Personal use,Yes,Friend/Family,5.0,47.0,0,1,0,40-49,0,Mortgage Home Buyers,-2.1291126611518476,0.5490069876877002
CL100494,Individual,Other,India,South Asia,Personal use,Yes,Friend/Family,3.0,50.0,0,1,0,40-49,0,Mortgage Home Buyers,-2.2063691610175167,0.6861343668882456
CL100495,Individual,Male,France,Europe - West,Investment,No,Social Media,3.0,36.0,1,0,0,30-39,1,Cash Investors,1.3288196650546003,-1.7070618614968656
CL100496,Individual,Male,Germany,Europe - West,Personal use,No,Property Portal,4.0,28.0,0,0,0,<30,5,Cash Home Buyers,-0.9307352779930066,-0.40031885616355606
CL100497,Individual,Male,United Arab Emirates,Middle East,Personal use,No,Website,5.0,44.0,0,0,0,40-49,5,Cash Home Buyers,-0.7001108536770349,0.07172838956306932
CL100498,Individual,Female,United Kingdom,Europe - West,Investment,Yes,Website,3.0,57.0,1,1,0,50-59,3,Leveraged Investors,0.09758656675633513,-0.6757984190053328
CL100499,Corporate,Not Specified,France,Europe - West,Personal use,Yes,Social Media,4.0,58.0,0,1,1,50-59,4,Corporate Buyers,-0.42537554442824643,3.636498147527287
CL100500,Individual,Female,India,South Asia,Investment,No,Social Media,4.0,33.0,1,0,0,30-39,1,Cash Investors,1.3508634169617322,-1.8221907140234264
CL100501,Individual,Female,Australia,Oceania,Investment,Yes,Agent Referral,4.0,55.0,1,1,0,50-59,3,Leveraged Investors,0.1313654244833183,-0.7559891008113774
CL100502,Individual,Other,Australia,Oceania,Personal use,Yes,Event,4.0,35.0,0,1,0,30-39,0,Mortgage Home Buyers,-2.317312757095236,0.19954110253817106
CL100503,Individual,Female,France,Europe - West,Investment,No,Agent Referral,4.0,37.0,1,0,0,30-39,1,Cash Investors,1.3953466733286626,-1.6975964444593266
CL100504,Individual,Male,France,Europe - West,Personal use,Yes,Agent Referral,5.0,37.0,0,1,0,30-39,0,Mortgage Home Buyers,-2.23982162914804,0.24114441320920627
CL100505,Corporate,Not Specified,India,South Asia,Investment,No,Property Portal,4.0,34.0,1,0,1,30-39,2,Corporate Investors,3.0007223280081523,0.9298912281682966
CL100506,Individual,Male,United Kingdom,Europe - West,Personal use,Yes,Property Portal,4.0,23.0,0,1,0,<30,0,Mortgage Home Buyers,-2.449012163232458,-0.17271067738535878
CL100507,Individual,Male,Singapore,Southeast Asia,Personal use,Yes,Social Media,5.0,36.0,0,1,0,30-39,0,Mortgage Home Buyers,-2.251135889463565,0.20968046949768282
CL100508,Individual,Male,France,Europe - West,Personal use,Yes,Website,4.0,43.0,0,1,0,40-49,0,Mortgage Home Buyers,-2.2293751588064827,0.445508862818686
CL100509,Individual,Male,United States,North America - East,Personal use,No,Agent Referral,5.0,43.0,0,0,0,40-49,5,Cash Home Buyers,-0.7104884118914537,0.04457967638186793
CL100510,Individual,Female,United States,North America - West,Personal use,Yes,Agent Referral,2.0,54.0,0,1,0,50-59,0,Mortgage Home Buyers,-2.2175022287323554,0.8348785063957592
CL100511,Individual,Other,Singapore,Southeast Asia,Investment,No,Social Media,4.0,62.0,1,0,0,60+,1,Cash Investors,1.6714970454586497,-0.9219308974485216
CL100512,Individual,Male,United States,North America - East,Investment,Yes,Friend/Family,4.0,58.0,1,1,0,50-59,3,Leveraged Investors,0.16468006835956508,-0.665430619988895
CL100513,Individual,Female,United Kingdom,Europe - West,Personal use,No,Agent Referral,5.0,52.0,0,0,0,50-59,5,Cash Home Buyers,-0.610981423737238,0.32397065393959695
CL100514,Individual,Male,United Kingdom,Europe - West,Personal use,Yes,Social Media,4.0,40.0,0,1,0,30-39,0,Mortgage Home Buyers,-2.262123309353562,0.35585276397510246
CL100515,Individual,Male,United States,North America - East,Investment,No,Friend/Family,4.0,34.0,1,0,0,30-39,1,Cash Investors,1.362323325102099,-1.7932986153419967
CL100516,Individual,Male,United Kingdom,Europe - West,Personal use,No,Agent Referral,5.0,41.0,0,0,0,40-49,5,Cash Home Buyers,-0.7326010759257239,-0.017507207519849643
CL100517,Corporate,Not Specified,India,South Asia,Investment,No,Unknown,4.0,42.0,1,0,1,40-49,2,Corporate Investors,3.0881489633272627,1.1786925601070126
CL100518,Individual,Male,United States,North America - West,Investment,No,Property Portal,2.0,51.0,1,0,0,50-59,1,Cash Investors,1.4405206877654901,-1.2202366337558614
CL100519,Individual,Male,Singapore,Southeast Asia,Personal use,Yes,Website,5.0,48.0,0,1,0,40-49,0,Mortgage Home Buyers,-2.1188807507622704,0.5787275458989956
CL100520,Individual,Male,Singapore,Southeast Asia,Personal use,No,Website,3.0,40.0,0,0,0,30-39,5,Cash Home Buyers,-0.8547616776626497,-0.008448324892396815
CL100521,Individual,Male,United Kingdom,Europe - West,Personal use,Yes,Website,4.0,50.0,0,1,0,40-49,0,Mortgage Home Buyers,-2.1519808346865372,0.6628129564746974
CL100522,Individual,Female,United States,North America - West,Investment,No,Social Media,4.0,55.0,1,0,0,50-59,1,Cash Investors,1.594102721338704,-1.1392349911045332
CL100523,Individual,Male,United Arab Emirates,Middle East,Investment,No,Social Media,4.0,50.0,1,0,0,40-49,1,Cash Investors,1.5388210612530286,-1.294452200858827
CL100524,Individual,Male,United States,North America - East,Personal use,Yes,Social Media,3.0,40.0,0,1,0,30-39,0,Mortgage Home Buyers,-2.317336057312099,0.37785129064908696
CL100525,Corporate,Not Specified,United Kingdom,Europe - West,Investment,No,Agent Referral,3.0,37.0,1,0,1,30-39,2,Corporate Investors,2.9778677139870102,1.046265510651384
CL100526,Individual,Male,Brazil,Latin America,Personal use,Yes,Social Media,3.0,31.0,0,1,0,30-39,0,Mortgage Home Buyers,-2.4168430454663152,0.09846031309135803
CL100527,Individual,Male,Brazil,Latin America,Investment,No,Website,5.0,33.0,1,0,0,30-39,1,Cash Investors,1.4056553194159433,-1.8476634677064037
CL100528,Individual,Male,India,South Asia,Investment,No,Property Portal,3.0,44.0,1,0,0,40-49,1,Cash Investors,1.4183391116040818,-1.4595392540858574
CL100529,Individual,Female,United Kingdom,Europe - West,Investment,No,Event,3.0,47.0,1,0,0,40-49,1,Cash Investors,1.4505315295870878,-1.3666784517200563
CL100530,Individual,Female,India,South Asia,Investment,Yes,Social Media,4.0,25.0,1,1,0,<30,3,Leveraged Investors,-0.20058246432912435,-1.6877128610978056
CL100531,Individual,Female,India,South Asia,Investment,No,Agent Referral,3.0,36.0,1,0,0,30-39,1,Cash Investors,1.3290775933529904,-1.706641359736201
CL100532,Individual,Female,United Kingdom,Europe - West,Personal use,No,Property Portal,3.0,44.0,0,0,0,40-49,5,Cash Home Buyers,-0.8090467136773826,0.11837474172416905
CL100533,Individual,Male,United Arab Emirates,Middle East,Personal use,No,Website,4.0,31.0,0,0,0,30-39,5,Cash Home Buyers,-0.8990559178583282,-0.3098378291241104
CL100534,Individual,Male,United States,North America - East,Investment,No,Agent Referral,4.0,45.0,1,0,0,40-49,1,Cash Investors,1.4837973294657434,-1.4492489088524563
CL100535,Corporate,Not Specified,United States,North America - East,Investment,No,Property Portal,3.0,49.0,1,0,1,40-49,2,Corporate Investors,3.1113545603066415,1.4175413841051627
CL100536,Individual,Male,France,Europe - West,Investment,Yes,Website,4.0,34.0,1,1,0,30-39,3,Leveraged Investors,-0.10149632167923463,-1.4117961105490693
CL100537,Individual,Male,United States,North America - East,Investment,No,Website,4.0,41.0,1,0,0,40-49,1,Cash Investors,1.4388932275944868,-1.5773174054255488
CL100538,Corporate,Not Specified,United States,North America - West,Personal use,No,Social Media,3.0,51.0,0,0,1,50-59,4,Corporate Buyers,0.9050126086470467,3.058367192012769
CL100539,Individual,Female,Singapore,Southeast Asia,Personal use,Yes,Social Media,4.0,31.0,0,1,0,30-39,0,Mortgage Home Buyers,-2.361630297507778,0.07646178641737342
CL100540,Individual,Male,Brazil,Latin America,Personal use,Yes,Social Media,3.0,38.0,0,1,0,30-39,0,Mortgage Home Buyers,-2.3394487213463693,0.3157644067473695
CL100541,Individual,Male,United Arab Emirates,Middle East,Investment,No,Website,4.0,46.0,1,0,0,40-49,1,Cash Investors,1.4941748876801624,-1.422100195671255
CL100542,Corporate,Not Specified,Singapore,Southeast Asia,Investment,No,Friend/Family,4.0,54.0,1,0,1,50-59,2,Corporate Investors,3.2211837540616854,1.549433652111905
CL100543,Individual,Male,Brazil,Latin America,Personal use,Yes,Agent Referral,4.0,23.0,0,1,0,<30,0,Mortgage Home Buyers,-2.4498230253464683,-0.17146524742883207
CL100544,Individual,Female,United States,North America - East,Personal use,Yes,Event,4.0,25.0,0,1,0,<30,0,Mortgage Home Buyers,-2.427876077266587,-0.11089331697041666
CL100545,Corporate,Not Specified,Germany,Europe - West,Investment,No,Agent Referral,5.0,56.0,1,0,1,50-59,2,Corporate Investors,3.2983635182296513,1.5920938543697318
CL100546,Individual,Female,United Kingdom,Europe - West,Personal use,Yes,Website,4.0,26.0,0,1,0,<30,0,Mortgage Home Buyers,-2.4173328030977794,-0.08222965034591323
CL100547,Corporate,Not Specified,United States,North America - East,Investment,No,Social Media,4.0,52.0,1,0,1,50-59,2,Corporate Investors,3.1986675139041836,1.4894981114796166
CL100548,Corporate,Not Specified,India,South Asia,Investment,No,Agent Referral,5.0,45.0,1,0,1,40-49,2,Corporate Investors,3.176743866041165,1.2506159929102854
CL100549,Corporate,Not Specified,Germany,Europe - West,Investment,No,Social Media,4.0,39.0,1,0,1,30-39,2,Corporate Investors,3.054935197681427,1.0859333661184523
CL100550,Individual,Female,Germany,Europe - West,Investment,No,Agent Referral,3.0,37.0,1,0,0,30-39,1,Cash Investors,1.3401339253701254,-1.675597917785342
CL100551,Individual,Female,United States,North America - East,Investment,No,Agent Referral,4.0,65.0,1,0,0,60+,1,Cash Investors,1.704923969808445,-0.8283800698352806
CL100552,Individual,Male,United States,North America - East,Personal use,Yes,Website,3.0,45.0,0,1,0,40-49,0,Mortgage Home Buyers,-2.26247524273075,0.5295942733943881
CL100553,Individual,Male,Australia,Oceania,Investment,No,Agent Referral,4.0,37.0,1,0,0,30-39,1,Cash Investors,1.3953466733286626,-1.6975964444593266
CL100554,Individual,Male,United States,North America - West,Personal use,Yes,Website,4.0,39.0,0,1,0,30-39,0,Mortgage Home Buyers,-2.2736004868750235,0.32133509501525087
CL100555,Corporate,Not Specified,Canada,North America - East,Investment,Yes,Agent Referral,3.0,31.0,1,1,1,30-39,2,Corporate Investors,1.4485344967304232,1.2428302474787223
CL100556,Individual,Male,United Kingdom,Europe - West,Personal use,Yes,Website,5.0,59.0,0,1,0,50-59,0,Mortgage Home Buyers,-1.9972610985737844,0.920205407358442
CL100557,Individual,Female,France,Europe - West,Personal use,Yes,Property Portal,4.0,36.0,0,1,0,30-39,0,Mortgage Home Buyers,-2.305279847009702,0.23085406797580532
CL100558,Individual,Male,United Arab Emirates,Middle East,Personal use,Yes,Friend/Family,4.0,33.0,0,1,0,30-39,0,Mortgage Home Buyers,-2.339114057350276,0.1363973270496618
CL100559,Individual,Female,France,Europe - West,Personal use,Yes,Website,3.0,25.0,0,1,0,<30,0,Mortgage Home Buyers,-2.483601883073452,-0.09127456562278746
CL100560,Individual,Female,United States,North America - East,Personal use,No,Website,3.0,42.0,0,0,0,40-49,5,Cash Home Buyers,-0.8326490136283795,0.05363855900932076
CL100561,Individual,Male,Canada,North America - East,Investment,Yes,Website,3.0,25.0,1,1,0,<30,3,Leveraged Investors,-0.2562160577919877,-1.6691885614328137
CL100562,Corporate,Not Specified,Singapore,Southeast Asia,Personal use,No,Agent Referral,4.0,31.0,0,0,1,30-39,4,Corporate Buyers,0.7393566445612724,2.415920328082273
CL100563,Individual,Female,United Arab Emirates,Middle East,Investment,No,Social Media,4.0,32.0,1,0,0,30-39,1,Cash Investors,1.339807084944597,-1.853234155974285
CL100564,Individual,Male,United Arab Emirates,Middle East,Investment,No,Agent Referral,5.0,52.0,1,0,0,50-59,1,Cash Investors,1.616404401544226,-1.2539433418704293
CL100565,Individual,Male,India,South Asia,Personal use,Yes,Event,3.0,36.0,0,1,0,30-39,0,Mortgage Home Buyers,-2.361469173036638,0.25258307116301437
CL100566,Individual,Female,India,South Asia,Investment,Yes,Property Portal,4.0,46.0,1,1,0,40-49,3,Leveraged Investors,0.03266929844311333,-1.0366255083256333
CL100567,Corporate,Not Specified,United States,North America - West,Investment,No,Website,5.0,64.0,1,0,1,60+,2,Corporate Investors,3.3861354005640156,1.8365466612069448
CL100568,Corporate,Not Specified,United Kingdom,Europe - West,Investment,No,Website,4.0,62.0,1,0,1,60+,2,Corporate Investors,3.308809988571208,1.7964583039792117
CL100569,Individual,Other,France,Europe - West,Personal use,Yes,Website,4.0,28.0,0,1,0,<30,0,Mortgage Home Buyers,-2.3952201390635093,-0.02014276644419581
CL100570,Corporate,Not Specified,United Kingdom,Europe - West,Investment,No,Website,3.0,57.0,1,0,1,50-59,2,Corporate Investors,3.1983155805269954,1.6632396208989022
CL100571,Individual,Female,Singapore,Southeast Asia,Investment,No,Social Media,3.0,66.0,1,0,0,60+,1,Cash Investors,1.6605096255686527,-0.775758602971102
CL100572,Individual,Female,France,Europe - West,Personal use,Yes,Website,4.0,51.0,0,1,0,50-59,0,Mortgage Home Buyers,-2.140924502669402,0.6938563984255564
CL100573,Corporate,Not Specified,India,South Asia,Investment,No,Website,4.0,56.0,1,0,1,50-59,2,Corporate Investors,3.2424719964683977,1.610197652274059
CL100574,Individual,Female,Singapore,Southeast Asia,Personal use,Yes,Website,3.0,75.0,0,1,0,60+,0,Mortgage Home Buyers,-1.9307852822166975,1.4608975319201516
CL100575,Individual,Female,France,Europe - West,Investment,No,Friend/Family,4.0,31.0,1,0,0,30-39,1,Cash Investors,1.3291543290506938,-1.8864289411945732
CL100576,Individual,Female,Australia,Oceania,Personal use,No,Website,4.0,53.0,0,0,0,50-59,5,Cash Home Buyers,-0.6558166134813563,0.37311789379478283
CL100577,Individual,Male,United Arab Emirates,Middle East,Personal use,Yes,Event,3.0,24.0,0,1,0,<30,0,Mortgage Home Buyers,-2.4941451572422593,-0.119938232247291
CL100578,Individual,Female,Singapore,Southeast Asia,Personal use,No,Agent Referral,4.0,39.0,0,0,0,30-39,5,Cash Home Buyers,-0.8099264879185314,-0.0575955647475826
CL100579,Individual,Male,United Kingdom,Europe - West,Personal use,Yes,Agent Referral,4.0,27.0,0,1,0,<30,0,Mortgage Home Buyers,-2.405597697277928,-0.04729147962539699
CL100580,Individual,Female,France,Europe - West,Investment,No,Social Media,3.0,43.0,1,0,0,40-49,1,Cash Investors,1.4062139891745458,-1.489757767840854
CL100581,Individual,Female,France,Europe - West,Personal use,Yes,Social Media,3.0,42.0,0,1,0,40-49,0,Mortgage Home Buyers,-2.295223393277829,0.43993817455080453
CL100582,Corporate,Not Specified,United States,North America - East,Investment,No,Agent Referral,5.0,65.0,1,0,1,60+,2,Corporate Investors,3.397870506383867,1.8714848319274608
CL100583,Individual,Male,United Kingdom,Europe - West,Personal use,Yes,Social Media,4.0,53.0,0,1,0,50-59,0,Mortgage Home Buyers,-2.118390993130806,0.7594175093362666
CL100584,Corporate,Not Specified,Australia,Oceania,Investment,No,Agent Referral,4.0,57.0,1,0,1,50-59,2,Corporate Investors,3.254207102288249,1.6451358229945752
CL100585,Individual,Male,United Arab Emirates,Middle East,Investment,No,Agent Referral,3.0,44.0,1,0,0,40-49,1,Cash Investors,1.417528249490071,-1.4582938241293306
CL100586,Individual,Male,United States,North America - East,Investment,Yes,Website,3.0,50.0,1,1,0,40-49,3,Leveraged Investors,0.02019224263638939,-0.8931025126613442
CL100587,Individual,Male,United Kingdom,Europe - West,Investment,No,Friend/Family,4.0,25.0,1,0,0,<30,1,Cash Investors,1.2628163369478833,-2.0726895928997258
CL100588,Corporate,Not Specified,United States,North America - West,Personal use,No,Social Media,5.0,57.0,0,0,1,50-59,4,Corporate Buyers,1.0817760966669319,3.2006307903699525
CL100589,Individual,Male,United States,North America - East,Personal use,No,Friend/Family,4.0,41.0,0,0,0,40-49,5,Cash Home Buyers,-0.7876681760594195,0.001919474124041132
CL100590,Corporate,Not Specified,Australia,Oceania,Investment,No,Event,3.0,42.0,1,0,1,40-49,2,Corporate Investors,3.032983658118297,1.1999677669623758
CL100591,Individual,Male,Germany,Europe - West,Personal use,Yes,Social Media,4.0,56.0,0,1,0,50-59,0,Mortgage Home Buyers,-2.0852219970794006,0.852547835188843
CL100592,Individual,Female,United Kingdom,Europe - West,Personal use,Yes,Property Portal,3.0,39.0,0,1,0,30-39,0,Mortgage Home Buyers,-2.3273235989168337,0.3459829205023661
CL100593,Individual,Female,United Arab Emirates,Middle East,Investment,Yes,Agent Referral,4.0,37.0,1,1,0,30-39,3,Leveraged Investors,-0.0676485518251132,-1.3147710559268357
CL100594,Individual,Female,United States,North America - East,Personal use,Yes,Social Media,3.0,32.0,0,1,0,30-39,0,Mortgage Home Buyers,-2.40578671344918,0.12950375504221678
CL100595,Individual,Female,Canada,North America - East,Personal use,Yes,Friend/Family,5.0,44.0,0,1,0,40-49,0,Mortgage Home Buyers,-2.162281657203253,0.455876661835124
CL100596,Individual,Female,India,South Asia,Investment,No,Agent Referral,3.0,37.0,1,0,0,30-39,1,Cash Investors,1.3401339253701254,-1.675597917785342
CL100597,Individual,Female,United Arab Emirates,Middle East,Investment,Yes,Agent Referral,4.0,37.0,1,1,0,30-39,3,Leveraged Investors,-0.0676485518251132,-1.3147710559268357
CL100598,Individual,Female,Brazil,Latin America,Investment,No,Social Media,3.0,40.0,1,0,0,30-39,1,Cash Investors,1.3730449931231405,-1.5828880936934304
CL100599,Individual,Male,United Arab Emirates,Middle East,Investment,No,Website,4.0,48.0,1,0,0,40-49,1,Cash Investors,1.5162875517144325,-1.3600133117695374
CL100600,Individual,Male,Germany,Europe - West,Personal use,Yes,Agent Referral,4.0,34.0,0,1,0,30-39,0,Mortgage Home Buyers,-2.3282033731579825,0.17001261403061435
CL100601,Individual,Female,India,South Asia,Personal use,Yes,Property Portal,5.0,33.0,0,1,0,30-39,0,Mortgage Home Buyers,-2.28323609510257,0.1157252154492444
CL100602,Individual,Male,Australia,Oceania,Personal use,Yes,Social Media,4.0,46.0,0,1,0,40-49,0,Mortgage Home Buyers,-2.1957853172507513,0.5421134156802553
CL100603,Individual,Female,India,South Asia,Investment,No,Website,3.0,23.0,1,0,0,<30,1,Cash Investors,1.184666503327518,-2.1141008338670226
CL100604,Individual,Female,Brazil,Latin America,Personal use,Yes,Website,5.0,35.0,0,1,0,30-39,0,Mortgage Home Buyers,-2.2626130669850264,0.17516280053783126
CL100605,Individual,Male,India,South Asia,Personal use,Yes,Property Portal,4.0,28.0,0,1,0,<30,0,Mortgage Home Buyers,-2.3937305031467826,-0.017493467631065077
CL100606,Corporate,Not Specified,Singapore,Southeast Asia,Investment,No,Event,3.0,61.0,1,0,1,60+,2,Corporate Investors,3.2430539664438633,1.7897931640286928
CL100607,Individual,Female,United States,North America - East,Personal use,No,Friend/Family,4.0,36.0,0,0,0,30-39,5,Cash Home Buyers,-0.8429498361450951,-0.15329773563025278
CL100608,Individual,Female,India,South Asia,Personal use,Yes,Website,4.0,35.0,0,1,0,30-39,0,Mortgage Home Buyers,-2.3178258149435638,0.19716132721181576
CL100609,Corporate,Not Specified,Germany,Europe - West,Personal use,Yes,Agent Referral,4.0,33.0,0,1,1,30-39,4,Corporate Buyers,-0.7015259165582334,2.8608326005164817
CL100610,Individual,Female,United Arab Emirates,Middle East,Personal use,Yes,Agent Referral,4.0,34.0,0,1,0,30-39,0,Mortgage Home Buyers,-2.3282033731579825,0.17001261403061435
CL100611,Individual,Female,United Arab Emirates,Middle East,Personal use,Yes,Unknown,4.0,37.0,0,1,0,30-39,0,Mortgage Home Buyers,-2.295247535810537,0.2623513062585099
CL100612,Corporate,Not Specified,Brazil,Latin America,Investment,No,Social Media,5.0,57.0,1,0,1,50-59,2,Corporate Investors,3.3091619219483963,1.622716794559926
CL100613,Corporate,Not Specified,Brazil,Latin America,Personal use,No,Property Portal,3.0,48.0,0,0,1,40-49,4,Corporate Buyers,0.8729124030080421,2.964411937964331
CL100614,Individual,Female,United Kingdom,Europe - West,Personal use,No,Agent Referral,5.0,36.0,0,0,0,30-39,5,Cash Home Buyers,-0.7878827360113992,-0.17272441727414356
CL100615,Individual,Female,India,South Asia,Investment,No,Property Portal,5.0,29.0,1,0,0,<30,1,Cash Investors,1.36291962726413,-1.9691879366967082
CL100616,Individual,Male,India,South Asia,Investment,No,Agent Referral,5.0,29.0,1,0,0,<30,1,Cash Investors,1.3621087651501191,-1.9679425067401815
CL100617,Corporate,Not Specified,United Kingdom,Europe - West,Investment,No,Agent Referral,4.0,49.0,1,0,1,40-49,2,Corporate Investors,3.1657564461511685,1.3967882873877049
CL100618,Corporate,Not Specified,United States,North America - East,Personal use,No,Social Media,4.0,39.0,0,0,1,30-39,4,Corporate Buyers,0.8275493723999627,2.6638473619284793
CL100619,Individual,Male,United States,North America - West,Investment,Yes,Social Media,3.0,25.0,1,1,0,<30,3,Leveraged Investors,-0.2557952122876616,-1.665714334423821
CL100620,Individual,Female,India,South Asia,Investment,Yes,Property Portal,3.0,50.0,1,1,0,40-49,3,Leveraged Investors,0.021681878553116256,-0.8904532138482134
CL100621,Individual,Male,France,Europe - West,Personal use,Yes,Social Media,2.0,49.0,0,1,0,40-49,0,Mortgage Home Buyers,-2.273041817116421,0.6792407948808007
CL100622,Individual,Male,Brazil,Latin America,Investment,No,Property Portal,5.0,52.0,1,0,0,50-59,1,Cash Investors,1.6172152636582369,-1.255188771826956
CL100623,Individual,Female,Germany,Europe - West,Personal use,Yes,Agent Referral,5.0,45.0,0,1,0,40-49,0,Mortgage Home Buyers,-2.1513709730109594,0.48949194881607655
CL100624,Individual,Male,Brazil,Latin America,Personal use,Yes,Agent Referral,3.0,48.0,0,1,0,40-49,0,Mortgage Home Buyers,-2.2286274728766284,0.626619328016622
CL100625,Individual,Male,Germany,Europe - West,Investment,No,Agent Referral,5.0,65.0,1,0,0,60+,1,Cash Investors,1.7601367177669824,-0.8503785965092652
CL100626,Individual,Female,India,South Asia,Investment,No,Website,4.0,38.0,1,0,0,30-39,1,Cash Investors,1.4057242315430816,-1.6704477312781252
CL100627,Individual,Female,United States,North America - West,Personal use,Yes,Property Portal,3.0,30.0,0,1,0,<30,0,Mortgage Home Buyers,-2.42683058707105,0.06659194294463709
CL100628,Individual,Male,United Arab Emirates,Middle East,Personal use,No,Website,4.0,25.0,0,0,0,<30,5,Cash Home Buyers,-0.9653939099611386,-0.496098480829263
CL100629,Individual,Female,Singapore,Southeast Asia,Personal use,Yes,Agent Referral,3.0,60.0,0,1,0,50-59,0,Mortgage Home Buyers,-2.0959514886710076,0.9991406314269274
CL100630,Individual,Female,Australia,Oceania,Investment,Yes,Agent Referral,4.0,60.0,1,1,0,50-59,3,Leveraged Investors,0.18664708456899368,-0.6007718910570834
CL100631,Corporate,Not Specified,Singapore,Southeast Asia,Personal use,Yes,Friend/Family,4.0,61.0,0,1,1,60+,4,Corporate Buyers,-0.39180297225360955,3.727477130110434
CL100632,Individual,Male,United States,North America - East,Personal use,Yes,Property Portal,4.0,33.0,0,1,0,30-39,0,Mortgage Home Buyers,-2.3384488430611072,0.1377237421232289
CL100633,Individual,Male,United Kingdom,Europe - West,Personal use,Yes,Property Portal,3.0,37.0,0,1,0,30-39,0,Mortgage Home Buyers,-2.349436262951104,0.28389603660064855
CL100634,Individual,Female,United States,North America - West,Investment,Yes,Agent Referral,4.0,54.0,1,1,0,50-59,3,Leveraged Investors,0.12030909246618327,-0.7870325427622362
CL100635,Individual,Female,United States,North America - West,Personal use,Yes,Social Media,4.0,26.0,0,1,0,<30,0,Mortgage Home Buyers,-2.4169119575934532,-0.0787554233369204
CL100636,Individual,Male,India,South Asia,Personal use,Yes,Agent Referral,4.0,22.0,0,1,0,<30,0,Mortgage Home Buyers,-2.4608793573636034,-0.2025086893796909
CL100637,Individual,Female,India,South Asia,Investment,Yes,Property Portal,3.0,64.0,1,1,0,60+,3,Leveraged Investors,0.17647052679300748,-0.4558450265361905
CL100638,Individual,Male,India,South Asia,Personal use,Yes,Website,5.0,45.0,0,1,0,40-49,0,Mortgage Home Buyers,-2.1520497468136757,0.4855972200464191
CL100639,Individual,Female,Singapore,Southeast Asia,Personal use,Yes,Event,3.0,46.0,0,1,0,40-49,0,Mortgage Home Buyers,-2.250905852865287,0.5630174906716022
CL100640,Individual,Female,India,South Asia,Personal use,Yes,Property Portal,4.0,39.0,0,1,0,30-39,0,Mortgage Home Buyers,-2.272110850958297,0.3239843938283816
CL100641,Individual,Female,Singapore,Southeast Asia,Personal use,Yes,Friend/Family,4.0,47.0,0,1,0,40-49,0,Mortgage Home Buyers,-2.1843254091103845,0.5710055143616848
CL100642,Individual,Female,United States,North America - West,Personal use,Yes,Property Portal,5.0,24.0,0,1,0,<30,0,Mortgage Home Buyers,-2.3827430832567855,-0.16366576210848466
CL100643,Individual,Male,Canada,North America - East,Personal use,Yes,Agent Referral,4.0,32.0,0,1,0,30-39,0,Mortgage Home Buyers,-2.3503160371922527,0.10792573012889686
CL100644,Individual,Female,United Arab Emirates,Middle East,Investment,No,Agent Referral,5.0,43.0,1,0,0,40-49,1,Cash Investors,1.5168974133900104,-1.5333343194281583
CL100645,Individual,Male,Singapore,Southeast Asia,Personal use,Yes,Agent Referral,4.0,22.0,0,1,0,<30,0,Mortgage Home Buyers,-2.4608793573636034,-0.2025086893796909
CL100646,Individual,Female,United States,North America - East,Investment,No,Website,4.0,37.0,1,0,0,30-39,1,Cash Investors,1.3946678995259465,-1.701491173228984
CL100647,Individual,Female,France,Europe - West,Investment,Yes,Friend/Family,3.0,36.0,1,1,0,30-39,3,Leveraged Investors,-0.133771983975944,-1.3263878162338036
CL100648,Individual,Male,India,South Asia,Personal use,Yes,Social Media,3.0,37.0,0,1,0,30-39,0,Mortgage Home Buyers,-2.3505050533635043,0.28472096479651066
CL100649,Corporate,Not Specified,United States,North America - West,Investment,No,Property Portal,5.0,60.0,1,0,1,50-59,2,Corporate Investors,3.343399708412202,1.7150221922166402
CL100650,Corporate,Not Specified,Germany,Europe - West,Investment,No,Property Portal,4.0,50.0,1,0,1,40-49,2,Corporate Investors,3.177623640282314,1.4265862993820368
CL100651,Corporate,Not Specified,Australia,Oceania,Investment,No,Website,4.0,33.0,1,0,1,30-39,2,Corporate Investors,2.9881763600742905,0.8961984874043071
CL100652,Individual,Male,India,South Asia,Investment,No,Agent Referral,5.0,43.0,1,0,0,40-49,1,Cash Investors,1.5168974133900104,-1.5333343194281583
CL100653,Individual,Female,Canada,North America - East,Investment,No,Agent Referral,3.0,37.0,1,0,0,30-39,1,Cash Investors,1.3401339253701254,-1.675597917785342
CL100654,Individual,Male,Singapore,Southeast Asia,Investment,No,Website,3.0,26.0,1,0,0,<30,1,Cash Investors,1.2178354993789233,-2.020970508014446
CL100655,Individual,Female,United Kingdom,Europe - West,Personal use,No,Friend/Family,2.0,41.0,0,0,0,40-49,5,Cash Home Buyers,-0.898093671976494,0.04591652747201013
CL100656,Individual,Female,Singapore,Southeast Asia,Investment,No,Friend/Family,5.0,37.0,1,0,0,30-39,1,Cash Investors,1.4507050691120416,-1.722166816163405
CL100657,Individual,Female,United Kingdom,Europe - West,Personal use,Yes,Friend/Family,4.0,36.0,0,1,0,30-39,0,Mortgage Home Buyers,-2.305945061298871,0.2295276529022382
CL100658,Individual,Male,United Arab Emirates,Middle East,Personal use,Yes,Social Media,4.0,23.0,0,1,0,<30,0,Mortgage Home Buyers,-2.4500809536448585,-0.17188574918949667
CL100659,Individual,Female,United Kingdom,Europe - West,Investment,No,Property Portal,4.0,49.0,1,0,0,40-49,1,Cash Investors,1.5288335196482945,-1.326320571005548
CL100660,Individual,Female,Canada,North America - East,Investment,No,Social Media,5.0,27.0,1,0,0,<30,1,Cash Investors,1.3397381728174589,-2.0304498924025633
CL100661,Individual,Female,Australia,Oceania,Investment,Yes,Event,3.0,41.0,1,1,0,40-49,3,Leveraged Investors,-0.07880168766949856,-1.170113714892718
CL100662,Individual,Female,United States,North America - East,Investment,Yes,Property Portal,4.0,32.0,1,1,0,30-39,3,Leveraged Investors,-0.12211934979677791,-1.4712336956376562
CL100663,Corporate,Not Specified,United States,North America - West,Investment,No,Friend/Family,4.0,40.0,1,0,1,30-39,2,Corporate Investors,3.066395105821794,1.114825464799882
CL100664,Individual,Female,United Kingdom,Europe - West,Personal use,Yes,Website,4.0,53.0,0,1,0,50-59,0,Mortgage Home Buyers,-2.118811838635132,0.7559432823272738
CL100665,Individual,Female,India,South Asia,Personal use,No,Property Portal,5.0,46.0,0,0,0,40-49,5,Cash Home Buyers,-0.6765085537260379,0.13646457227791764
CL100666,Individual,Male,Singapore,Southeast Asia,Personal use,Yes,Agent Referral,3.0,53.0,0,1,0,50-59,0,Mortgage Home Buyers,-2.173345812790953,0.7818365377709159
CL100667,Individual,Female,Brazil,Latin America,Personal use,No,Agent Referral,4.0,45.0,0,0,0,40-49,5,Cash Home Buyers,-0.7435884958157207,0.12866508695757
CL100668,Individual,Male,United Kingdom,Europe - West,Personal use,Yes,Social Media,4.0,45.0,0,1,0,40-49,0,Mortgage Home Buyers,-2.2068416492678864,0.5110699737293963
CL100669,Individual,Male,Germany,Europe - West,Investment,No,Agent Referral,4.0,22.0,1,0,0,<30,1,Cash Investors,1.2295016930716363,-2.1632480737222086
CL100670,Individual,Female,United States,North America - West,Investment,No,Website,4.0,38.0,1,0,0,30-39,1,Cash Investors,1.4057242315430816,-1.6704477312781252
CL100671,Individual,Male,United Arab Emirates,Middle East,Personal use,Yes,Website,3.0,39.0,0,1,0,30-39,0,Mortgage Home Buyers,-2.3288132348335604,0.34333362168923537
CL100672,Individual,Other,Brazil,Latin America,Investment,No,Property Portal,5.0,55.0,1,0,0,50-59,1,Cash Investors,1.6503842597096423,-1.16205844597438
CL100673,Corporate,Not Specified,India,South Asia,Investment,No,Friend/Family,4.0,33.0,1,0,1,30-39,2,Corporate Investors,2.9890007817018485,0.8975213711438706
CL100674,Individual,Female,United Arab Emirates,Middle East,Personal use,Yes,Event,5.0,43.0,0,1,0,40-49,0,Mortgage Home Buyers,-2.173649352999618,0.4258901114710567
CL100675,Individual,Male,United Kingdom,Europe - West,Investment,Yes,Property Portal,4.0,44.0,1,1,0,40-49,3,Leveraged Investors,0.010556634408843186,-1.098712392227351
CL100676,Individual,Female,Australia,Oceania,Investment,No,Agent Referral,4.0,54.0,1,0,0,50-59,1,Cash Investors,1.583304317619959,-1.1698579312947275
CL100677,Individual,Male,France,Europe - West,Personal use,Yes,Property Portal,4.0,40.0,0,1,0,30-39,0,Mortgage Home Buyers,-2.2610545189411617,0.35502783577924035
CL100678,Individual,Male,United States,North America - East,Investment,No,Social Media,4.0,51.0,1,0,0,50-59,1,Cash Investors,1.5498773932701637,-1.2634087589079683
CL100679,Individual,Male,United Kingdom,Europe - West,Personal use,Yes,Agent Referral,5.0,22.0,0,1,0,<30,0,Mortgage Home Buyers,-2.405666609405066,-0.22450721605367552
CL100680,Individual,Female,United States,North America - East,Investment,No,Event,3.0,24.0,1,0,0,<30,1,Cash Investors,1.1962358931929808,-2.080677616589808
CL100681,Individual,Other,United States,North America - West,Personal use,Yes,Property Portal,2.0,22.0,0,1,0,<30,0,Mortgage Home Buyers,-2.5704939911666673,-0.15975706598824863
CL100682,Individual,Other,United States,North America - East,Personal use,Yes,Website,4.0,50.0,0,1,0,40-49,0,Mortgage Home Buyers,-2.1519808346865372,0.6628129564746974
CL100683,Individual,Male,Germany,Europe - West,Personal use,Yes,Property Portal,4.0,48.0,0,1,0,40-49,0,Mortgage Home Buyers,-2.1726038628040807,0.6033753713861107
CL100684,Corporate,Not Specified,United Arab Emirates,Middle East,Investment,No,Website,4.0,40.0,1,0,1,30-39,2,Corporate Investors,3.065570684194236,1.1135025810603185
CL100685,Corporate,Not Specified,United Kingdom,Europe - West,Investment,No,Property Portal,4.0,32.0,1,0,1,30-39,2,Corporate Investors,2.978609663973882,0.8678043442665792
CL100686,Corporate,Not Specified,Germany,Europe - West,Investment,No,Social Media,4.0,64.0,1,0,1,60+,2,Corporate Investors,3.3313434981098045,1.862019414889922
CL100687,Individual,Female,Brazil,Latin America,Personal use,Yes,Website,2.0,40.0,0,1,0,30-39,0,Mortgage Home Buyers,-2.3729696507749627,0.3963755903140787
CL100688,Individual,Male,India,South Asia,Investment,Yes,Property Portal,4.0,56.0,1,1,0,50-59,3,Leveraged Investors,0.14323261861446404,-0.7261910888170453
CL100689,Individual,Female,France,Europe - West,Investment,No,Social Media,5.0,60.0,1,0,0,50-59,1,Cash Investors,1.704597129382917,-1.006016308024224
CL100690,Corporate,Not Specified,United Kingdom,Europe - West,Investment,No,Website,4.0,51.0,1,0,1,50-59,2,Corporate Investors,3.1871903363827223,1.4549804425197652
CL100691,Individual,Male,Australia,Oceania,Personal use,No,Property Portal,3.0,44.0,0,0,0,40-49,5,Cash Home Buyers,-0.8090467136773826,0.11837474172416905
CL100692,Individual,Male,Canada,North America - East,Personal use,Yes,Property Portal,3.0,56.0,0,1,0,50-59,0,Mortgage Home Buyers,-2.1393659546255375,0.8737214336669656
CL100693,Individual,Male,United Kingdom,Europe - West,Personal use,Yes,Social Media,4.0,38.0,0,1,0,30-39,0,Mortgage Home Buyers,-2.2842359733878324,0.2937658800733849
CL100694,Individual,Male,Australia,Oceania,Personal use,Yes,Friend/Family,5.0,36.0,0,1,0,30-39,0,Mortgage Home Buyers,-2.2507323133403334,0.2075291262282536
CL100695,Individual,Male,France,Europe - West,Personal use,Yes,Website,2.0,40.0,0,1,0,30-39,0,Mortgage Home Buyers,-2.3729696507749627,0.3963755903140787
CL100696,Individual,Female,India,South Asia,Personal use,Yes,Agent Referral,4.0,31.0,0,1,0,30-39,0,Mortgage Home Buyers,-2.3613723692093878,0.07688228817803802
CL100697,Individual,Male,United Arab Emirates,Middle East,Investment,Yes,Friend/Family,3.0,40.0,1,1,0,30-39,3,Leveraged Investors,-0.08954665590740359,-1.2022140484303685
CL100698,Corporate,Not Specified,United Arab Emirates,Middle East,Investment,Yes,Agent Referral,4.0,48.0,1,1,1,40-49,2,Corporate Investors,1.691704888980257,1.7485702339693372
CL100699,Individual,Female,United Kingdom,Europe - West,Investment,No,Social Media,4.0,53.0,1,0,0,50-59,1,Cash Investors,1.5719900573044339,-1.2013218750062509
CL100700,Corporate,Not Specified,Canada,North America - East,Personal use,Yes,Property Portal,3.0,30.0,0,1,1,<30,4,Corporate Buyers,-0.7890967984541656,2.7884553713813633
CL100701,Individual,Female,United Kingdom,Europe - West,Personal use,Yes,Property Portal,4.0,57.0,0,1,0,50-59,0,Mortgage Home Buyers,-2.073096874649865,0.8827663489438398
CL100702,Individual,Male,United States,North America - West,Personal use,Yes,Social Media,5.0,23.0,0,1,0,<30,0,Mortgage Home Buyers,-2.394868205686321,-0.19388427586348128
CL100703,Individual,Male,Singapore,Southeast Asia,Investment,Yes,Social Media,3.0,62.0,1,1,0,60+,3,Leveraged Investors,0.15328907234633654,-0.5171069822420461
CL100704,Corporate,Not Specified,United Kingdom,Europe - West,Personal use,Yes,Property Portal,3.0,31.0,0,1,1,30-39,4,Corporate Buyers,-0.7780404664370305,2.8194988133322223
CL100705,Individual,Female,United Arab Emirates,Middle East,Investment,No,Property Portal,5.0,28.0,1,0,0,<30,1,Cash Investors,1.351863295246995,-2.0002313786475665
CL100706,Individual,Female,India,South Asia,Investment,Yes,Website,4.0,35.0,1,1,0,30-39,3,Leveraged Investors,-0.09043998966209955,-1.3807526685982106
CL100707,Individual,Male,India,South Asia,Personal use,Yes,Social Media,4.0,56.0,0,1,0,50-59,0,Mortgage Home Buyers,-2.0852219970794006,0.852547835188843
CL100708,Individual,Male,Germany,Europe - West,Personal use,No,Website,3.0,44.0,0,0,0,40-49,5,Cash Home Buyers,-0.8105363495941094,0.11572544291103831
CL100709,Individual,Male,Germany,Europe - West,Personal use,Yes,Website,4.0,39.0,0,1,0,30-39,0,Mortgage Home Buyers,-2.2736004868750235,0.32133509501525087
CL100710,Individual,Male,Brazil,Latin America,Investment,Yes,Agent Referral,5.0,33.0,1,1,0,30-39,3,Leveraged Investors,-0.056661131935116356,-1.4609433504042553
CL100711,Corporate,Not Specified,India,South Asia,Investment,No,Social Media,4.0,50.0,1,0,1,40-49,2,Corporate Investors,3.1765548498699134,1.427411227577899
CL100712,Individual,Male,Singapore,Southeast Asia,Investment,No,Property Portal,4.0,53.0,1,0,0,50-59,1,Cash Investors,1.5730588477168348,-1.202146803202113
CL100713,Individual,Male,Australia,Oceania,Investment,No,Property Portal,3.0,50.0,1,0,0,40-49,1,Cash Investors,1.4846771037068922,-1.2732786023807046
CL100714,Individual,Male,India,South Asia,Personal use,No,Agent Referral,4.0,55.0,0,0,0,50-59,5,Cash Home Buyers,-0.6330251756443699,0.43909950646615786
CL100715,Corporate,Not Specified,United States,North America - West,Investment,No,Agent Referral,3.0,46.0,1,0,1,40-49,2,Corporate Investors,3.077374702141226,1.325656488209113
CL100716,Corporate,Not Specified,United Arab Emirates,Middle East,Investment,No,Website,4.0,39.0,1,0,1,30-39,2,Corporate Investors,3.054514352177101,1.0824591391094596
CL100717,Individual,Female,United States,North America - East,Personal use,Yes,Website,3.0,28.0,0,1,0,<30,0,Mortgage Home Buyers,-2.4504328870220466,0.0018557602297887984
CL100718,Corporate,Not Specified,United Arab Emirates,Middle East,Investment,No,Website,4.0,33.0,1,0,1,30-39,2,Corporate Investors,2.9881763600742905,0.8961984874043071
CL100719,Individual,Female,Brazil,Latin America,Personal use,No,Event,3.0,37.0,0,0,0,30-39,5,Cash Home Buyers,-0.8874176158657272,-0.09919887541861788
CL100720,Corporate,Not Specified,France,Europe - West,Investment,No,Website,4.0,42.0,1,0,1,40-49,2,Corporate Investors,3.087683348228506,1.1755894649620362
CL100721,Corporate,Not Specified,Germany,Europe - West,Investment,Yes,Friend/Family,3.0,37.0,1,1,1,30-39,2,Corporate Investors,1.5150181366580755,1.4265190541537813
CL100722,Individual,Male,United States,North America - East,Personal use,Yes,Agent Referral,4.0,52.0,0,1,0,50-59,0,Mortgage Home Buyers,-2.1291893968495508,0.7287945691460725
CL100723,Individual,Male,Brazil,Latin America,Personal use,Yes,Social Media,2.0,47.0,0,1,0,40-49,0,Mortgage Home Buyers,-2.295154481150691,0.617153910979083
CL100724,Individual,Male,United States,North America - East,Investment,No,Property Portal,4.0,47.0,1,0,0,40-49,1,Cash Investors,1.5067208556140244,-1.3884074549072656
CL100725,Individual,Male,United States,North America - East,Investment,Yes,Property Portal,3.0,34.0,1,1,0,30-39,3,Leveraged Investors,-0.15521943372104505,-1.387148285061954
CL100726,Corporate,Not Specified,Canada,North America - East,Personal use,No,Agent Referral,4.0,38.0,0,0,1,30-39,4,Corporate Buyers,0.8167509686812179,2.6332244217382845
CL100727,Individual,Female,United States,North America - East,Personal use,Yes,Property Portal,2.0,26.0,0,1,0,<30,0,Mortgage Home Buyers,-2.526268663098127,-0.03558329818481343
CL100728,Individual,Female,Germany,Europe - West,Investment,No,Agent Referral,5.0,39.0,1,0,0,30-39,1,Cash Investors,1.47267208532147,-1.6575080872315935
CL100729,Corporate,Not Specified,France,Europe - West,Investment,No,Property Portal,4.0,40.0,1,0,1,30-39,2,Corporate Investors,3.0670603201109627,1.116151879873449
CL100730,Individual,Female,United Kingdom,Europe - West,Investment,No,Website,4.0,24.0,1,0,0,<30,1,Cash Investors,1.2509355833031903,-2.105055918590148
CL100731,Individual,Female,United States,North America - East,Investment,Yes,Social Media,2.0,38.0,1,1,0,30-39,3,Leveraged Investors,-0.1672756440234428,-1.2401510623886725
CL100732,Individual,Male,United States,North America - West,Investment,Yes,Friend/Family,3.0,67.0,1,1,0,60+,3,Leveraged Investors,0.2089743085552436,-0.36404111575718145
CL100733,Individual,Male,United Kingdom,Europe - West,Investment,Yes,Property Portal,3.0,23.0,1,1,0,<30,3,Leveraged Investors,-0.27683908590953094,-1.7286261465214008
CL100734,Individual,Female,United States,North America - East,Investment,No,Property Portal,5.0,28.0,1,0,0,<30,1,Cash Investors,1.351863295246995,-2.0002313786475665
CL100735,Individual,Female,India,South Asia,Investment,Yes,Agent Referral,4.0,44.0,1,1,0,40-49,3,Leveraged Investors,0.009745772294832526,-1.0974669622708242
CL100736,Individual,Male,United States,North America - West,Personal use,Yes,Property Portal,4.0,61.0,0,1,0,60+,0,Mortgage Home Buyers,-2.0288715465813247,1.0069401167472747
CL100737,Individual,Male,United Kingdom,Europe - West,Personal use,No,Agent Referral,3.0,43.0,0,0,0,40-49,5,Cash Home Buyers,-0.8209139078085282,0.08857672972983702
CL100738,Individual,Other,United Kingdom,Europe - West,Personal use,No,Agent Referral,3.0,48.0,0,0,0,40-49,5,Cash Home Buyers,-0.7656322477228529,0.24379393948413092
CL100739,Individual,Male,Germany,Europe - West,Investment,No,Website,4.0,38.0,1,0,0,30-39,1,Cash Investors,1.4057242315430816,-1.6704477312781252
CL100740,Individual,Female,United States,North America - West,Personal use,No,Agent Referral,5.0,35.0,0,0,0,30-39,5,Cash Home Buyers,-0.7989390680285343,-0.2037678592250023
CL100741,Individual,Female,United States,North America - West,Personal use,Yes,Website,4.0,41.0,0,1,0,40-49,0,Mortgage Home Buyers,-2.251487822840753,0.38342197891696844
CL100742,Individual,Female,Singapore,Southeast Asia,Personal use,Yes,Friend/Family,5.0,33.0,0,1,0,30-39,0,Mortgage Home Buyers,-2.2839013093917386,0.11439880037567726
CL100743,Individual,Female,United States,North America - West,Investment,No,Website,3.0,48.0,1,0,0,40-49,1,Cash Investors,1.4610748037558952,-1.3380147850955528
CL100744,Individual,Male,France,Europe - West,Investment,No,Social Media,4.0,23.0,1,0,0,<30,1,Cash Investors,1.2403000967903814,-2.132625133532014
CL100745,Individual,Female,France,Europe - West,Personal use,Yes,Website,2.0,50.0,0,1,0,40-49,0,Mortgage Home Buyers,-2.262406330603612,0.7068100098226666
CL100746,Corporate,Not Specified,United Kingdom,Europe - West,Investment,Yes,Friend/Family,4.0,32.0,1,1,1,30-39,2,Corporate Investors,1.5149492245309373,1.2493033177255028
CL100747,Individual,Female,Germany,Europe - West,Investment,No,Agent Referral,5.0,39.0,1,0,0,30-39,1,Cash Investors,1.47267208532147,-1.6575080872315935
CL100748,Individual,Male,India,South Asia,Investment,No,Agent Referral,3.0,22.0,1,0,0,<30,1,Cash Investors,1.1742889451130991,-2.141249547048224
CL100749,Individual,Male,Singapore,Southeast Asia,Personal use,No,Friend/Family,5.0,30.0,0,0,0,<30,5,Cash Home Buyers,-0.8540750802893684,-0.36155691400939005
CL100750,Individual,Male,Canada,North America - East,Personal use,Yes,Property Portal,5.0,54.0,0,1,0,50-59,0,Mortgage Home Buyers,-2.051053122742733,0.767637496417279
CL100751,Individual,Male,United Kingdom,Europe - West,Investment,No,Event,3.0,39.0,1,0,0,30-39,1,Cash Investors,1.3620808734500072,-1.6150259873269266
CL100752,Individual,Female,Canada,North America - East,Personal use,Yes,Agent Referral,4.0,44.0,0,1,0,40-49,0,Mortgage Home Buyers,-2.2176400529866314,0.4804470335392022
CL100753,Corporate,Not Specified,Germany,Europe - West,Investment,No,Event,5.0,48.0,1,0,1,40-49,2,Corporate Investors,3.2097471461381817,1.3422313653195594
CL100754,Individual,Female,India,South Asia,Investment,No,Social Media,4.0,40.0,1,0,0,30-39,1,Cash Investors,1.4282577410816777,-1.6048866203674148
CL100755,Individual,Female,Canada,North America - East,Personal use,Yes,Property Portal,4.0,25.0,0,1,0,<30,0,Mortgage Home Buyers,-2.426899499198188,-0.11062379348364122
CL100756,Individual,Male,United Kingdom,Europe - West,Investment,Yes,Website,2.0,42.0,1,1,0,40-49,3,Leveraged Investors,-0.12347116145922844,-1.11945152159423
CL100757,Individual,Male,Australia,Oceania,Personal use,No,Website,4.0,46.0,0,0,0,40-49,5,Cash Home Buyers,-0.7332109376013018,0.1558138001387714
CL100758,Individual,Male,United States,North America - East,Personal use,Yes,Unknown,4.0,44.0,0,1,0,40-49,0,Mortgage Home Buyers,-2.217853211690591,0.47965539991452133
CL100759,Individual,Male,Germany,Europe - West,Personal use,Yes,Property Portal,3.0,31.0,0,1,0,30-39,0,Mortgage Home Buyers,-2.4157742550539147,0.09763538489549593
CL100760,Corporate,Not Specified,India,South Asia,Investment,No,Website,3.0,33.0,1,0,1,30-39,2,Corporate Investors,2.9329636121157536,0.9181970140782915
CL100761,Individual,Male,United States,North America - West,Investment,No,Website,4.0,46.0,1,0,0,40-49,1,Cash Investors,1.4941748876801624,-1.422100195671255
CL100762,Individual,Male,United States,North America - East,Personal use,Yes,Social Media,3.0,39.0,0,1,0,30-39,0,Mortgage Home Buyers,-2.328392389329234,0.3468078486982282
CL100763,Individual,Female,United States,North America - East,Personal use,Yes,Event,4.0,37.0,0,1,0,30-39,0,Mortgage Home Buyers,-2.295200093060966,0.2616279864398886
CL100764,Individual,Male,Australia,Oceania,Personal use,Yes,Social Media,4.0,61.0,0,1,0,60+,0,Mortgage Home Buyers,-2.0299403369937252,1.0077650449431368
CL100765,Corporate,Not Specified,United States,North America - East,Investment,No,Friend/Family,4.0,66.0,1,0,1,60+,2,Corporate Investors,3.3538597382673063,1.9219549555222104
CL100766,Individual,Male,United States,North America - West,Investment,No,Website,4.0,52.0,1,0,0,50-59,1,Cash Investors,1.5605128797829728,-1.2358395439661023
CL100767,Individual,Female,United States,North America - West,Investment,No,Property Portal,4.0,29.0,1,0,0,<30,1,Cash Investors,1.3077068793055928,-1.9471894100227236
CL100768,Individual,Female,United States,North America - West,Investment,No,Website,5.0,49.0,1,0,0,40-49,1,Cash Investors,1.5825566316901047,-1.350968396492663
CL100769,Corporate,Not Specified,United Arab Emirates,Middle East,Investment,No,Agent Referral,5.0,44.0,1,0,1,40-49,2,Corporate Investors,3.16568753402403,1.2195725509594264
CL100770,Individual,Male,Canada,North America - East,Personal use,No,Social Media,4.0,35.0,0,0,0,30-39,5,Cash Home Buyers,-0.8544097442854619,-0.1821898343116824
CL100771,Individual,Female,United Arab Emirates,Middle East,Personal use,Yes,Agent Referral,5.0,28.0,0,1,0,<30,0,Mortgage Home Buyers,-2.3393286173022556,-0.03824656434852287
CL100772,Corporate,Not Specified,United Arab Emirates,Middle East,Investment,No,Friend/Family,4.0,63.0,1,0,1,60+,2,Corporate Investors,3.320690742215901,1.8288246296696342
CL100773,Individual,Female,Singapore,Southeast Asia,Investment,No,Friend/Family,4.0,34.0,1,0,0,30-39,1,Cash Investors,1.362323325102099,-1.7932986153419967
CL100774,Individual,Female,United States,North America - West,Investment,No,Agent Referral,4.0,46.0,1,0,0,40-49,1,Cash Investors,1.4948536614828785,-1.4182054669015975
CL100775,Individual,Female,Singapore,Southeast Asia,Personal use,Yes,Website,4.0,30.0,0,1,0,<30,0,Mortgage Home Buyers,-2.373107475029239,0.04194411745752188
CL100776,Individual,Female,United Arab Emirates,Middle East,Personal use,No,Website,2.0,43.0,0,0,0,40-49,5,Cash Home Buyers,-0.8768054295697816,0.10668052763416408
CL100777,Individual,Male,United States,North America - East,Personal use,No,Website,4.0,24.0,0,0,0,<30,5,Cash Home Buyers,-0.9764502419782739,-0.5271419227801218
CL100778,Corporate,Not Specified,India,South Asia,Investment,No,Property Portal,5.0,43.0,1,0,1,40-49,2,Corporate Investors,3.1554420641209053,1.187283679052041
CL100779,Individual,Male,Singapore,Southeast Asia,Personal use,Yes,Social Media,4.0,28.0,0,1,0,<30,0,Mortgage Home Buyers,-2.394799293559183,-0.01666853943520298
CL100780,Individual,Female,Canada,North America - East,Investment,No,Website,4.0,40.0,1,0,0,30-39,1,Cash Investors,1.4278368955773517,-1.6083608473764075
CL100781,Corporate,Not Specified,Australia,Oceania,Investment,No,Website,3.0,64.0,1,0,1,60+,2,Corporate Investors,3.275709904646941,1.880543714554914
CL100782,Corporate,Not Specified,Germany,Europe - West,Investment,No,Property Portal,4.0,56.0,1,0,1,50-59,2,Corporate Investors,3.2439616323851244,1.6128469510871897
CL100783,Corporate,Not Specified,United Arab Emirates,Middle East,Investment,No,Property Portal,4.0,40.0,1,0,1,30-39,2,Corporate Investors,3.0670603201109627,1.116151879873449
CL100784,Individual,Female,Brazil,Latin America,Personal use,Yes,Property Portal,5.0,31.0,0,1,0,30-39,0,Mortgage Home Buyers,-2.30534875913684,0.05363833154752684
CL100785,Corporate,Not Specified,United Kingdom,Europe - West,Investment,No,Website,3.0,43.0,1,0,1,40-49,2,Corporate Investors,3.0435269322871044,1.2286314335868795
CL100786,Individual,Other,Singapore,Southeast Asia,Personal use,Yes,Social Media,3.0,53.0,0,1,0,50-59,0,Mortgage Home Buyers,-2.173603741089343,0.7814160360102512
CL100787,Individual,Male,United Kingdom,Europe - West,Personal use,Yes,Website,3.0,37.0,0,1,0,30-39,0,Mortgage Home Buyers,-2.3509258988678305,0.2812467377875178
CL100788,Individual,Male,India,South Asia,Personal use,No,Property Portal,5.0,23.0,0,0,0,<30,5,Cash Home Buyers,-0.9308041901201448,-0.5775345925918344
CL100789,Corporate,Not Specified,United Arab Emirates,Middle East,Personal use,Yes,Agent Referral,4.0,36.0,0,1,1,30-39,4,Corporate Buyers,-0.6683569205068282,2.953962926369058
CL100790,Corporate,Not Specified,United States,North America - West,Investment,No,Friend/Family,3.0,30.0,1,0,1,<30,2,Corporate Investors,2.900619037691906,0.8263895719652788
CL100791,Individual,Male,Germany,Europe - West,Personal use,Yes,Website,2.0,33.0,0,1,0,30-39,0,Mortgage Home Buyers,-2.450363974894908,0.1790714966580673
CL100792,Individual,Female,United Kingdom,Europe - West,Investment,No,Property Portal,3.0,57.0,1,0,0,50-59,1,Cash Investors,1.562071427826838,-1.0559745087246932
CL100793,Individual,Male,United States,North America - East,Personal use,No,Agent Referral,5.0,31.0,0,0,0,30-39,5,Cash Home Buyers,-0.8431643960970748,-0.32794162702843743
CL100794,Individual,Male,United States,North America - West,Personal use,Yes,Property Portal,4.0,47.0,0,1,0,40-49,0,Mortgage Home Buyers,-2.1836601948212158,0.572331929435252
CL100795,Individual,Male,United Kingdom,Europe - West,Investment,No,Website,3.0,53.0,1,0,0,50-59,1,Cash Investors,1.5163564638415707,-1.182797575341259
CL100796,Individual,Female,United States,North America - East,Investment,No,Property Portal,3.0,45.0,1,0,0,40-49,1,Cash Investors,1.4293954436212168,-1.4284958121349987
CL100797,Individual,Male,United States,North America - West,Personal use,Yes,Website,5.0,25.0,0,1,0,<30,0,Mortgage Home Buyers,-2.373176387156377,-0.13527161897075654
CL100798,Corporate,Not Specified,India,South Asia,Investment,No,Friend/Family,5.0,42.0,1,0,1,40-49,2,Corporate Investors,3.1437205178146015,1.1549138220276152
CL100799,Individual,Female,India,South Asia,Personal use,No,Property Portal,4.0,54.0,0,0,0,50-59,5,Cash Home Buyers,-0.6432706455474945,0.4068106345587723
CL100800,Corporate,Not Specified,India,South Asia,Investment,No,Agent Referral,5.0,39.0,1,0,1,30-39,2,Corporate Investors,3.1104058739383547,1.0643553412051325
CL100801,Individual,Male,United Kingdom,Europe - West,Personal use,No,Agent Referral,5.0,52.0,0,0,0,50-59,5,Cash Home Buyers,-0.610981423737238,0.32397065393959695
CL100802,Individual,Female,Australia,Oceania,Personal use,Yes,Agent Referral,5.0,37.0,0,1,0,30-39,0,Mortgage Home Buyers,-2.23982162914804,0.24114441320920627
CL100803,Individual,Female,United Arab Emirates,Middle East,Investment,Yes,Agent Referral,4.0,43.0,1,1,0,40-49,3,Leveraged Investors,-0.0013105597223027692,-1.128510404221683
CL100804,Individual,Male,United States,North America - East,Personal use,Yes,Friend/Family,3.0,26.0,0,1,0,<30,0,Mortgage Home Buyers,-2.471721129428759,-0.058908239932365165
CL100805,Individual,Female,United States,North America - West,Personal use,Yes,Website,5.0,35.0,0,1,0,30-39,0,Mortgage Home Buyers,-2.2626130669850264,0.17516280053783126
CL100806,Individual,Female,India,South Asia,Personal use,Yes,Website,3.0,31.0,0,1,0,30-39,0,Mortgage Home Buyers,-2.4172638909706414,0.0949860860823652
CL100807,Individual,Male,United States,North America - East,Investment,Yes,Agent Referral,3.0,44.0,1,1,0,40-49,3,Leveraged Investors,-0.04546697566370484,-1.0754684355968396
CL100808,Individual,Female,France,Europe - West,Investment,No,Agent Referral,3.0,43.0,1,0,0,40-49,1,Cash Investors,1.4064719174729359,-1.4893372660801893
CL100809,Individual,Female,Brazil,Latin America,Personal use,Yes,Website,3.0,47.0,0,1,0,40-49,0,Mortgage Home Buyers,-2.24036257869648,0.5916811572961058
CL100810,Individual,Female,United States,North America - East,Personal use,Yes,Friend/Family,2.0,36.0,0,1,0,30-39,0,Mortgage Home Buyers,-2.416370557215945,0.2735247062502072
CL100811,Individual,Female,United States,North America - West,Investment,No,Website,3.0,31.0,1,0,0,30-39,1,Cash Investors,1.2731171594645987,-1.8657532982601521
CL100812,Individual,Female,Brazil,Latin America,Personal use,Yes,Property Portal,3.0,43.0,0,1,0,40-49,0,Mortgage Home Buyers,-2.2830982708482934,0.4701566883058014
CL100813,Individual,Other,United Arab Emirates,Middle East,Investment,No,Friend/Family,3.0,29.0,1,0,0,<30,1,Cash Investors,1.2518289170578862,-1.926517298422306
CL100814,Individual,Female,United States,North America - East,Personal use,No,Agent Referral,5.0,53.0,0,0,0,50-59,5,Cash Home Buyers,-0.5999250917201028,0.3550140958904559
CL100815,Individual,Female,Australia,Oceania,Investment,No,Property Portal,4.0,39.0,1,0,0,30-39,1,Cash Investors,1.4182701994769435,-1.6367549905141359
CL100816,Individual,Female,Australia,Oceania,Investment,No,Social Media,4.0,38.0,1,0,0,30-39,1,Cash Investors,1.4061450770474075,-1.6669735042691325
CL100817,Corporate,Not Specified,France,Europe - West,Personal use,No,Social Media,4.0,63.0,0,0,1,60+,4,Corporate Buyers,1.0929013408112052,3.40888996874909
CL100818,Individual,Female,United Arab Emirates,Middle East,Investment,Yes,Agent Referral,4.0,40.0,1,1,0,30-39,3,Leveraged Investors,-0.03447955577370799,-1.2216407300742593
CL100819,Individual,Male,Canada,North America - East,Personal use,Yes,Friend/Family,4.0,22.0,0,1,0,<30,0,Mortgage Home Buyers,-2.460733709538762,-0.20508053440978474
CL100820,Individual,Male,United States,North America - East,Personal use,Yes,Website,4.0,29.0,0,1,0,<30,0,Mortgage Home Buyers,-2.384163807046374,0.01090067550666303
CL100821,Individual,Female,United Arab Emirates,Middle East,Investment,No,Social Media,4.0,52.0,1,0,0,50-59,1,Cash Investors,1.5609337252872988,-1.2323653169571096
CL100822,Individual,Male,United Kingdom,Europe - West,Personal use,Yes,Website,2.0,42.0,0,1,0,40-49,0,Mortgage Home Buyers,-2.3508569867406925,0.4584624742157963
CL100823,Corporate,Not Specified,United Arab Emirates,Middle East,Investment,No,Agent Referral,5.0,65.0,1,0,1,60+,2,Corporate Investors,3.397870506383867,1.8714848319274608
CL100824,Individual,Female,Singapore,Southeast Asia,Personal use,No,Social Media,3.0,45.0,0,0,0,40-49,5,Cash Home Buyers,-0.7990591720726483,0.15024311187089
CL100825,Individual,Female,United States,North America - East,Personal use,Yes,Website,4.0,34.0,0,1,0,30-39,0,Mortgage Home Buyers,-2.328882146960699,0.16611788526095692
CL100826,Individual,Male,United Arab Emirates,Middle East,Investment,No,Agent Referral,4.0,31.0,1,0,0,30-39,1,Cash Investors,1.3290086812258521,-1.8838570961644794
CL100827,Individual,Female,Canada,North America - East,Investment,No,Property Portal,3.0,28.0,1,0,0,<30,1,Cash Investors,1.2414377993299204,-1.956234325299598
CL100828,Individual,Male,Singapore,Southeast Asia,Investment,Yes,Agent Referral,4.0,51.0,1,1,0,50-59,3,Leveraged Investors,0.08714009641477805,-0.8801628686148125
CL100829,Individual,Female,Canada,North America - East,Personal use,Yes,Website,4.0,23.0,0,1,0,<30,0,Mortgage Home Buyers,-2.4505017991491846,-0.1753599761984895
CL100830,Individual,Male,United Arab Emirates,Middle East,Investment,No,Agent Referral,4.0,32.0,1,0,0,30-39,1,Cash Investors,1.3400650132429872,-1.8528136542136204
CL100831,Corporate,Not Specified,United Arab Emirates,Middle East,Investment,No,Property Portal,4.0,51.0,1,0,1,50-59,2,Corporate Investors,3.188679972299449,1.4576297413328958
CL100832,Individual,Female,United Kingdom,Europe - West,Personal use,Yes,Friend/Family,3.0,59.0,0,1,0,50-59,0,Mortgage Home Buyers,-2.106862172863301,0.9655253444459746
CL100833,Corporate,Not Specified,India,South Asia,Investment,No,Social Media,4.0,45.0,1,0,1,40-49,2,Corporate Investors,3.121273189784238,1.272194017823605
CL100834,Individual,Female,India,South Asia,Personal use,Yes,Property Portal,3.0,32.0,0,1,0,30-39,0,Mortgage Home Buyers,-2.4047179230367797,0.12867882684635468
CL100835,Corporate,Not Specified,United Arab Emirates,Middle East,Investment,No,Friend/Family,3.0,56.0,1,0,1,50-59,2,Corporate Investors,3.1880836701374182,1.633519062687607
CL100836,Individual,Male,India,South Asia,Investment,No,Property Portal,4.0,26.0,1,0,0,<30,1,Cash Investors,1.2745378832541876,-2.0403197358752996
CL100837,Individual,Male,Brazil,Latin America,Investment,Yes,Friend/Family,4.0,43.0,1,1,0,40-49,3,Leveraged Investors,-0.001164911897461229,-1.1310822492517767
CL100838,Corporate,Not Specified,Germany,Europe - West,Investment,Yes,Property Portal,4.0,60.0,1,1,1,50-59,2,Corporate Investors,1.8251917352998888,2.1198461074231165
CL100839,Individual,Female,France,Europe - West,Personal use,Yes,Social Media,3.0,31.0,0,1,0,30-39,0,Mortgage Home Buyers,-2.4168430454663152,0.09846031309135803
CL100840,Corporate,Not Specified,United States,North America - East,Investment,No,Agent Referral,3.0,57.0,1,0,1,50-59,2,Corporate Investors,3.1989943543297117,1.6671343496685596
CL100841,Individual,Male,India,South Asia,Personal use,No,Website,5.0,36.0,0,0,0,30-39,5,Cash Home Buyers,-0.7885615098141154,-0.176619146043801
CL100842,Individual,Male,France,Europe - West,Personal use,Yes,Website,2.0,49.0,0,1,0,40-49,0,Mortgage Home Buyers,-2.273462662620747,0.6757665678718079
CL100843,Individual,Female,Germany,Europe - West,Investment,No,Social Media,4.0,22.0,1,0,0,<30,1,Cash Investors,1.2292437647732462,-2.163668575482873
CL100844,Individual,Male,United States,North America - East,Personal use,Yes,Event,5.0,45.0,0,1,0,40-49,0,Mortgage Home Buyers,-2.151536688965348,0.4879769953727744
CL100845,Corporate,Not Specified,Australia,Oceania,Personal use,No,Friend/Family,4.0,31.0,0,0,1,30-39,4,Corporate Buyers,0.7395022923861139,2.4133484830521796
CL100846,Corporate,Not Specified,United Kingdom,Europe - West,Investment,No,Property Portal,4.0,30.0,1,0,1,<30,2,Corporate Investors,2.956496999939612,0.8057174603648615
CL100847,Individual,Male,India,South Asia,Personal use,Yes,Friend/Family,4.0,41.0,0,1,0,40-49,0,Mortgage Home Buyers,-2.250663401213195,0.38474486265653207
CL100848,Individual,Male,United States,North America - West,Investment,No,Property Portal,4.0,55.0,1,0,0,50-59,1,Cash Investors,1.595171511751105,-1.1400599193003953
CL100849,Individual,Male,Brazil,Latin America,Personal use,No,Friend/Family,5.0,46.0,0,0,0,40-49,5,Cash Home Buyers,-0.677173768015207,0.13513815720435052
CL100850,Individual,Female,United States,North America - East,Investment,No,Agent Referral,4.0,40.0,1,0,0,30-39,1,Cash Investors,1.4285156693800678,-1.6044661186067501
CL100851,Individual,Female,United States,North America - East,Personal use,Yes,Social Media,3.0,49.0,0,1,0,40-49,0,Mortgage Home Buyers,-2.2178290691578835,0.6572422682068161
CL100852,Individual,Male,Singapore,Southeast Asia,Personal use,Yes,Agent Referral,4.0,49.0,0,1,0,40-49,0,Mortgage Home Buyers,-2.162358392900956,0.6356642432934961
CL100853,Individual,Female,Australia,Oceania,Personal use,Yes,Website,5.0,46.0,0,1,0,40-49,0,Mortgage Home Buyers,-2.1409934147965406,0.5166406619972779
CL100854,Corporate,Not Specified,United States,North America - East,Personal use,Yes,Agent Referral,3.0,65.0,0,1,1,60+,4,Corporate Buyers,-0.4029360399684479,3.876221269617947
CL100855,Individual,Female,Germany,Europe - West,Investment,No,Agent Referral,5.0,30.0,1,0,0,<30,1,Cash Investors,1.3731650971672542,-1.9368990647893225
CL100856,Individual,Female,India,South Asia,Personal use,Yes,Website,4.0,57.0,0,1,0,50-59,0,Mortgage Home Buyers,-2.0745865105665917,0.880117050130709
CL100857,Individual,Male,Singapore,Southeast Asia,Investment,Yes,Agent Referral,5.0,27.0,1,1,0,<30,3,Leveraged Investors,-0.12299912403792679,-1.6472040021094079
CL100858,Corporate,Not Specified,United Kingdom,Europe - West,Investment,Yes,Property Portal,4.0,45.0,1,1,1,40-49,2,Corporate Investors,1.6593467550428627,1.654194478160234
CL100859,Individual,Female,France,Europe - West,Investment,Yes,Agent Referral,5.0,48.0,1,1,0,40-49,3,Leveraged Investors,0.10918384832190997,-0.9952917211413734
CL100860,Individual,Female,India,South Asia,Personal use,Yes,Property Portal,4.0,33.0,0,1,0,30-39,0,Mortgage Home Buyers,-2.3384488430611072,0.1377237421232289
CL100861,Individual,Male,India,South Asia,Personal use,Yes,Website,3.0,23.0,0,1,0,<30,0,Mortgage Home Buyers,-2.505714547107722,-0.153361449524505
CL100862,Corporate,Not Specified,India,South Asia,Investment,No,Event,4.0,62.0,1,0,1,60+,2,Corporate Investors,3.309323046419536,1.798838079305567
CL100863,Individual,Male,United Arab Emirates,Middle East,Personal use,Yes,Friend/Family,3.0,64.0,0,1,0,60+,0,Mortgage Home Buyers,-2.0515805127776257,1.1207425542002687
CL100864,Individual,Other,United States,North America - West,Personal use,Yes,Property Portal,5.0,31.0,0,1,0,30-39,0,Mortgage Home Buyers,-2.30534875913684,0.05363833154752684
CL100865,Individual,Female,Australia,Oceania,Investment,No,Social Media,3.0,33.0,1,0,0,30-39,1,Cash Investors,1.295650669003195,-1.800192187349442
CL100866,Individual,Male,Singapore,Southeast Asia,Personal use,Yes,Friend/Family,4.0,30.0,0,1,0,<30,0,Mortgage Home Buyers,-2.372283053401681,0.04326700119708548
CL100867,Individual,Female,India,South Asia,Personal use,Yes,Agent Referral,3.0,54.0,0,1,0,50-59,0,Mortgage Home Buyers,-2.162289480773818,0.8128799797217746
CL100868,Individual,Male,United States,North America - West,Personal use,No,Agent Referral,4.0,38.0,0,0,0,30-39,5,Cash Home Buyers,-0.8209828199356665,-0.08863900669844152
CL100869,Individual,Male,United States,North America - East,Personal use,Yes,Friend/Family,3.0,35.0,0,1,0,30-39,0,Mortgage Home Buyers,-2.3722141412745428,0.22048273762536386
CL100870,Individual,Female,India,South Asia,Personal use,Yes,Website,4.0,57.0,0,1,0,50-59,0,Mortgage Home Buyers,-2.0745865105665917,0.880117050130709
CL100871,Individual,Male,United States,North America - East,Investment,Yes,Website,4.0,48.0,1,1,0,40-49,3,Leveraged Investors,0.053292326560656605,-0.9771879232370464
CL100872,Individual,Female,Brazil,Latin America,Personal use,Yes,Property Portal,5.0,31.0,0,1,0,30-39,0,Mortgage Home Buyers,-2.30534875913684,0.05363833154752684
CL100873,Individual,Female,United Kingdom,Europe - West,Investment,Yes,Website,5.0,27.0,1,1,0,<30,3,Leveraged Investors,-0.123677897840643,-1.6510987308790652
CL100874,Individual,Female,India,South Asia,Investment,No,Friend/Family,4.0,53.0,1,0,0,50-59,1,Cash Investors,1.5723936334276656,-1.20347321827568
CL100875,Individual,Female,Australia,Oceania,Investment,No,Website,3.0,42.0,1,0,0,40-49,1,Cash Investors,1.3947368116530847,-1.5242754368007054
CL100876,Individual,Male,United Kingdom,Europe - West,Personal use,Yes,Agent Referral,3.0,24.0,0,1,0,<30,0,Mortgage Home Buyers,-2.4939794412878706,-0.11842327880398887
CL100877,Individual,Female,United Kingdom,Europe - West,Personal use,Yes,Agent Referral,4.0,23.0,0,1,0,<30,0,Mortgage Home Buyers,-2.4498230253464683,-0.17146524742883207
CL100878,Individual,Female,United Arab Emirates,Middle East,Investment,Yes,Social Media,4.0,29.0,1,1,0,<30,3,Leveraged Investors,-0.15635713626058406,-1.5635390932943705
CL100879,Corporate,Not Specified,United Arab Emirates,Middle East,Investment,No,Property Portal,4.0,54.0,1,0,1,50-59,2,Corporate Investors,3.221848968350854,1.550760067185472
CL100880,Individual,Male,Germany,Europe - West,Personal use,Yes,Property Portal,3.0,23.0,0,1,0,<30,0,Mortgage Home Buyers,-2.5042249111909953,-0.15071215071137428
CL100881,Individual,Male,United Arab Emirates,Middle East,Investment,No,Agent Referral,5.0,29.0,1,0,0,<30,1,Cash Investors,1.3621087651501191,-1.9679425067401815
CL100882,Individual,Male,Australia,Oceania,Personal use,No,Agent Referral,3.0,30.0,0,0,0,<30,5,Cash Home Buyers,-0.9646462240312844,-0.31498801563132717
CL100883,Individual,Female,Germany,Europe - West,Investment,No,Property Portal,3.0,35.0,1,0,0,30-39,1,Cash Investors,1.3188321234498661,-1.7389302316435864
CL100884,Individual,Male,United States,North America - East,Personal use,No,Website,3.0,59.0,0,0,0,50-59,5,Cash Home Buyers,-0.644691369337083,0.58137707217392
CL100885,Individual,Female,United Kingdom,Europe - West,Investment,No,Website,4.0,38.0,1,0,0,30-39,1,Cash Investors,1.4057242315430816,-1.6704477312781252
CL100886,Corporate,Not Specified,United Kingdom,Europe - West,Investment,No,Social Media,5.0,44.0,1,0,1,40-49,2,Corporate Investors,3.16542960572564,1.2191520491987617
CL100887,Individual,Male,United States,North America - West,Personal use,No,Property Portal,4.0,46.0,0,0,0,40-49,5,Cash Home Buyers,-0.731721301684575,0.15846309895190214
CL100888,Individual,Male,United States,North America - West,Personal use,Yes,Agent Referral,4.0,39.0,0,1,0,30-39,0,Mortgage Home Buyers,-2.272921713072307,0.32522982378490833
CL100889,Individual,Male,India,South Asia,Investment,Yes,Website,4.0,45.0,1,1,0,40-49,3,Leveraged Investors,0.020123330509251393,-1.0703182490896228
CL100890,Individual,Other,United Kingdom,Europe - West,Personal use,Yes,Event,3.0,44.0,0,1,0,40-49,0,Mortgage Home Buyers,-2.2730185168995574,0.5009306067698848
CL100891,Corporate,Not Specified,Brazil,Latin America,Personal use,No,Property Portal,4.0,49.0,0,0,1,40-49,4,Corporate Buyers,0.9391814829837145,2.973456853241205
CL100892,Individual,Male,Canada,North America - East,Personal use,Yes,Friend/Family,4.0,71.0,0,1,0,60+,0,Mortgage Home Buyers,-1.918973440699143,1.3160481211822956
CL100893,Individual,Male,United States,North America - West,Personal use,Yes,Friend/Family,3.0,52.0,0,1,0,50-59,0,Mortgage Home Buyers,-2.1842564969832465,0.7482212507899633
CL100894,Individual,Male,India,South Asia,Personal use,No,Property Portal,4.0,29.0,0,0,0,<30,5,Cash Home Buyers,-0.9196789459758715,-0.3692754142126972
CL100895,Individual,Female,Australia,Oceania,Personal use,No,Friend/Family,4.0,45.0,0,0,0,40-49,5,Cash Home Buyers,-0.7434428479908792,0.12609324192747617
CL100896,Individual,Female,Canada,North America - East,Personal use,Yes,Property Portal,5.0,32.0,0,1,0,30-39,0,Mortgage Home Buyers,-2.294292427119705,0.08468177349838567
CL100897,Individual,Male,United States,North America - East,Investment,No,Social Media,4.0,46.0,1,0,0,40-49,1,Cash Investors,1.4945957331844884,-1.4186259686622622
CL100898,Corporate,Not Specified,United States,North America - West,Personal use,Yes,Agent Referral,5.0,43.0,0,1,1,40-49,4,Corporate Buyers,-0.5357498484283453,3.149268493351085
CL100899,Individual,Male,France,Europe - West,Personal use,Yes,Property Portal,4.0,29.0,0,1,0,<30,0,Mortgage Home Buyers,-2.3826741711296475,0.013549974319793764
CL100900,Individual,Female,Germany,Europe - West,Personal use,Yes,Friend/Family,3.0,44.0,0,1,0,40-49,0,Mortgage Home Buyers,-2.272707153120327,0.499873715183093
CL100901,Corporate,Not Specified,Canada,North America - East,Investment,No,Agent Referral,4.0,63.0,1,0,1,60+,2,Corporate Investors,3.3205450943910595,1.831396474699728
CL100902,Corporate,Not Specified,United States,North America - East,Investment,No,Social Media,4.0,53.0,1,0,1,50-59,2,Corporate Investors,3.2097238459213187,1.5205415534304754
CL100903,Individual,Female,France,Europe - West,Personal use,Yes,Property Portal,3.0,51.0,0,1,0,50-59,0,Mortgage Home Buyers,-2.194647614711213,0.7185042239126715
CL100904,Individual,Female,Brazil,Latin America,Personal use,Yes,Agent Referral,4.0,46.0,0,1,0,40-49,0,Mortgage Home Buyers,-2.195527388952361,0.5425339174409199
CL100905,Individual,Male,United Arab Emirates,Middle East,Investment,No,Friend/Family,4.0,43.0,1,0,0,40-49,1,Cash Investors,1.4618303132563146,-1.5139076377842677
CL100906,Individual,Other,France,Europe - West,Personal use,Yes,Website,3.0,36.0,0,1,0,30-39,0,Mortgage Home Buyers,-2.3619822308849656,0.25020329583665907
CL100907,Corporate,Not Specified,United States,North America - West,Investment,No,Social Media,5.0,32.0,1,0,1,30-39,2,Corporate Investors,3.032753621520019,0.8466307457884565
CL100908,Individual,Male,Canada,North America - East,Personal use,Yes,Event,2.0,53.0,0,1,0,50-59,0,Mortgage Home Buyers,-2.228724276703879,0.8023201110015984
CL100909,Individual,Female,United Kingdom,Europe - West,Personal use,No,Property Portal,4.0,40.0,0,0,0,30-39,5,Cash Home Buyers,-0.7980592937873857,-0.02779755275325058
CL100910,Corporate,Not Specified,India,South Asia,Investment,Yes,Property Portal,5.0,50.0,1,1,1,40-49,2,Corporate Investors,1.7698411630870752,1.7874131612405435
CL100911,Individual,Female,Singapore,Southeast Asia,Investment,Yes,Friend/Family,4.0,59.0,1,1,0,50-59,3,Leveraged Investors,0.17573640037670016,-0.6343871780380361
CL100912,Individual,Male,Australia,Oceania,Investment,No,Social Media,4.0,41.0,1,0,0,40-49,1,Cash Investors,1.4393140730988128,-1.573843178416556
CL100913,Individual,Female,Brazil,Latin America,Investment,No,Friend/Family,5.0,41.0,1,0,0,40-49,1,Cash Investors,1.4949303971805818,-1.5979930483599698
CL100914,Individual,Female,Brazil,Latin America,Personal use,Yes,Agent Referral,4.0,46.0,0,1,0,40-49,0,Mortgage Home Buyers,-2.195527388952361,0.5425339174409199
CL100915,Corporate,Not Specified,Brazil,Latin America,Personal use,No,Social Media,2.0,30.0,0,0,1,<30,4,Corporate Buyers,0.6176168883286726,2.4284534377187192
CL100916,Individual,Male,United States,North America - West,Personal use,Yes,Social Media,4.0,32.0,0,1,0,30-39,0,Mortgage Home Buyers,-2.350573965490643,0.10750522836823226
CL100917,Individual,Male,United States,North America - East,Personal use,No,Social Media,2.0,45.0,0,0,0,40-49,5,Cash Home Buyers,-0.8542719200311855,0.1722416385448745
CL100918,Individual,Female,United Kingdom,Europe - West,Investment,Yes,Agent Referral,3.0,41.0,1,1,0,40-49,3,Leveraged Investors,-0.07863597171511005,-1.168598761449416
CL100919,Corporate,Not Specified,United Arab Emirates,Middle East,Investment,No,Agent Referral,5.0,32.0,1,0,1,30-39,2,Corporate Investors,3.033011549818409,0.8470512475491212
CL100920,Individual,Male,United States,North America - West,Personal use,No,Agent Referral,4.0,49.0,0,0,0,40-49,5,Cash Home Buyers,-0.6993631677471804,0.25283885476100515
CL100921,Corporate,Not Specified,Singapore,Southeast Asia,Investment,No,Agent Referral,5.0,45.0,1,0,1,40-49,2,Corporate Investors,3.176743866041165,1.2506159929102854
CL100922,Corporate,Not Specified,United Arab Emirates,Middle East,Investment,No,Agent Referral,3.0,41.0,1,0,1,40-49,2,Corporate Investors,3.0220930420555505,1.1704392784548192
CL100923,Individual,Female,France,Europe - West,Personal use,Yes,Website,4.0,45.0,0,1,0,40-49,0,Mortgage Home Buyers,-2.2072624947722126,0.5075957467204035
CL100924,Corporate,Not Specified,United States,North America - West,Investment,No,Property Portal,3.0,49.0,1,0,1,40-49,2,Corporate Investors,3.1113545603066415,1.4175413841051627
CL100925,Individual,Female,Canada,North America - East,Investment,No,Website,5.0,35.0,1,0,0,30-39,1,Cash Investors,1.4277679834502135,-1.785576583804686
CL100926,Individual,Male,United States,North America - East,Investment,No,Property Portal,4.0,44.0,1,0,0,40-49,1,Cash Investors,1.4735518595626191,-1.4815377807598418
CL100927,Individual,Male,Singapore,Southeast Asia,Personal use,Yes,Agent Referral,5.0,40.0,0,1,0,30-39,0,Mortgage Home Buyers,-2.2066526330966347,0.33427473906178257
CL100928,Corporate,Not Specified,United Arab Emirates,Middle East,Investment,No,Property Portal,3.0,33.0,1,0,1,30-39,2,Corporate Investors,2.9344532480324803,0.9208463128914223
CL100929,Corporate,Not Specified,India,South Asia,Investment,No,Friend/Family,5.0,56.0,1,0,1,50-59,2,Corporate Investors,3.298509166054493,1.589522009339638
CL100930,Individual,Male,United Kingdom,Europe - West,Personal use,Yes,Property Portal,3.0,48.0,0,1,0,40-49,0,Mortgage Home Buyers,-2.227816610762618,0.6253738980600954
CL100931,Corporate,Not Specified,United Kingdom,Europe - West,Personal use,No,Property Portal,2.0,39.0,0,0,1,30-39,4,Corporate Buyers,0.718192666895289,2.707019487080586
CL100932,Individual,Female,Germany,Europe - West,Personal use,No,Friend/Family,4.0,55.0,0,0,0,50-59,5,Cash Home Buyers,-0.6328795278195284,0.43652766143606403
CL100933,Corporate,Not Specified,India,South Asia,Investment,No,Website,5.0,61.0,1,0,1,60+,2,Corporate Investors,3.3529664045126104,1.7434163353543684
CL100934,Corporate,Not Specified,India,South Asia,Investment,Yes,Social Media,4.0,49.0,1,1,1,40-49,2,Corporate Investors,1.702503292699002,1.7791931741595313
CL100935,Individual,Female,United States,North America - East,Investment,No,Agent Referral,5.0,49.0,1,0,0,40-49,1,Cash Investors,1.5832354054928208,-1.3470736677230057
CL100936,Individual,Female,Australia,Oceania,Personal use,Yes,Property Portal,4.0,32.0,0,1,0,30-39,0,Mortgage Home Buyers,-2.3495051750782423,0.10668030017237017
CL100937,Individual,Male,United States,North America - East,Personal use,No,Property Portal,3.0,53.0,0,0,0,50-59,5,Cash Home Buyers,-0.7095397255231667,0.3977657192818982
CL100938,Corporate,Not Specified,Australia,Oceania,Investment,Yes,Agent Referral,5.0,32.0,1,1,1,30-39,2,Corporate Investors,1.5700163246646328,1.229876636081612
CL100939,Individual,Female,United States,North America - West,Personal use,Yes,Friend/Family,4.0,54.0,0,1,0,50-59,0,Mortgage Home Buyers,-2.106931084990439,0.7883096080176961
CL100940,Individual,Female,Canada,North America - East,Investment,Yes,Agent Referral,3.0,45.0,1,1,0,40-49,3,Leveraged Investors,-0.03441064364656977,-1.0444249936459808
CL100941,Individual,Female,Singapore,Southeast Asia,Personal use,No,Friend/Family,4.0,35.0,0,0,0,30-39,5,Cash Home Buyers,-0.8540061681622302,-0.18434117758111163
CL100942,Individual,Male,United States,North America - East,Personal use,Yes,Social Media,4.0,43.0,0,1,0,40-49,0,Mortgage Home Buyers,-2.2289543133021565,0.44898308982767887
CL100943,Individual,Male,Germany,Europe - West,Investment,No,Social Media,5.0,45.0,1,0,0,40-49,1,Cash Investors,1.5387521491258904,-1.4716679372871055
CL100944,Individual,Male,Germany,Europe - West,Investment,No,Property Portal,3.0,35.0,1,0,0,30-39,1,Cash Investors,1.3188321234498661,-1.7389302316435864
CL100945,Corporate,Not Specified,Canada,North America - East,Personal use,No,Agent Referral,4.0,43.0,0,0,1,40-49,4,Corporate Buyers,0.8720326287668935,2.7884416314925784
CL100946,Individual,Female,India,South Asia,Investment,Yes,Property Portal,3.0,48.0,1,1,0,40-49,3,Leveraged Investors,-0.0004307854811538901,-0.952540097749931
CL100947,Corporate,Not Specified,Singapore,Southeast Asia,Investment,Yes,Friend/Family,5.0,53.0,1,1,1,50-59,2,Corporate Investors,1.8023449448493114,1.8792170720195527
CL100948,Individual,Male,Singapore,Southeast Asia,Investment,No,Agent Referral,4.0,62.0,1,0,0,60+,1,Cash Investors,1.6717549737570399,-0.921510395687857
CL100949,Corporate,Not Specified,United Kingdom,Europe - West,Investment,No,Agent Referral,5.0,31.0,1,0,1,30-39,2,Corporate Investors,3.021955217801274,0.8160078055982625
CL100950,Individual,Male,France,Europe - West,Personal use,No,Website,3.0,29.0,0,0,0,<30,5,Cash Home Buyers,-0.9763813298511357,-0.3499261863518434
CL100951,Individual,Male,Canada,North America - East,Personal use,No,Social Media,4.0,31.0,0,0,0,30-39,5,Cash Home Buyers,-0.8986350723540022,-0.30636360211511754
CL100952,Individual,Male,Canada,North America - East,Investment,No,Property Portal,4.0,58.0,1,0,0,50-59,1,Cash Investors,1.6283405078025102,-1.046929593447819
CL100953,Individual,Female,United States,North America - East,Personal use,Yes,Website,5.0,62.0,0,1,0,60+,0,Mortgage Home Buyers,-1.9640921025223792,1.0133357332110182
CL100954,Individual,Male,Australia,Oceania,Personal use,No,Website,5.0,53.0,0,0,0,50-59,5,Cash Home Buyers,-0.600603865522819,0.35111936712079844
CL100955,Corporate,Not Specified,Australia,Oceania,Personal use,No,Social Media,4.0,31.0,0,0,1,30-39,4,Corporate Buyers,0.7390987162628821,2.415499826321609
CL100956,Individual,Other,India,South Asia,Personal use,Yes,Agent Referral,3.0,55.0,0,1,0,50-59,0,Mortgage Home Buyers,-2.151233148756683,0.8439234216726333
CL100957,Individual,Female,France,Europe - West,Personal use,Yes,Agent Referral,5.0,47.0,0,1,0,40-49,0,Mortgage Home Buyers,-2.129258308976689,0.5515788327177941
CL100958,Individual,Male,France,Europe - West,Personal use,Yes,Friend/Family,3.0,45.0,0,1,0,40-49,0,Mortgage Home Buyers,-2.261650821103192,0.5309171571339517
CL100959,Individual,Female,France,Europe - West,Investment,No,Agent Referral,2.0,47.0,1,0,0,40-49,1,Cash Investors,1.395484497582939,-1.3431649716027698
CL100960,Individual,Female,France,Europe - West,Investment,No,Property Portal,2.0,50.0,1,0,0,40-49,1,Cash Investors,1.429464355748355,-1.2512800757067202
CL100961,Individual,Male,Germany,Europe - West,Investment,No,Agent Referral,3.0,32.0,1,0,0,30-39,1,Cash Investors,1.2848522652844498,-1.830815127539636
CL100962,Individual,Female,United States,North America - West,Investment,No,Social Media,4.0,50.0,1,0,0,40-49,1,Cash Investors,1.5388210612530286,-1.294452200858827
CL100963,Corporate,Not Specified,United States,North America - East,Personal use,Yes,Agent Referral,5.0,59.0,0,1,1,50-59,4,Corporate Buyers,-0.35884853615418383,3.6459635645648256
CL100964,Individual,Male,Brazil,Latin America,Investment,No,Agent Referral,3.0,38.0,1,0,0,30-39,1,Cash Investors,1.3511902573872605,-1.6445544758344832
CL100965,Individual,Female,France,Europe - West,Personal use,Yes,Social Media,3.0,38.0,0,1,0,30-39,0,Mortgage Home Buyers,-2.3394487213463693,0.3157644067473695
CL100966,Individual,Male,Brazil,Latin America,Investment,No,Friend/Family,4.0,46.0,1,0,0,40-49,1,Cash Investors,1.49499930930772,-1.4207773119316913
CL100967,Individual,Male,United States,North America - East,Personal use,Yes,Event,5.0,33.0,0,1,0,30-39,0,Mortgage Home Buyers,-2.284212673170969,0.11545569196246896
CL100968,Individual,Female,United Arab Emirates,Middle East,Investment,No,Website,3.0,27.0,1,0,0,<30,1,Cash Investors,1.2288918313960584,-1.9899270660635873
CL100969,Corporate,Not Specified,United States,North America - West,Investment,No,Social Media,4.0,46.0,1,0,1,40-49,2,Corporate Investors,3.132329521801373,1.303237459774464
CL100970,Individual,Male,Canada,North America - East,Investment,No,Friend/Family,4.0,37.0,1,0,0,30-39,1,Cash Investors,1.3954923211535042,-1.7001682894894203
CL100971,Individual,Male,United States,North America - West,Personal use,Yes,Website,5.0,42.0,0,1,0,40-49,0,Mortgage Home Buyers,-2.185218742865081,0.3924668941938427
CL100972,Corporate,Not Specified,United States,North America - West,Investment,No,Property Portal,4.0,46.0,1,0,1,40-49,2,Corporate Investors,3.1333983122137736,1.302412531578602
CL100973,Individual,Male,Australia,Oceania,Personal use,Yes,Agent Referral,4.0,56.0,0,1,0,50-59,0,Mortgage Home Buyers,-2.0849640687810105,0.8529683369495077
CL100974,Corporate,Not Specified,United Kingdom,Europe - West,Personal use,Yes,Property Portal,4.0,60.0,0,1,1,50-59,4,Corporate Buyers,-0.40219408998157546,3.6977601032331426
CL100975,Individual,Male,United Arab Emirates,Middle East,Investment,No,Social Media,4.0,39.0,1,0,0,30-39,1,Cash Investors,1.4172014090645426,-1.6359300623182738
CL100976,Individual,Male,Germany,Europe - West,Personal use,Yes,Website,4.0,28.0,0,1,0,<30,0,Mortgage Home Buyers,-2.3952201390635093,-0.02014276644419581
CL100977,Corporate,Not Specified,Germany,Europe - West,Investment,No,Friend/Family,3.0,48.0,1,0,1,40-49,2,Corporate Investors,3.0996330140003376,1.385171527080737
CL100978,Corporate,Not Specified,France,Europe - West,Investment,No,Website,2.0,61.0,1,0,1,60+,2,Corporate Investors,3.1873281606369983,1.809411915376322
CL100979,Corporate,Not Specified,United States,North America - East,Investment,No,Friend/Family,4.0,46.0,1,0,1,40-49,2,Corporate Investors,3.132733097924605,1.301086116505035
CL100980,Individual,Male,Brazil,Latin America,Personal use,Yes,Property Portal,4.0,43.0,0,1,0,40-49,0,Mortgage Home Buyers,-2.227885522889756,0.44815816163181676
CL100981,Corporate,Not Specified,Singapore,Southeast Asia,Investment,No,Social Media,3.0,49.0,1,0,1,40-49,2,Corporate Investors,3.110285769894241,1.4183663123010248
CL100982,Individual,Male,India,South Asia,Personal use,Yes,Agent Referral,4.0,50.0,0,1,0,40-49,0,Mortgage Home Buyers,-2.151302060883821,0.6667076852443549
CL100983,Individual,Male,Germany,Europe - West,Personal use,Yes,Agent Referral,3.0,40.0,0,1,0,30-39,0,Mortgage Home Buyers,-2.317078129013709,0.37827179240975156
CL100984,Individual,Female,United States,North America - East,Investment,No,Social Media,5.0,45.0,1,0,0,40-49,1,Cash Investors,1.5387521491258904,-1.4716679372871055
CL100985,Individual,Female,Australia,Oceania,Personal use,No,Friend/Family,4.0,31.0,0,0,0,30-39,5,Cash Home Buyers,-0.8982314962307705,-0.30851494538454677
CL100986,Individual,Male,United Kingdom,Europe - West,Personal use,Yes,Friend/Family,4.0,69.0,0,1,0,60+,0,Mortgage Home Buyers,-1.9410861047334131,1.253961237280578
CL100987,Individual,Female,United States,North America - East,Personal use,Yes,Agent Referral,4.0,37.0,0,1,0,30-39,0,Mortgage Home Buyers,-2.2950343771065773,0.26314293988319076
CL100988,Individual,Male,United Kingdom,Europe - West,Investment,No,Friend/Family,3.0,43.0,1,0,0,40-49,1,Cash Investors,1.4066175652977775,-1.4919091111102831
CL100989,Corporate,Not Specified,India,South Asia,Investment,No,Property Portal,3.0,55.0,1,0,1,50-59,2,Corporate Investors,3.177692552409452,1.6038020358103153
CL100990,Corporate,Not Specified,United Arab Emirates,Middle East,Investment,No,Friend/Family,4.0,30.0,1,0,1,<30,2,Corporate Investors,2.9558317856504432,0.8043910452912942
CL100991,Individual,Male,India,South Asia,Personal use,Yes,Agent Referral,4.0,41.0,0,1,0,40-49,0,Mortgage Home Buyers,-2.2508090490380366,0.3873167076866259
CL100992,Corporate,Not Specified,India,South Asia,Investment,No,Social Media,4.0,45.0,1,0,1,40-49,2,Corporate Investors,3.121273189784238,1.272194017823605
CL100993,Individual,Male,United States,North America - West,Investment,No,Agent Referral,4.0,31.0,1,0,0,30-39,1,Cash Investors,1.3290086812258521,-1.8838570961644794
CL100994,Individual,Female,Australia,Oceania,Personal use,Yes,Property Portal,4.0,46.0,0,1,0,40-49,0,Mortgage Home Buyers,-2.194716526838351,0.5412884874843933
CL100995,Corporate,Not Specified,Germany,Europe - West,Investment,No,Property Portal,5.0,36.0,1,0,1,30-39,2,Corporate Investors,3.07804774000096,0.9699795853960297
CL100996,Individual,Female,United Arab Emirates,Middle East,Personal use,Yes,Property Portal,4.0,61.0,0,1,0,60+,0,Mortgage Home Buyers,-2.0288715465813247,1.0069401167472747
CL100997,Individual,Female,United States,North America - East,Personal use,Yes,Agent Referral,4.0,50.0,0,1,0,40-49,0,Mortgage Home Buyers,-2.151302060883821,0.6667076852443549
CL100998,Individual,Male,Brazil,Latin America,Personal use,Yes,Friend/Family,3.0,49.0,0,1,0,40-49,0,Mortgage Home Buyers,-2.2174254930346518,0.6550909249373869
CL100999,Individual,Male,United Kingdom,Europe - West,Personal use,Yes,Property Portal,3.0,23.0,0,1,0,<30,0,Mortgage Home Buyers,-2.5042249111909953,-0.15071215071137428
CL101000,Corporate,Not Specified,United States,North America - East,Investment,No,Website,4.0,48.0,1,0,1,40-49,2,Corporate Investors,3.154021340331317,1.3618501166671888
CL101001,Individual,Female,Germany,Europe - West,Personal use,Yes,Website,5.0,57.0,0,1,0,50-59,0,Mortgage Home Buyers,-2.0193737626080543,0.8581185234567243
CL101002,Individual,Male,United States,North America - West,Investment,No,Website,5.0,76.0,1,0,0,60+,1,Cash Investors,1.8810775961527522,-0.5127954638194762
CL101003,Individual,Female,United States,North America - West,Personal use,No,Social Media,5.0,54.0,0,0,0,50-59,5,Cash Home Buyers,-0.5891266880013579,0.38563703608065003
CL101004,Individual,Male,United Arab Emirates,Middle East,Personal use,No,Agent Referral,4.0,52.0,0,0,0,50-59,5,Cash Home Buyers,-0.6661941716957752,0.34596918061358156
CL101005,Individual,Male,United Kingdom,Europe - West,Personal use,No,Website,3.0,46.0,0,0,0,40-49,5,Cash Home Buyers,-0.7884236855598392,0.1778123268127559
CL101006,Corporate,Not Specified,Australia,Oceania,Investment,No,Social Media,4.0,62.0,1,0,1,60+,2,Corporate Investors,3.3092308340755343,1.7999325309882044
CL101007,Individual,Male,United Kingdom,Europe - West,Personal use,Yes,Property Portal,5.0,52.0,0,1,0,50-59,0,Mortgage Home Buyers,-2.0731657867770035,0.7055506125155613
CL101008,Corporate,Not Specified,India,South Asia,Investment,Yes,Property Portal,4.0,66.0,1,1,1,60+,2,Corporate Investors,1.8915297274026994,2.306106759128269
CL101009,Individual,Male,Germany,Europe - West,Investment,No,Friend/Family,2.0,28.0,1,0,0,<30,1,Cash Investors,1.185559837082214,-1.9355622136991804
CL101010,Corporate,Not Specified,United Arab Emirates,Middle East,Investment,No,Property Portal,5.0,49.0,1,0,1,40-49,2,Corporate Investors,3.2217800562237158,1.3735443307571937
CL101011,Individual,Male,United Arab Emirates,Middle East,Investment,No,Social Media,4.0,51.0,1,0,0,50-59,1,Cash Investors,1.5498773932701637,-1.2634087589079683
CL101012,Individual,Male,Germany,Europe - West,Investment,No,Property Portal,5.0,40.0,1,0,0,30-39,1,Cash Investors,1.484539279452616,-1.6277100752372615
CL101013,Individual,Female,Brazil,Latin America,Personal use,Yes,Agent Referral,3.0,43.0,0,1,0,40-49,0,Mortgage Home Buyers,-2.283909132962304,0.4714021182623281
CL101014,Individual,Female,United Kingdom,Europe - West,Investment,No,Property Portal,4.0,41.0,1,0,0,40-49,1,Cash Investors,1.4403828635112137,-1.5746681066124182
CL101015,Corporate,Not Specified,United States,North America - West,Personal use,No,Property Portal,5.0,60.0,0,0,1,50-59,4,Corporate Buyers,1.116013883130738,3.2929361880266668
CL101016,Individual,Male,India,South Asia,Personal use,Yes,Friend/Family,3.0,34.0,0,1,0,30-39,0,Mortgage Home Buyers,-2.383270473291678,0.18943929567450513
CL101017,Corporate,Not Specified,Singapore,Southeast Asia,Investment,No,Agent Referral,2.0,44.0,1,0,1,40-49,2,Corporate Investors,3.0000492901484184,1.28556813098138
CL101018,Individual,Male,United States,North America - East,Personal use,No,Agent Referral,4.0,26.0,0,0,0,<30,5,Cash Home Buyers,-0.9536588041412873,-0.4611603101087468
CL101019,Individual,Male,Germany,Europe - West,Personal use,Yes,Agent Referral,4.0,35.0,0,1,0,30-39,0,Mortgage Home Buyers,-2.3171470411408475,0.2010560559814732
CL101020,Individual,Female,Australia,Oceania,Personal use,Yes,Website,5.0,29.0,0,1,0,<30,0,Mortgage Home Buyers,-2.328951059087837,-0.011097851167321468
CL101021,Individual,Male,India,South Asia,Investment,Yes,Website,3.0,47.0,1,1,0,40-49,3,Leveraged Investors,-0.012976753415015828,-0.9862328385139206
CL101022,Individual,Female,Brazil,Latin America,Investment,Yes,Agent Referral,4.0,49.0,1,1,0,40-49,3,Leveraged Investors,0.0650274323805079,-0.9422497525165301
CL101023,Individual,Female,France,Europe - West,Investment,Yes,Website,4.0,26.0,1,1,0,<30,3,Leveraged Investors,-0.18994697781631534,-1.6601436461559396
CL101024,Corporate,Not Specified,United Arab Emirates,Middle East,Investment,No,Property Portal,5.0,44.0,1,0,1,40-49,2,Corporate Investors,3.1664983961380404,1.2183271210028996
CL101025,Individual,Male,United Kingdom,Europe - West,Investment,Yes,Friend/Family,3.0,62.0,1,1,0,60+,3,Leveraged Investors,0.15369264846956823,-0.5192583255114753
CL101026,Individual,Male,Australia,Oceania,Personal use,Yes,Property Portal,4.0,31.0,0,1,0,30-39,0,Mortgage Home Buyers,-2.3605615070953774,0.07563685822151132
CL101027,Individual,Male,United Kingdom,Europe - West,Investment,Yes,Agent Referral,3.0,45.0,1,1,0,40-49,3,Leveraged Investors,-0.03441064364656977,-1.0444249936459808
CL101028,Individual,Female,India,South Asia,Personal use,Yes,Agent Referral,4.0,43.0,0,1,0,40-49,0,Mortgage Home Buyers,-2.2286963850037664,0.4494035915883435
CL101029,Individual,Female,Germany,Europe - West,Personal use,Yes,Agent Referral,4.0,54.0,0,1,0,50-59,0,Mortgage Home Buyers,-2.1070767328152806,0.79088145304779
CL101030,Individual,Female,United Arab Emirates,Middle East,Investment,Yes,Property Portal,4.0,44.0,1,1,0,40-49,3,Leveraged Investors,0.010556634408843186,-1.098712392227351
CL101031,Individual,Male,India,South Asia,Investment,No,Website,4.0,37.0,1,0,0,30-39,1,Cash Investors,1.3946678995259465,-1.701491173228984
CL101032,Individual,Female,France,Europe - West,Investment,No,Friend/Family,3.0,41.0,1,0,0,40-49,1,Cash Investors,1.3845049012635073,-1.5539959950120006
CL101033,Individual,Female,Australia,Oceania,Personal use,No,Agent Referral,3.0,42.0,0,0,0,40-49,5,Cash Home Buyers,-0.8319702398256633,0.0575332877789782
CL101034,Individual,Female,Germany,Europe - West,Personal use,Yes,Agent Referral,4.0,39.0,0,1,0,30-39,0,Mortgage Home Buyers,-2.272921713072307,0.32522982378490833
CL101035,Individual,Female,United Arab Emirates,Middle East,Investment,No,Website,5.0,26.0,1,0,0,<30,1,Cash Investors,1.3282609952959978,-2.0649675613624154
CL101036,Individual,Male,United Kingdom,Europe - West,Personal use,Yes,Social Media,4.0,55.0,0,1,0,50-59,0,Mortgage Home Buyers,-2.0962783290965357,0.8215043932379843
CL101037,Individual,Male,Germany,Europe - West,Investment,No,Website,4.0,53.0,1,0,0,50-59,1,Cash Investors,1.571569211800108,-1.2047961020152436
CL101038,Individual,Female,Germany,Europe - West,Personal use,No,Property Portal,4.0,30.0,0,0,0,<30,5,Cash Home Buyers,-0.9086226139587364,-0.33823197226183843
CL101039,Corporate,Not Specified,United States,North America - West,Investment,No,Website,4.0,48.0,1,0,1,40-49,2,Corporate Investors,3.154021340331317,1.3618501166671888
CL101040,Individual,Male,United States,North America - East,Personal use,No,Agent Referral,3.0,39.0,0,0,0,30-39,5,Cash Home Buyers,-0.8651392358770685,-0.035597038073598104
CL101041,Individual,Male,United Arab Emirates,Middle East,Personal use,Yes,Website,4.0,29.0,0,1,0,<30,0,Mortgage Home Buyers,-2.384163807046374,0.01090067550666303
CL101042,Individual,Male,United Arab Emirates,Middle East,Investment,Yes,Event,4.0,23.0,1,1,0,<30,3,Leveraged Investors,-0.22260291601939286,-1.7508941966821605
CL101043,Individual,Female,United Arab Emirates,Middle East,Investment,Yes,Friend/Family,3.0,33.0,1,1,0,30-39,3,Leveraged Investors,-0.16694098002734922,-1.41951814208638
CL101044,Individual,Male,United States,North America - West,Personal use,No,Friend/Family,4.0,38.0,0,0,0,30-39,5,Cash Home Buyers,-0.820837172110825,-0.09121085172853535
CL101045,Corporate,Not Specified,United Kingdom,Europe - West,Investment,No,Social Media,3.0,49.0,1,0,1,40-49,2,Corporate Investors,3.110285769894241,1.4183663123010248
CL101046,Corporate,Not Specified,United States,North America - East,Investment,Yes,Property Portal,4.0,40.0,1,1,1,30-39,2,Corporate Investors,1.604065094957187,1.4989772684059401
CL101047,Individual,Female,India,South Asia,Investment,Yes,Website,3.0,53.0,1,1,0,50-59,3,Leveraged Investors,0.053361238687794826,-0.7999721868087679
CL101048,Individual,Male,Singapore,Southeast Asia,Personal use,No,Property Portal,5.0,51.0,0,0,0,50-59,5,Cash Home Buyers,-0.6212268936403624,0.2916817820322115
CL101049,Individual,Male,Canada,North America - East,Personal use,Yes,Property Portal,3.0,40.0,0,1,0,30-39,0,Mortgage Home Buyers,-2.3162672668996986,0.37702636245322485
CL101050,Individual,Male,United Arab Emirates,Middle East,Personal use,No,Website,5.0,22.0,0,0,0,<30,5,Cash Home Buyers,-0.9433501580540067,-0.611227333355824
CL101051,Individual,Male,United States,North America - West,Investment,No,Website,4.0,48.0,1,0,0,40-49,1,Cash Investors,1.5162875517144325,-1.3600133117695374
CL101052,Individual,Male,Canada,North America - East,Investment,Yes,Social Media,2.0,43.0,1,1,0,40-49,3,Leveraged Investors,-0.11199398393776731,-1.0849338526343786
CL101053,Individual,Male,United States,North America - East,Investment,No,Website,4.0,45.0,1,0,0,40-49,1,Cash Investors,1.4831185556630273,-1.4531436376221136
CL101054,Individual,Female,United Kingdom,Europe - West,Personal use,No,Agent Referral,4.0,62.0,0,0,0,60+,5,Cash Home Buyers,-0.5556308515244243,0.6564036001221693
CL101055,Individual,Female,India,South Asia,Investment,No,Agent Referral,4.0,32.0,1,0,0,30-39,1,Cash Investors,1.3400650132429872,-1.8528136542136204
CL101056,Individual,Female,Australia,Oceania,Personal use,Yes,Website,4.0,23.0,0,1,0,<30,0,Mortgage Home Buyers,-2.4505017991491846,-0.1753599761984895
CL101057,Individual,Male,United States,North America - West,Personal use,Yes,Friend/Family,3.0,29.0,0,1,0,<30,0,Mortgage Home Buyers,-2.4385521333773537,0.03422208592021125
CL101058,Individual,Male,France,Europe - West,Personal use,No,Social Media,4.0,47.0,0,0,0,40-49,5,Cash Home Buyers,-0.7217337600798408,0.19033146909862297
CL101059,Individual,Other,India,South Asia,Personal use,Yes,Friend/Family,3.0,42.0,0,1,0,40-49,0,Mortgage Home Buyers,-2.2948198171545973,0.4377868312813753
CL101060,Individual,Female,Brazil,Latin America,Personal use,Yes,Social Media,4.0,28.0,0,1,0,<30,0,Mortgage Home Buyers,-2.394799293559183,-0.01666853943520298
CL101061,Corporate,Not Specified,United Arab Emirates,Middle East,Investment,No,Agent Referral,4.0,64.0,1,0,1,60+,2,Corporate Investors,3.3316014264081946,1.8624399166505867
CL101062,Individual,Male,Canada,North America - East,Investment,No,Social Media,3.0,37.0,1,0,0,30-39,1,Cash Investors,1.3398759970717353,-1.6760184195460066
CL101063,Individual,Male,United Arab Emirates,Middle East,Personal use,No,Property Portal,5.0,28.0,0,0,0,<30,5,Cash Home Buyers,-0.8755225300344694,-0.42231738283754056
CL101064,Individual,Male,United Kingdom,Europe - West,Personal use,Yes,Agent Referral,2.0,46.0,0,1,0,40-49,0,Mortgage Home Buyers,-2.305952884869436,0.5865309707888889
CL101065,Individual,Female,Brazil,Latin America,Personal use,No,Friend/Family,4.0,37.0,0,0,0,30-39,5,Cash Home Buyers,-0.83189350412796,-0.12225429367939408
CL101066,Individual,Male,United Kingdom,Europe - West,Investment,No,Property Portal,5.0,35.0,1,0,0,30-39,1,Cash Investors,1.4292576193669404,-1.7829272849915554
CL101067,Corporate,Not Specified,India,South Asia,Personal use,Yes,Social Media,3.0,54.0,0,1,1,50-59,4,Corporate Buyers,-0.524813620455324,3.5343229063978363
CL101068,Individual,Female,United States,North America - East,Personal use,No,Agent Referral,4.0,43.0,0,0,0,40-49,5,Cash Home Buyers,-0.7657011598499909,0.06657820305585252
CL101069,Corporate,Not Specified,Germany,Europe - West,Investment,No,Website,4.0,39.0,1,0,1,30-39,2,Corporate Investors,3.054514352177101,1.0824591391094596
CL101070,Individual,Male,Singapore,Southeast Asia,Personal use,Yes,Social Media,4.0,43.0,0,1,0,40-49,0,Mortgage Home Buyers,-2.2289543133021565,0.44898308982767887
CL101071,Individual,Female,United Arab Emirates,Middle East,Investment,Yes,Friend/Family,3.0,42.0,1,1,0,40-49,3,Leveraged Investors,-0.06743399187313344,-1.140127164528651
CL101072,Individual,Female,Germany,Europe - West,Investment,No,Friend/Family,3.0,41.0,1,0,0,40-49,1,Cash Investors,1.3845049012635073,-1.5539959950120006
CL101073,Individual,Male,Australia,Oceania,Personal use,Yes,Friend/Family,4.0,30.0,0,1,0,<30,0,Mortgage Home Buyers,-2.372283053401681,0.04326700119708548
CL101074,Individual,Female,Singapore,Southeast Asia,Investment,No,Website,2.0,32.0,1,0,0,30-39,1,Cash Investors,1.2289607435231966,-1.8127113296353088
CL101075,Individual,Female,United Kingdom,Europe - West,Personal use,Yes,Property Portal,4.0,37.0,0,1,0,30-39,0,Mortgage Home Buyers,-2.294223514992567,0.26189750992666405
CL101076,Individual,Female,France,Europe - West,Personal use,Yes,Social Media,3.0,63.0,0,1,0,60+,0,Mortgage Home Buyers,-2.0630404209179924,1.0918504555188389
CL101077,Individual,Male,France,Europe - West,Investment,No,Event,4.0,26.0,1,0,0,<30,1,Cash Investors,1.2735613051857884,-2.040589259362075
CL101078,Individual,Female,United Arab Emirates,Middle East,Investment,No,Friend/Family,3.0,37.0,1,0,0,30-39,1,Cash Investors,1.340279573194967,-1.6781697628154357
CL101079,Individual,Male,United Kingdom,Europe - West,Personal use,Yes,Agent Referral,5.0,42.0,0,1,0,40-49,0,Mortgage Home Buyers,-2.1845399690623646,0.39636162296350014
CL101080,Individual,Male,Canada,North America - East,Personal use,No,Friend/Family,4.0,37.0,0,0,0,30-39,5,Cash Home Buyers,-0.83189350412796,-0.12225429367939408
CL101081,Individual,Male,Australia,Oceania,Personal use,Yes,Social Media,3.0,52.0,0,1,0,50-59,0,Mortgage Home Buyers,-2.1846600731064783,0.7503725940593925
CL101082,Individual,Male,Australia,Oceania,Investment,No,Agent Referral,4.0,38.0,1,0,0,30-39,1,Cash Investors,1.4064030053457977,-1.6665530025084678
CL101083,Individual,Male,Singapore,Southeast Asia,Personal use,No,Social Media,4.0,39.0,0,0,0,30-39,5,Cash Home Buyers,-0.8101844162169216,-0.058016066508247206
CL101084,Individual,Male,Brazil,Latin America,Investment,Yes,Agent Referral,5.0,49.0,1,1,0,40-49,3,Leveraged Investors,0.12024018033904504,-0.9642482791905146
CL101085,Individual,Female,India,South Asia,Investment,No,Website,3.0,60.0,1,0,0,50-59,1,Cash Investors,1.5937507879615163,-0.9654934816852474
CL101086,Individual,Male,India,South Asia,Personal use,No,Friend/Family,5.0,57.0,0,0,0,50-59,5,Cash Home Buyers,-0.555554115826721,0.4766160186637969
CL101087,Individual,Other,India,South Asia,Investment,No,Agent Referral,5.0,40.0,1,0,0,30-39,1,Cash Investors,1.4837284173386052,-1.6264646452807348
CL101088,Individual,Male,France,Europe - West,Personal use,Yes,Friend/Family,5.0,41.0,0,1,0,40-49,0,Mortgage Home Buyers,-2.195450653254658,0.36274633598254746
CL101089,Individual,Female,Germany,Europe - West,Investment,No,Social Media,4.0,42.0,1,0,0,40-49,1,Cash Investors,1.4503704051159478,-1.5427997364656973
CL101090,Individual,Female,Canada,North America - East,Investment,No,Property Portal,4.0,43.0,1,0,0,40-49,1,Cash Investors,1.4624955275454838,-1.5125812227107007
CL101091,Individual,Female,United Arab Emirates,Middle East,Personal use,Yes,Friend/Family,4.0,32.0,0,1,0,30-39,0,Mortgage Home Buyers,-2.350170389367411,0.10535388509880303
CL101092,Corporate,Not Specified,United Kingdom,Europe - West,Investment,No,Friend/Family,4.0,51.0,1,0,1,50-59,2,Corporate Investors,3.1880147580102802,1.4563033262593288
CL101093,Corporate,Not Specified,Canada,North America - East,Investment,No,Agent Referral,5.0,61.0,1,0,1,60+,2,Corporate Investors,3.3536451783153267,1.7473110641240257
CL101094,Individual,Male,United Arab Emirates,Middle East,Investment,Yes,Event,5.0,40.0,1,1,0,30-39,3,Leveraged Investors,0.020567476230440872,-1.245154210191546
CL101095,Individual,Male,Germany,Europe - West,Investment,No,Agent Referral,4.0,28.0,1,0,0,<30,1,Cash Investors,1.295839685174447,-1.9769874220170558
CL101096,Individual,Male,United States,North America - West,Personal use,No,Property Portal,4.0,42.0,0,0,0,40-49,5,Cash Home Buyers,-0.7759466297531153,0.034289331148466995
CL101097,Corporate,Not Specified,Singapore,Southeast Asia,Investment,No,Social Media,3.0,58.0,1,0,1,50-59,2,Corporate Investors,3.2097927580484567,1.6977572898587538
CL101098,Individual,Male,Singapore,Southeast Asia,Personal use,Yes,Agent Referral,4.0,34.0,0,1,0,30-39,0,Mortgage Home Buyers,-2.3282033731579825,0.17001261403061435
CL101099,Individual,Male,United States,North America - East,Personal use,Yes,Social Media,3.0,34.0,0,1,0,30-39,0,Mortgage Home Buyers,-2.3836740494149096,0.19159063894393435
CL101100,Individual,Female,United States,North America - East,Personal use,Yes,Social Media,3.0,45.0,0,1,0,40-49,0,Mortgage Home Buyers,-2.2620543972264238,0.5330685004033809
CL101101,Individual,Female,United Kingdom,Europe - West,Personal use,No,Agent Referral,3.0,61.0,0,0,0,60+,5,Cash Home Buyers,-0.6218999315000967,0.6473586848452951
CL101102,Individual,Female,India,South Asia,Personal use,Yes,Agent Referral,4.0,48.0,0,1,0,40-49,0,Mortgage Home Buyers,-2.173414724918091,0.6046208013426374
CL101103,Corporate,Not Specified,Singapore,Southeast Asia,Investment,No,Website,3.0,50.0,1,0,1,40-49,2,Corporate Investors,3.12092125640705,1.4459355272428909
CL101104,Corporate,Not Specified,United States,North America - East,Investment,No,Event,3.0,58.0,1,0,1,50-59,2,Corporate Investors,3.209884970392458,1.6966628381761164
CL101105,Individual,Male,India,South Asia,Personal use,Yes,Friend/Family,3.0,54.0,0,1,0,50-59,0,Mortgage Home Buyers,-2.1621438329489764,0.8103081346916807
CL101106,Individual,Female,United States,North America - West,Investment,No,Website,3.0,61.0,1,0,0,60+,1,Cash Investors,1.6048071199786513,-0.9344500397343887
CL101107,Individual,Female,United Kingdom,Europe - West,Personal use,No,Friend/Family,4.0,32.0,0,0,0,30-39,5,Cash Home Buyers,-0.8871751642136354,-0.277471503433688
CL101108,Individual,Male,Brazil,Latin America,Personal use,No,Social Media,4.0,33.0,0,0,0,30-39,5,Cash Home Buyers,-0.876522408319732,-0.24427671821339997
CL101109,Individual,Male,United States,North America - East,Investment,Yes,Friend/Family,3.0,48.0,1,1,0,40-49,3,Leveraged Investors,-0.0010959997703230081,-0.9538665128234982
CL101110,Individual,Male,United States,North America - East,Investment,No,Social Media,4.0,40.0,1,0,0,30-39,1,Cash Investors,1.4282577410816777,-1.6048866203674148
CL101111,Corporate,Not Specified,Germany,Europe - West,Investment,No,Website,4.0,49.0,1,0,1,40-49,2,Corporate Investors,3.165077672348452,1.3928935586180475
CL101112,Corporate,Not Specified,United Arab Emirates,Middle East,Investment,No,Agent Referral,5.0,63.0,1,0,1,60+,2,Corporate Investors,3.375757842349597,1.8093979480257434
CL101113,Individual,Male,Australia,Oceania,Personal use,Yes,Friend/Family,2.0,34.0,0,1,0,30-39,0,Mortgage Home Buyers,-2.438483221250215,0.21143782234848962
CL101114,Individual,Female,Brazil,Latin America,Investment,No,Friend/Family,3.0,58.0,1,0,0,50-59,1,Cash Investors,1.5724625455548038,-1.0262574818474015
CL101115,Individual,Female,United States,North America - West,Personal use,Yes,Friend/Family,4.0,28.0,0,1,0,<30,0,Mortgage Home Buyers,-2.3943957174359514,-0.018819882704632206
CL101116,Individual,Female,United States,North America - East,Personal use,No,Website,4.0,48.0,0,0,0,40-49,5,Cash Home Buyers,-0.7110982735670317,0.21790068404048898
CL101117,Individual,Female,India,South Asia,Investment,No,Property Portal,5.0,47.0,1,0,0,40-49,1,Cash Investors,1.5619336035725615,-1.41040598158125
CL101118,Individual,Female,Canada,North America - East,Investment,No,Agent Referral,3.0,24.0,1,0,0,<30,1,Cash Investors,1.1964016091473693,-2.0791626631465063
CL101119,Individual,Male,Australia,Oceania,Personal use,No,Friend/Family,4.0,31.0,0,0,0,30-39,5,Cash Home Buyers,-0.8982314962307705,-0.30851494538454677
CL101120,Corporate,Not Specified,United Arab Emirates,Middle East,Investment,No,Agent Referral,4.0,41.0,1,0,1,40-49,2,Corporate Investors,3.0773057900140874,1.1484407517808346
CL101121,Individual,Male,United States,North America - East,Investment,Yes,Friend/Family,4.0,48.0,1,1,0,40-49,3,Leveraged Investors,0.05411674818821436,-0.9758650394974828
CL101122,Individual,Female,Singapore,Southeast Asia,Investment,No,Event,4.0,37.0,1,0,0,30-39,1,Cash Investors,1.3951809573742742,-1.6991113979026287
CL101123,Individual,Male,United States,North America - West,Personal use,Yes,Agent Referral,4.0,40.0,0,1,0,30-39,0,Mortgage Home Buyers,-2.261865381055172,0.35627326573576706
CL101124,Corporate,Not Specified,Germany,Europe - West,Investment,No,Property Portal,4.0,43.0,1,0,1,40-49,2,Corporate Investors,3.100229316162368,1.2092822057260255
CL101125,Individual,Female,United Arab Emirates,Middle East,Investment,No,Social Media,5.0,66.0,1,0,0,60+,1,Cash Investors,1.7709351214857274,-0.8197556563190711
CL101126,Individual,Male,France,Europe - West,Personal use,Yes,Agent Referral,5.0,42.0,0,1,0,40-49,0,Mortgage Home Buyers,-2.1845399690623646,0.39636162296350014
CL101127,Individual,Male,India,South Asia,Personal use,Yes,Agent Referral,3.0,47.0,0,1,0,40-49,0,Mortgage Home Buyers,-2.2396838048937635,0.5955758860657633
CL101128,Individual,Male,United Arab Emirates,Middle East,Personal use,No,Friend/Family,4.0,36.0,0,0,0,30-39,5,Cash Home Buyers,-0.8429498361450951,-0.15329773563025278
CL101129,Corporate,Not Specified,Brazil,Latin America,Investment,No,Unknown,5.0,49.0,1,0,1,40-49,2,Corporate Investors,3.2207560354057456,1.3739981270890396
CL101130,Individual,Female,Brazil,Latin America,Personal use,Yes,Website,4.0,62.0,0,1,0,60+,0,Mortgage Home Buyers,-2.0193048504809163,1.0353342598850028
CL101131,Corporate,Not Specified,France,Europe - West,Investment,No,Property Portal,4.0,52.0,1,0,1,50-59,2,Corporate Investors,3.199736304316584,1.4886731832837545
CL101132,Individual,Female,United States,North America - West,Personal use,Yes,Social Media,4.0,45.0,0,1,0,40-49,0,Mortgage Home Buyers,-2.2068416492678864,0.5110699737293963
CL101133,Individual,Male,India,South Asia,Investment,No,Friend/Family,3.0,27.0,1,0,0,<30,1,Cash Investors,1.229716253023616,-1.9886041823240237
CL101134,Individual,Male,Brazil,Latin America,Personal use,Yes,Social Media,4.0,36.0,0,1,0,30-39,0,Mortgage Home Buyers,-2.3063486374221025,0.23167899617166743
CL101135,Individual,Male,United Kingdom,Europe - West,Personal use,Yes,Social Media,2.0,33.0,0,1,0,30-39,0,Mortgage Home Buyers,-2.449943129390582,0.18254572366706012
CL101136,Individual,Female,Germany,Europe - West,Personal use,Yes,Friend/Family,4.0,30.0,0,1,0,<30,0,Mortgage Home Buyers,-2.372283053401681,0.04326700119708548
CL101137,Individual,Male,Germany,Europe - West,Personal use,Yes,Website,3.0,42.0,0,1,0,40-49,0,Mortgage Home Buyers,-2.295644238782155,0.43646394754181167
CL101138,Individual,Male,United States,North America - West,Investment,Yes,Agent Referral,4.0,22.0,1,1,0,<30,3,Leveraged Investors,-0.23349353208213955,-1.7804226851897174
CL101139,Corporate,Not Specified,India,South Asia,Investment,Yes,Social Media,4.0,41.0,1,1,1,40-49,2,Corporate Investors,1.6140526365619212,1.530845638552661
CL101140,Corporate,Not Specified,United Kingdom,Europe - West,Investment,No,Event,4.0,60.0,1,0,1,50-59,2,Corporate Investors,3.2872103823852656,1.7367511954038495
CL101141,Individual,Male,India,South Asia,Investment,No,Agent Referral,4.0,27.0,1,0,0,<30,1,Cash Investors,1.2847833531573118,-2.0080308639679143
CL101142,Individual,Female,Singapore,Southeast Asia,Investment,Yes,Event,3.0,58.0,1,1,0,50-59,3,Leveraged Investors,0.1091559566217979,-0.6423752017281187
CL101143,Corporate,Not Specified,Singapore,Southeast Asia,Investment,Yes,Friend/Family,5.0,33.0,1,1,1,30-39,2,Corporate Investors,1.5812183045066095,1.258348233002377
CL101144,Individual,Female,Germany,Europe - West,Investment,No,Social Media,4.0,39.0,1,0,0,30-39,1,Cash Investors,1.4172014090645426,-1.6359300623182738
CL101145,Corporate,Not Specified,United Kingdom,Europe - West,Investment,Yes,Agent Referral,4.0,52.0,1,1,1,50-59,2,Corporate Investors,1.7359302170487974,1.8727440017727723
CL101146,Individual,Female,India,South Asia,Investment,No,Website,3.0,41.0,1,0,0,40-49,1,Cash Investors,1.3836804796359496,-1.5553188787515642
CL101147,Individual,Male,Singapore,Southeast Asia,Personal use,Yes,Social Media,4.0,56.0,0,1,0,50-59,0,Mortgage Home Buyers,-2.0852219970794006,0.852547835188843
CL101148,Individual,Male,France,Europe - West,Personal use,Yes,Website,4.0,68.0,0,1,0,60+,0,Mortgage Home Buyers,-1.952966858378106,1.2215949115901557
CL101149,Individual,Male,Australia,Oceania,Investment,No,Agent Referral,4.0,50.0,1,0,0,40-49,1,Cash Investors,1.5390789895514188,-1.2940316990981624
CL101150,Individual,Male,United States,North America - West,Personal use,Yes,Agent Referral,4.0,52.0,0,1,0,50-59,0,Mortgage Home Buyers,-2.1291893968495508,0.7287945691460725
CL101151,Individual,Female,Singapore,Southeast Asia,Personal use,No,Event,4.0,60.0,0,0,0,50-59,5,Cash Home Buyers,-0.577909231513083,0.5928017627771497
CL101152,Corporate,Not Specified,United States,North America - East,Investment,No,Agent Referral,5.0,46.0,1,0,1,40-49,2,Corporate Investors,3.1878001980583,1.281659434861144
CL101153,Corporate,Not Specified,United States,North America - East,Investment,No,Social Media,4.0,41.0,1,0,1,40-49,2,Corporate Investors,3.0770478617156973,1.14802025002017
CL101154,Individual,Male,France,Europe - West,Personal use,No,Agent Referral,3.0,50.0,0,0,0,40-49,5,Cash Home Buyers,-0.7435195836885825,0.3058808233858485
CL101155,Individual,Female,United States,North America - East,Personal use,No,Website,4.0,42.0,0,0,0,40-49,5,Cash Home Buyers,-0.7774362656698421,0.031640032335336264
CL101156,Individual,Female,United States,North America - West,Investment,No,Agent Referral,5.0,44.0,1,0,0,40-49,1,Cash Investors,1.5279537454071455,-1.5022908774772996
CL101157,Individual,Male,United States,North America - West,Personal use,No,Property Portal,5.0,23.0,0,0,0,<30,5,Cash Home Buyers,-0.9308041901201448,-0.5775345925918344
CL101158,Individual,Male,Germany,Europe - West,Investment,Yes,Social Media,3.0,44.0,1,1,0,40-49,3,Leveraged Investors,-0.045724903962095,-1.0758889373575042
CL101159,Corporate,Not Specified,India,South Asia,Investment,No,Agent Referral,4.0,34.0,1,0,1,30-39,2,Corporate Investors,2.999911465894142,0.9311366581248233
CL101160,Individual,Male,United States,North America - East,Investment,No,Property Portal,4.0,23.0,1,0,0,<30,1,Cash Investors,1.2413688872027824,-2.133450061727876
CL101161,Individual,Male,United Arab Emirates,Middle East,Investment,Yes,Website,4.0,43.0,1,1,0,40-49,3,Leveraged Investors,-0.0019893335250189778,-1.1324051329913403
CL101162,Individual,Female,Singapore,Southeast Asia,Investment,Yes,Property Portal,4.0,28.0,1,1,0,<30,3,Leveraged Investors,-0.16634467786531834,-1.5954074634410915
CL101163,Individual,Male,United States,North America - West,Personal use,Yes,Website,3.0,40.0,0,1,0,30-39,0,Mortgage Home Buyers,-2.3177569028164253,0.3743770636400941
CL101164,Individual,Male,United States,North America - East,Personal use,Yes,Property Portal,3.0,42.0,0,1,0,40-49,0,Mortgage Home Buyers,-2.2941546028654285,0.4391132463549424
CL101165,Individual,Female,Singapore,Southeast Asia,Investment,Yes,Event,4.0,44.0,1,1,0,40-49,3,Leveraged Investors,0.009580056340444022,-1.0989819157141263
CL101166,Individual,Female,Singapore,Southeast Asia,Personal use,Yes,Property Portal,3.0,31.0,0,1,0,30-39,0,Mortgage Home Buyers,-2.4157742550539147,0.09763538489549593
CL101167,Individual,Female,France,Europe - West,Personal use,Yes,Website,3.0,50.0,0,1,0,40-49,0,Mortgage Home Buyers,-2.2071935826450746,0.684811483148682
CL101168,Individual,Female,Singapore,Southeast Asia,Investment,No,Social Media,3.0,40.0,1,0,0,30-39,1,Cash Investors,1.3730449931231405,-1.5828880936934304
CL101169,Individual,Female,United States,North America - East,Personal use,Yes,Property Portal,4.0,46.0,0,1,0,40-49,0,Mortgage Home Buyers,-2.194716526838351,0.5412884874843933
CL101170,Individual,Female,United Kingdom,Europe - West,Personal use,Yes,Social Media,4.0,27.0,0,1,0,<30,0,Mortgage Home Buyers,-2.405855625576318,-0.04771198138606159
CL101171,Individual,Female,India,South Asia,Personal use,Yes,Agent Referral,5.0,39.0,0,1,0,30-39,0,Mortgage Home Buyers,-2.21770896511377,0.30323129711092384
CL101172,Individual,Female,Canada,North America - East,Personal use,Yes,Social Media,3.0,54.0,0,1,0,50-59,0,Mortgage Home Buyers,-2.162547409072208,0.81245947796111
CL101173,Corporate,Not Specified,India,South Asia,Personal use,Yes,Website,3.0,65.0,0,1,1,60+,4,Corporate Buyers,-0.40361481377116415,3.87232654084829
CL101174,Individual,Female,France,Europe - West,Personal use,No,Social Media,4.0,32.0,0,0,0,30-39,5,Cash Home Buyers,-0.8875787403368671,-0.27532016016425875
CL101175,Individual,Female,India,South Asia,Investment,Yes,Website,3.0,35.0,1,1,0,30-39,3,Leveraged Investors,-0.14565273762063682,-1.358754141924226
CL101176,Individual,Male,Germany,Europe - West,Investment,Yes,Friend/Family,4.0,31.0,1,1,0,30-39,3,Leveraged Investors,-0.13384089610308222,-1.5036035526620821
CL101177,Individual,Female,United Kingdom,Europe - West,Personal use,Yes,Agent Referral,3.0,34.0,0,1,0,30-39,0,Mortgage Home Buyers,-2.3834161211165195,0.19201114070459896
CL101178,Individual,Female,United States,North America - West,Personal use,No,Website,4.0,26.0,0,0,0,<30,5,Cash Home Buyers,-0.9543375779440035,-0.46505503887840427
CL101179,Individual,Male,United States,North America - West,Investment,No,Website,3.0,40.0,1,0,0,30-39,1,Cash Investors,1.3726241476188146,-1.5863623207024231
CL101180,Individual,Male,India,South Asia,Investment,Yes,Property Portal,3.0,47.0,1,1,0,40-49,3,Leveraged Investors,-0.011487117498288962,-0.9835835397007898
CL101181,Individual,Male,United States,North America - West,Personal use,Yes,Social Media,5.0,32.0,0,1,0,30-39,0,Mortgage Home Buyers,-2.2953612175321054,0.08550670169424776
CL101182,Individual,Male,United States,North America - West,Personal use,Yes,Friend/Family,2.0,41.0,0,1,0,40-49,0,Mortgage Home Buyers,-2.3610888971302697,0.42874191600450107
CL101183,Individual,Male,United States,North America - West,Investment,No,Property Portal,4.0,39.0,1,0,0,30-39,1,Cash Investors,1.4182701994769435,-1.6367549905141359
CL101184,Corporate,Not Specified,United States,North America - West,Investment,No,Social Media,4.0,59.0,1,0,1,50-59,2,Corporate Investors,3.276061838024129,1.706802205135628
CL101185,Individual,Male,Singapore,Southeast Asia,Investment,No,Agent Referral,4.0,35.0,1,0,0,30-39,1,Cash Investors,1.3732340092943924,-1.7596833283610442
CL101186,Individual,Male,United Kingdom,Europe - West,Investment,No,Social Media,4.0,34.0,1,0,0,30-39,1,Cash Investors,1.3619197489788673,-1.7911472720725676
CL101187,Individual,Female,Brazil,Latin America,Personal use,Yes,Agent Referral,5.0,32.0,0,1,0,30-39,0,Mortgage Home Buyers,-2.2951032892337153,0.08592720345491237
CL101188,Individual,Female,United States,North America - East,Investment,No,Social Media,5.0,28.0,1,0,0,<30,1,Cash Investors,1.350794504834594,-1.9994064504517048
CL101189,Individual,Male,United Arab Emirates,Middle East,Personal use,No,Agent Referral,5.0,47.0,0,0,0,40-49,5,Cash Home Buyers,-0.6662630838229134,0.16875344418530308
CL101190,Individual,Male,Germany,Europe - West,Investment,No,Property Portal,5.0,39.0,1,0,0,30-39,1,Cash Investors,1.473482947435481,-1.6587535171881203
CL101191,Individual,Male,United Kingdom,Europe - West,Investment,Yes,Unknown,3.0,42.0,1,1,0,40-49,3,Leveraged Investors,-0.0677927984019347,-1.1383469531232382
CL101192,Individual,Male,Singapore,Southeast Asia,Personal use,Yes,Agent Referral,3.0,56.0,0,1,0,50-59,0,Mortgage Home Buyers,-2.140176816739548,0.8749668636234923
CL101193,Individual,Male,Brazil,Latin America,Personal use,Yes,Friend/Family,4.0,56.0,0,1,0,50-59,0,Mortgage Home Buyers,-2.084818420956169,0.8503964919194138
CL101194,Individual,Male,Singapore,Southeast Asia,Investment,No,Website,5.0,23.0,1,0,0,<30,1,Cash Investors,1.2950919992445926,-2.1580978872149914
CL101195,Individual,Male,United States,North America - East,Investment,No,Agent Referral,3.0,49.0,1,0,0,40-49,1,Cash Investors,1.4728099095757463,-1.3030766143750367
CL101196,Individual,Female,Canada,North America - East,Personal use,Yes,Property Portal,3.0,43.0,0,1,0,40-49,0,Mortgage Home Buyers,-2.2830982708482934,0.4701566883058014
CL101197,Individual,Male,United Arab Emirates,Middle East,Investment,Yes,Friend/Family,3.0,36.0,1,1,0,30-39,3,Leveraged Investors,-0.133771983975944,-1.3263878162338036
CL101198,Corporate,Not Specified,United Kingdom,Europe - West,Personal use,Yes,Friend/Family,4.0,56.0,0,1,1,50-59,4,Corporate Buyers,-0.4470846323392849,3.57225992035614
CL101199,Individual,Male,India,South Asia,Personal use,No,Social Media,4.0,23.0,0,0,0,<30,5,Cash Home Buyers,-0.9870857284910828,-0.5547111377219878
CL101200,Individual,Male,United Arab Emirates,Middle East,Personal use,Yes,Agent Referral,3.0,57.0,0,1,0,50-59,0,Mortgage Home Buyers,-2.1291204847224128,0.906010305574351
CL101201,Individual,Female,United Arab Emirates,Middle East,Personal use,Yes,Website,4.0,46.0,0,1,0,40-49,0,Mortgage Home Buyers,-2.1962061627550775,0.5386391886712625
CL101202,Individual,Male,Singapore,Southeast Asia,Personal use,Yes,Social Media,3.0,32.0,0,1,0,30-39,0,Mortgage Home Buyers,-2.40578671344918,0.12950375504221678
CL101203,Corporate,Not Specified,India,South Asia,Investment,No,Social Media,4.0,62.0,1,0,1,60+,2,Corporate Investors,3.3092308340755343,1.7999325309882044
CL101204,Individual,Other,United States,North America - West,Personal use,Yes,Website,3.0,22.0,0,1,0,<30,0,Mortgage Home Buyers,-2.516770879124857,-0.18440489147536385
CL101205,Individual,Female,United States,North America - East,Personal use,No,Website,4.0,38.0,0,0,0,30-39,5,Cash Home Buyers,-0.8216615937383827,-0.09253373546809895
CL101206,Individual,Male,United Arab Emirates,Middle East,Personal use,Yes,Website,3.0,36.0,0,1,0,30-39,0,Mortgage Home Buyers,-2.3619822308849656,0.25020329583665907
CL101207,Corporate,Not Specified,France,Europe - West,Investment,Yes,Agent Referral,4.0,58.0,1,1,1,50-59,2,Corporate Investors,1.8022682091516078,2.059004653477925
CL101208,Individual,Male,Canada,North America - East,Personal use,Yes,Website,4.0,49.0,0,1,0,40-49,0,Mortgage Home Buyers,-2.1630371667036723,0.6317695145238387
CL101209,Individual,Male,Germany,Europe - West,Investment,No,Agent Referral,4.0,55.0,1,0,0,50-59,1,Cash Investors,1.5943606496370941,-1.1388144893438685
CL101210,Individual,Male,India,South Asia,Personal use,No,Social Media,5.0,41.0,0,0,0,40-49,5,Cash Home Buyers,-0.7328590042241141,-0.01792770928051425
CL101211,Individual,Female,Singapore,Southeast Asia,Investment,Yes,Agent Referral,4.0,37.0,1,1,0,30-39,3,Leveraged Investors,-0.0676485518251132,-1.3147710559268357
CL101212,Individual,Female,United Arab Emirates,Middle East,Investment,No,Website,4.0,45.0,1,0,0,40-49,1,Cash Investors,1.4831185556630273,-1.4531436376221136
CL101213,Individual,Male,United Kingdom,Europe - West,Investment,No,Social Media,3.0,41.0,1,0,0,40-49,1,Cash Investors,1.3841013251402756,-1.5518446517425715
CL101214,Individual,Male,Canada,North America - East,Investment,No,Property Portal,3.0,29.0,1,0,0,<30,1,Cash Investors,1.2524941313470555,-1.925190883348739
CL101215,Individual,Female,France,Europe - West,Investment,No,Agent Referral,4.0,34.0,1,0,0,30-39,1,Cash Investors,1.3621776772772574,-1.790726770311903
CL101216,Individual,Female,United Kingdom,Europe - West,Investment,Yes,Agent Referral,4.0,38.0,1,1,0,30-39,3,Leveraged Investors,-0.056592219807978135,-1.2837276139759768
CL101217,Individual,Male,United Arab Emirates,Middle East,Personal use,No,Social Media,2.0,44.0,0,0,0,40-49,5,Cash Home Buyers,-0.8653282520483205,0.14119819659401578
CL101218,Individual,Male,India,South Asia,Investment,No,Agent Referral,3.0,42.0,1,0,0,40-49,1,Cash Investors,1.3954155854558008,-1.520380708031048
CL101219,Individual,Female,United States,North America - East,Personal use,Yes,Agent Referral,3.0,44.0,0,1,0,40-49,0,Mortgage Home Buyers,-2.2728528009451687,0.5024455602131869
CL101220,Individual,Female,United States,North America - East,Personal use,No,Social Media,3.0,25.0,0,0,0,<30,5,Cash Home Buyers,-1.02018581241535,-0.47062572714628564
CL101221,Corporate,Not Specified,United States,North America - East,Investment,No,Agent Referral,4.0,50.0,1,0,1,40-49,2,Corporate Investors,3.1768127781683035,1.4278317293385636
CL101222,Individual,Male,Australia,Oceania,Investment,No,Property Portal,4.0,41.0,1,0,0,40-49,1,Cash Investors,1.4403828635112137,-1.5746681066124182
CL101223,Individual,Male,United Arab Emirates,Middle East,Personal use,Yes,Property Portal,4.0,69.0,0,1,0,60+,0,Mortgage Home Buyers,-1.940420890444244,1.255287652354145
CL101224,Corporate,Not Specified,United States,North America - West,Investment,No,Agent Referral,5.0,51.0,1,0,1,50-59,2,Corporate Investors,3.2430818581439755,1.436876644615438
CL101225,Individual,Male,Australia,Oceania,Personal use,Yes,Agent Referral,3.0,44.0,0,1,0,40-49,0,Mortgage Home Buyers,-2.2728528009451687,0.5024455602131869
CL101226,Individual,Female,Germany,Europe - West,Personal use,Yes,Event,4.0,72.0,0,1,0,60+,0,Mortgage Home Buyers,-1.908228472461238,1.3481484547199458
CL101227,Individual,Male,Germany,Europe - West,Personal use,Yes,Social Media,3.0,43.0,0,1,0,40-49,0,Mortgage Home Buyers,-2.284167061260694,0.4709816165016635
CL101228,Individual,Female,Australia,Oceania,Investment,No,Event,4.0,40.0,1,0,0,30-39,1,Cash Investors,1.4283499534256794,-1.6059810720500522
CL101229,Individual,Female,United States,North America - East,Personal use,No,Friend/Family,4.0,30.0,0,0,0,<30,5,Cash Home Buyers,-0.9092878282479055,-0.33955838733540555
CL101230,Individual,Other,United States,North America - East,Investment,Yes,Agent Referral,3.0,58.0,1,1,0,50-59,3,Leveraged Investors,0.10932167257618641,-0.6408602482848166
CL101231,Individual,Female,United Arab Emirates,Middle East,Personal use,Yes,Unknown,4.0,29.0,0,1,0,<30,0,Mortgage Home Buyers,-2.3836981919476177,0.014003770651639623
CL101232,Corporate,Not Specified,United States,North America - West,Personal use,Yes,Website,4.0,52.0,0,1,1,50-59,4,Corporate Buyers,-0.49213438203538296,3.4467632688131413
CL101233,Individual,Male,India,South Asia,Investment,No,Property Portal,4.0,35.0,1,0,0,30-39,1,Cash Investors,1.3740448714084033,-1.760928758317571
CL101234,Individual,Male,United States,North America - East,Personal use,Yes,Agent Referral,4.0,39.0,0,1,0,30-39,0,Mortgage Home Buyers,-2.272921713072307,0.32522982378490833
CL101235,Corporate,Not Specified,United States,North America - East,Personal use,No,Friend/Family,3.0,57.0,0,0,1,50-59,4,Corporate Buyers,0.9717541768730888,3.2424765004484923
CL101236,Individual,Other,United States,North America - East,Personal use,No,Social Media,5.0,55.0,0,0,0,50-59,5,Cash Home Buyers,-0.5780703559842229,0.41668047803150876
CL101237,Corporate,Not Specified,Germany,Europe - West,Investment,No,Property Portal,4.0,35.0,1,0,1,30-39,2,Corporate Investors,3.0117786600252874,0.9609346701191553
CL101238,Individual,Male,United States,North America - West,Personal use,Yes,Friend/Family,3.0,27.0,0,1,0,<30,0,Mortgage Home Buyers,-2.460664797411624,-0.027864797981506328
CL101239,Individual,Male,United States,North America - East,Investment,No,Website,3.0,54.0,1,0,0,50-59,1,Cash Investors,1.5274127958587058,-1.1517541333904002
CL101240,Individual,Male,Singapore,Southeast Asia,Investment,Yes,Agent Referral,3.0,36.0,1,1,0,30-39,3,Leveraged Investors,-0.13391763180078556,-1.3238159712037099
CL101241,Individual,Male,United Kingdom,Europe - West,Personal use,Yes,Social Media,2.0,45.0,0,1,0,40-49,0,Mortgage Home Buyers,-2.317267145184961,0.5550670270773655
CL101242,Corporate,Not Specified,United Kingdom,Europe - West,Investment,Yes,Property Portal,4.0,39.0,1,1,1,30-39,2,Corporate Investors,1.593008762940052,1.4679338264550812
CL101243,Corporate,Not Specified,United States,North America - West,Investment,No,Friend/Family,5.0,47.0,1,0,1,40-49,2,Corporate Investors,3.199002177900277,1.310131031781909
CL101244,Corporate,Not Specified,United Kingdom,Europe - West,Personal use,No,Social Media,5.0,58.0,0,0,1,50-59,4,Corporate Buyers,1.092832428684067,3.2316742323208114
CL101245,Individual,Female,Canada,North America - East,Investment,No,Property Portal,3.0,49.0,1,0,0,40-49,1,Cash Investors,1.4736207716897571,-1.3043220443315635
CL101246,Individual,Male,United Arab Emirates,Middle East,Investment,No,Agent Referral,5.0,40.0,1,0,0,30-39,1,Cash Investors,1.4837284173386052,-1.6264646452807348
CL101247,Individual,Male,United States,North America - East,Personal use,Yes,Website,4.0,38.0,0,1,0,30-39,0,Mortgage Home Buyers,-2.2846568188921585,0.29029165306439203
CL101248,Corporate,Not Specified,Australia,Oceania,Investment,No,Property Portal,2.0,34.0,1,0,1,30-39,2,Corporate Investors,2.890296832091078,0.9738882815162656
CL101249,Individual,Female,Australia,Oceania,Personal use,No,Social Media,4.0,24.0,0,0,0,<30,5,Cash Home Buyers,-0.9760293964739479,-0.523667695771129
CL101250,Corporate,Not Specified,United States,North America - West,Investment,No,Property Portal,4.0,53.0,1,0,1,50-59,2,Corporate Investors,3.210792636333719,1.5197166252346133
CL101251,Individual,Male,United States,North America - East,Personal use,No,Agent Referral,5.0,26.0,0,0,0,<30,5,Cash Home Buyers,-0.8984460561827502,-0.4831588367827314
CL101252,Individual,Female,United States,North America - West,Personal use,Yes,Social Media,3.0,38.0,0,1,0,30-39,0,Mortgage Home Buyers,-2.3394487213463693,0.3157644067473695
CL101253,Individual,Female,United Arab Emirates,Middle East,Personal use,Yes,Agent Referral,4.0,43.0,0,1,0,40-49,0,Mortgage Home Buyers,-2.2286963850037664,0.4494035915883435
CL101254,Individual,Female,United States,North America - East,Personal use,Yes,Agent Referral,4.0,52.0,0,1,0,50-59,0,Mortgage Home Buyers,-2.1291893968495508,0.7287945691460725
CL101255,Individual,Female,Singapore,Southeast Asia,Investment,No,Website,3.0,31.0,1,0,0,30-39,1,Cash Investors,1.2731171594645987,-1.8657532982601521
CL101256,Corporate,Not Specified,India,South Asia,Investment,No,Friend/Family,3.0,54.0,1,0,1,50-59,2,Corporate Investors,3.165971006103148,1.5714321787858896
CL101257,Individual,Male,Singapore,Southeast Asia,Investment,No,Agent Referral,5.0,52.0,1,0,0,50-59,1,Cash Investors,1.616404401544226,-1.2539433418704293
CL101258,Individual,Female,France,Europe - West,Personal use,Yes,Agent Referral,4.0,37.0,0,1,0,30-39,0,Mortgage Home Buyers,-2.2950343771065773,0.26314293988319076
CL101259,Individual,Male,Brazil,Latin America,Personal use,Yes,Agent Referral,5.0,28.0,0,1,0,<30,0,Mortgage Home Buyers,-2.3393286173022556,-0.03824656434852287
CL101260,Individual,Female,United States,North America - West,Personal use,Yes,Agent Referral,5.0,25.0,0,1,0,<30,0,Mortgage Home Buyers,-2.372497613353661,-0.1313768902010991
CL101261,Individual,Other,Germany,Europe - West,Personal use,Yes,Social Media,3.0,43.0,0,1,0,40-49,0,Mortgage Home Buyers,-2.284167061260694,0.4709816165016635
CL101262,Corporate,Not Specified,United Kingdom,Europe - West,Investment,No,Friend/Family,3.0,61.0,1,0,1,60+,2,Corporate Investors,3.2433653302230936,1.7887362724419011
CL101263,Corporate,Not Specified,Australia,Oceania,Investment,No,Friend/Family,3.0,56.0,1,0,1,50-59,2,Corporate Investors,3.1880836701374182,1.633519062687607
CL101264,Individual,Female,United Arab Emirates,Middle East,Personal use,No,Agent Referral,5.0,33.0,0,0,0,30-39,5,Cash Home Buyers,-0.8210517320628045,-0.2658547431267199
CL101265,Individual,Female,Singapore,Southeast Asia,Investment,No,Social Media,4.0,31.0,1,0,0,30-39,1,Cash Investors,1.328750752927462,-1.884277597925144
CL101266,Individual,Other,United States,North America - East,Personal use,Yes,Website,2.0,44.0,0,1,0,40-49,0,Mortgage Home Buyers,-2.3287443227064224,0.520549358117514
CL101267,Corporate,Not Specified,Brazil,Latin America,Investment,No,Social Media,5.0,65.0,1,0,1,60+,2,Corporate Investors,3.397612578085477,1.8710643301667962
CL101268,Individual,Male,France,Europe - West,Personal use,Yes,Property Portal,2.0,42.0,0,1,0,40-49,0,Mortgage Home Buyers,-2.349367350823966,0.46111177302892703
CL101269,Individual,Male,France,Europe - West,Personal use,Yes,Social Media,3.0,51.0,0,1,0,50-59,0,Mortgage Home Buyers,-2.1957164051236133,0.7193291521085335
CL101270,Corporate,Not Specified,Brazil,Latin America,Investment,No,Property Portal,4.0,53.0,1,0,1,50-59,2,Corporate Investors,3.210792636333719,1.5197166252346133
CL101271,Corporate,Not Specified,United Kingdom,Europe - West,Investment,No,Website,5.0,53.0,1,0,1,50-59,2,Corporate Investors,3.26451574837553,1.495068799747498
CL101272,Individual,Female,United Kingdom,Europe - West,Personal use,Yes,Friend/Family,4.0,44.0,0,1,0,40-49,0,Mortgage Home Buyers,-2.2174944051617898,0.4778751885091084
CL101273,Individual,Female,United Arab Emirates,Middle East,Investment,No,Friend/Family,4.0,23.0,1,0,0,<30,1,Cash Investors,1.2407036729136132,-2.1347764768014432
CL101274,Individual,Male,United States,North America - East,Personal use,No,Friend/Family,4.0,46.0,0,0,0,40-49,5,Cash Home Buyers,-0.7323865159737442,0.15713668387833502
CL101275,Individual,Male,United Kingdom,Europe - West,Personal use,Yes,Friend/Family,4.0,43.0,0,1,0,40-49,0,Mortgage Home Buyers,-2.228550737178925,0.44683174655824964
CL101276,Individual,Female,United States,North America - East,Investment,No,Website,5.0,51.0,1,0,0,50-59,1,Cash Investors,1.6046692957243749,-1.2888815125909454
CL101277,Individual,Male,United States,North America - East,Personal use,No,Friend/Family,4.0,48.0,0,0,0,40-49,5,Cash Home Buyers,-0.710273851939474,0.2192235677800526
CL101278,Individual,Female,Singapore,Southeast Asia,Investment,Yes,Social Media,3.0,39.0,1,1,0,30-39,3,Leveraged Investors,-0.10100656404777035,-1.231106147111798
CL101279,Individual,Female,United Arab Emirates,Middle East,Investment,No,Social Media,3.0,52.0,1,0,0,50-59,1,Cash Investors,1.5057209773287614,-1.210366790283125
CL101280,Individual,Female,United Kingdom,Europe - West,Investment,Yes,Website,4.0,37.0,1,1,0,30-39,3,Leveraged Investors,-0.06832732562782941,-1.318665784696493
CL101281,Individual,Male,Germany,Europe - West,Personal use,Yes,Website,4.0,44.0,0,1,0,40-49,0,Mortgage Home Buyers,-2.2183188267893477,0.47655230476954474
CL101282,Corporate,Not Specified,Germany,Europe - West,Personal use,No,Property Portal,2.0,45.0,0,0,1,40-49,4,Corporate Buyers,0.7845306589980997,2.8932801387857388
CL101283,Individual,Male,United Arab Emirates,Middle East,Investment,Yes,Agent Referral,4.0,46.0,1,1,0,40-49,3,Leveraged Investors,0.03185843632910267,-1.0353800783691065
CL101284,Corporate,Not Specified,Australia,Oceania,Investment,No,Agent Referral,3.0,55.0,1,0,1,50-59,2,Corporate Investors,3.1768816902954415,1.605047465766842
CL101285,Individual,Male,Australia,Oceania,Investment,No,Website,4.0,59.0,1,0,0,50-59,1,Cash Investors,1.6379072039029183,-1.0185354503100907
CL101286,Individual,Male,United Kingdom,Europe - West,Personal use,Yes,Friend/Family,3.0,63.0,0,1,0,60+,0,Mortgage Home Buyers,-2.0626368447947607,1.0896991122494097
CL101287,Corporate,Not Specified,United Kingdom,Europe - West,Investment,No,Friend/Family,3.0,65.0,1,0,1,60+,2,Corporate Investors,3.287590658291634,1.9129100402453363
CL101288,Individual,Female,Germany,Europe - West,Personal use,Yes,Property Portal,4.0,58.0,0,1,0,50-59,0,Mortgage Home Buyers,-2.06204054263273,0.9138097908946985
CL101289,Individual,Male,United Arab Emirates,Middle East,Investment,No,Social Media,4.0,25.0,1,0,0,<30,1,Cash Investors,1.2624127608246516,-2.0705382496302964
CL101290,Individual,Female,Germany,Europe - West,Personal use,No,Agent Referral,4.0,26.0,0,0,0,<30,5,Cash Home Buyers,-0.9536588041412873,-0.4611603101087468
CL101291,Individual,Male,United Arab Emirates,Middle East,Personal use,Yes,Website,4.0,38.0,0,1,0,30-39,0,Mortgage Home Buyers,-2.2846568188921585,0.29029165306439203
CL101292,Individual,Female,United Arab Emirates,Middle East,Personal use,No,Agent Referral,5.0,41.0,0,0,0,40-49,5,Cash Home Buyers,-0.7326010759257239,-0.017507207519849643
CL101293,Individual,Female,United Kingdom,Europe - West,Investment,Yes,Social Media,3.0,39.0,1,1,0,30-39,3,Leveraged Investors,-0.10100656404777035,-1.231106147111798
CL101294,Individual,Female,United Kingdom,Europe - West,Personal use,Yes,Event,3.0,22.0,0,1,0,<30,0,Mortgage Home Buyers,-2.5162578212765294,-0.18202511614900854
CL101295,Individual,Male,United Kingdom,Europe - West,Personal use,Yes,Website,3.0,54.0,0,1,0,50-59,0,Mortgage Home Buyers,-2.1629682545765343,0.8089852509521172
CL101296,Individual,Male,United States,North America - East,Personal use,Yes,Agent Referral,5.0,64.0,0,1,0,60+,0,Mortgage Home Buyers,-1.941300664685393,1.0793173458823933
CL101297,Individual,Male,United States,North America - West,Investment,Yes,Friend/Family,4.0,55.0,1,1,0,50-59,3,Leveraged Investors,0.13151107230815987,-0.7585609458414713
CL101298,Individual,Female,India,South Asia,Investment,Yes,Social Media,3.0,52.0,1,1,0,50-59,3,Leveraged Investors,0.04272575217498559,-0.8275414017506338
CL101299,Individual,Female,United Kingdom,Europe - West,Personal use,No,Friend/Family,4.0,44.0,0,0,0,40-49,5,Cash Home Buyers,-0.7544991800080143,0.09504979997661742
CL101300,Individual,Male,United States,North America - East,Investment,No,Social Media,5.0,31.0,1,0,0,30-39,1,Cash Investors,1.3839635008859992,-1.9062761245991284
CL101301,Individual,Male,United Arab Emirates,Middle East,Personal use,No,Agent Referral,4.0,41.0,0,0,0,40-49,5,Cash Home Buyers,-0.787813823884261,0.004491319154134966
CL101302,Individual,Female,India,South Asia,Investment,Yes,Social Media,3.0,64.0,1,1,0,60+,3,Leveraged Investors,0.1754017363806067,-0.4550200983403284
CL101303,Individual,Male,Canada,North America - East,Investment,No,Agent Referral,5.0,37.0,1,0,0,30-39,1,Cash Investors,1.4505594212872,-1.7195949711333112
CL101304,Individual,Female,Singapore,Southeast Asia,Personal use,No,Friend/Family,5.0,36.0,0,0,0,30-39,5,Cash Home Buyers,-0.7877370881865577,-0.1752962623042374
CL101305,Individual,Female,Australia,Oceania,Investment,Yes,Website,5.0,54.0,1,1,0,50-59,3,Leveraged Investors,0.1748430666220044,-0.8129257982058782
CL101306,Corporate,Not Specified,United Arab Emirates,Middle East,Investment,No,Social Media,3.0,52.0,1,0,1,50-59,2,Corporate Investors,3.143454765945646,1.511496638153601
CL101307,Corporate,Not Specified,United Arab Emirates,Middle East,Investment,No,Event,4.0,44.0,1,0,1,40-49,2,Corporate Investors,3.1103090701111045,1.240056124190109
CL101308,Individual,Male,United States,North America - East,Investment,No,Social Media,2.0,39.0,1,0,0,30-39,1,Cash Investors,1.306775913147468,-1.5919330089703045
CL101309,Individual,Male,Australia,Oceania,Personal use,Yes,Agent Referral,5.0,35.0,0,1,0,30-39,0,Mortgage Home Buyers,-2.26193429318231,0.1790575293074887
CL101310,Individual,Female,United Kingdom,Europe - West,Investment,Yes,Unknown,4.0,42.0,1,1,0,40-49,3,Leveraged Investors,-0.012580050443397548,-1.1603454797972226
CL101311,Corporate,Not Specified,Australia,Oceania,Personal use,Yes,Agent Referral,4.0,42.0,0,1,1,40-49,4,Corporate Buyers,-0.6020189284040175,3.1402235780742105
CL101312,Corporate,Not Specified,United Arab Emirates,Middle East,Investment,No,Friend/Family,5.0,64.0,1,0,1,60+,2,Corporate Investors,3.3869598221915735,1.8378695449465083
CL101313,Individual,Female,United States,North America - West,Investment,No,Website,4.0,52.0,1,0,0,50-59,1,Cash Investors,1.5605128797829728,-1.2358395439661023
CL101314,Individual,Male,United States,North America - East,Personal use,Yes,Property Portal,3.0,42.0,0,1,0,40-49,0,Mortgage Home Buyers,-2.2941546028654285,0.4391132463549424
CL101315,Individual,Male,India,South Asia,Personal use,Yes,Website,2.0,66.0,0,1,0,60+,0,Mortgage Home Buyers,-2.0855050183294503,1.203505081036407
CL101316,Corporate,Not Specified,United Arab Emirates,Middle East,Investment,No,Agent Referral,5.0,56.0,1,0,1,50-59,2,Corporate Investors,3.2983635182296513,1.5920938543697318
CL101317,Corporate,Not Specified,United States,North America - East,Investment,No,Event,4.0,35.0,1,0,1,30-39,2,Corporate Investors,3.0108020819568884,0.9606651466323799
CL101318,Individual,Female,India,South Asia,Personal use,Yes,Social Media,4.0,47.0,0,1,0,40-49,0,Mortgage Home Buyers,-2.1847289852336162,0.573156857631114
CL101319,Individual,Male,Singapore,Southeast Asia,Personal use,Yes,Agent Referral,4.0,38.0,0,1,0,30-39,0,Mortgage Home Buyers,-2.2839780450894422,0.2941863818340495
CL101320,Individual,Female,France,Europe - West,Personal use,No,Website,5.0,23.0,0,0,0,<30,5,Cash Home Buyers,-0.9322938260368716,-0.5801838914049652
CL101321,Individual,Male,Germany,Europe - West,Personal use,Yes,Website,3.0,38.0,0,1,0,30-39,0,Mortgage Home Buyers,-2.3398695668506955,0.31229017973837664
CL101322,Corporate,Not Specified,United States,North America - East,Personal use,Yes,Agent Referral,3.0,32.0,0,1,1,30-39,4,Corporate Buyers,-0.767794996533906,2.8517876852396076
CL101323,Individual,Female,India,South Asia,Personal use,Yes,Social Media,4.0,23.0,0,1,0,<30,0,Mortgage Home Buyers,-2.4500809536448585,-0.17188574918949667
CL101324,Individual,Female,United Kingdom,Europe - West,Personal use,No,Social Media,3.0,41.0,0,0,0,40-49,5,Cash Home Buyers,-0.8432845001411886,0.026069344067454855
CL101325,Individual,Male,Singapore,Southeast Asia,Personal use,Yes,Property Portal,3.0,22.0,0,1,0,<30,0,Mortgage Home Buyers,-2.5152812432081304,-0.18175559266223312
CL101326,Individual,Male,United Kingdom,Europe - West,Personal use,Yes,Friend/Family,5.0,38.0,0,1,0,30-39,0,Mortgage Home Buyers,-2.2286196493060633,0.26961601012997116
CL101327,Corporate,Not Specified,United Arab Emirates,Middle East,Investment,No,Property Portal,4.0,38.0,1,0,1,30-39,2,Corporate Investors,3.0449476560766926,1.0540649959717314
CL101328,Individual,Male,Canada,North America - East,Personal use,Yes,Social Media,4.0,42.0,0,1,0,40-49,0,Mortgage Home Buyers,-2.2400106453192916,0.41793964787682003
CL101329,Corporate,Not Specified,United States,North America - East,Investment,No,Agent Referral,4.0,31.0,1,0,1,30-39,2,Corporate Investors,2.9667424698427367,0.8380063322722469
CL101330,Individual,Male,India,South Asia,Personal use,Yes,Social Media,3.0,40.0,0,1,0,30-39,0,Mortgage Home Buyers,-2.317336057312099,0.37785129064908696
CL101331,Individual,Other,France,Europe - West,Personal use,Yes,Agent Referral,4.0,32.0,0,1,0,30-39,0,Mortgage Home Buyers,-2.3503160371922527,0.10792573012889686
CL101332,Individual,Male,France,Europe - West,Personal use,No,Agent Referral,4.0,41.0,0,0,0,40-49,5,Cash Home Buyers,-0.787813823884261,0.004491319154134966
CL101333,Individual,Female,Brazil,Latin America,Investment,Yes,Property Portal,4.0,42.0,1,1,0,40-49,3,Leveraged Investors,-0.011556029625427183,-1.1607992761290684
CL101334,Individual,Male,Brazil,Latin America,Personal use,No,Friend/Family,4.0,31.0,0,0,0,30-39,5,Cash Home Buyers,-0.8982314962307705,-0.30851494538454677
CL101335,Individual,Male,Singapore,Southeast Asia,Investment,Yes,Agent Referral,3.0,44.0,1,1,0,40-49,3,Leveraged Investors,-0.04546697566370484,-1.0754684355968396
CL101336,Individual,Female,United States,North America - East,Personal use,No,Agent Referral,5.0,43.0,0,0,0,40-49,5,Cash Home Buyers,-0.7104884118914537,0.04457967638186793
CL101337,Individual,Male,United Arab Emirates,Middle East,Personal use,Yes,Agent Referral,3.0,39.0,0,1,0,30-39,0,Mortgage Home Buyers,-2.328134461030844,0.34722835045889283
CL101338,Individual,Female,Singapore,Southeast Asia,Personal use,Yes,Social Media,3.0,67.0,0,1,0,60+,0,Mortgage Home Buyers,-2.018815092849452,1.216024223322274
CL101339,Individual,Female,United Kingdom,Europe - West,Investment,Yes,Agent Referral,3.0,40.0,1,1,0,30-39,3,Leveraged Investors,-0.08969230373224513,-1.1996422034002747
CL101340,Corporate,Not Specified,United States,North America - East,Investment,No,Property Portal,3.0,49.0,1,0,1,40-49,2,Corporate Investors,3.1113545603066415,1.4175413841051627
CL101341,Corporate,Not Specified,Singapore,Southeast Asia,Investment,No,Social Media,5.0,41.0,1,0,1,40-49,2,Corporate Investors,3.1322606096742347,1.1260217233461853
CL101342,Individual,Female,France,Europe - West,Personal use,Yes,Agent Referral,3.0,30.0,0,1,0,<30,0,Mortgage Home Buyers,-2.42764144918506,0.06783737290116379
CL101343,Individual,Male,United Arab Emirates,Middle East,Personal use,No,Friend/Family,3.0,49.0,0,0,0,40-49,5,Cash Home Buyers,-0.7544302678808761,0.2722655364048959
CL101344,Individual,Female,Brazil,Latin America,Personal use,Yes,Property Portal,4.0,33.0,0,1,0,30-39,0,Mortgage Home Buyers,-2.3384488430611072,0.1377237421232289
CL101345,Corporate,Not Specified,United Arab Emirates,Middle East,Investment,No,Property Portal,4.0,48.0,1,0,1,40-49,2,Corporate Investors,3.1555109762480438,1.3644994154803194
CL101346,Individual,Female,Germany,Europe - West,Investment,No,Social Media,4.0,36.0,1,0,0,30-39,1,Cash Investors,1.3840324130131374,-1.72906038817085
CL101347,Individual,Male,United Kingdom,Europe - West,Personal use,Yes,Agent Referral,5.0,31.0,0,1,0,30-39,0,Mortgage Home Buyers,-2.3061596212508504,0.054883761504053545
CL101348,Individual,Female,Germany,Europe - West,Personal use,No,Friend/Family,4.0,22.0,0,0,0,<30,5,Cash Home Buyers,-0.9977384843849864,-0.5879059229422758
CL101349,Corporate,Not Specified,United States,North America - East,Investment,No,Property Portal,4.0,36.0,1,0,1,30-39,2,Corporate Investors,3.0228349920424225,0.9919781120700143
CL101350,Individual,Male,India,South Asia,Personal use,Yes,Event,3.0,51.0,0,1,0,50-59,0,Mortgage Home Buyers,-2.195624192779612,0.7182347004258961
CL101351,Individual,Male,Singapore,Southeast Asia,Investment,No,Social Media,4.0,44.0,1,0,0,40-49,1,Cash Investors,1.4724830691502182,-1.4807128525639797
CL101352,Individual,Male,United Kingdom,Europe - West,Investment,Yes,Friend/Family,4.0,58.0,1,1,0,50-59,3,Leveraged Investors,0.16468006835956508,-0.665430619988895
CL101353,Individual,Male,United Kingdom,Europe - West,Personal use,Yes,Agent Referral,4.0,50.0,0,1,0,40-49,0,Mortgage Home Buyers,-2.151302060883821,0.6667076852443549
CL101354,Corporate,Not Specified,Singapore,Southeast Asia,Personal use,Yes,Unknown,4.0,65.0,0,1,1,60+,4,Corporate Buyers,-0.34793645071387025,3.853431109319282
CL101355,Individual,Male,United States,North America - West,Personal use,Yes,Agent Referral,4.0,61.0,0,1,0,60+,0,Mortgage Home Buyers,-2.029682408695335,1.0081855467038014
CL101356,Individual,Female,France,Europe - West,Investment,No,Website,4.0,39.0,1,0,0,30-39,1,Cash Investors,1.4167805635602166,-1.6394042893272665
CL101357,Individual,Male,Germany,Europe - West,Personal use,Yes,Social Media,3.0,42.0,0,1,0,40-49,0,Mortgage Home Buyers,-2.295223393277829,0.43993817455080453
CL101358,Individual,Female,India,South Asia,Personal use,Yes,Agent Referral,4.0,41.0,0,1,0,40-49,0,Mortgage Home Buyers,-2.2508090490380366,0.3873167076866259
CL101359,Individual,Male,United States,North America - East,Personal use,Yes,Friend/Family,4.0,57.0,0,1,0,50-59,0,Mortgage Home Buyers,-2.073762088939034,0.8814399338702725
CL101360,Individual,Female,United Arab Emirates,Middle East,Investment,Yes,Unknown,2.0,42.0,1,1,0,40-49,3,Leveraged Investors,-0.12300554636047195,-1.1163484264492536
CL101361,Corporate,Not Specified,United Kingdom,Europe - West,Investment,Yes,Website,3.0,56.0,1,1,1,50-59,2,Corporate Investors,1.7242640233560844,2.0150215674805345
CL101362,Individual,Female,United Arab Emirates,Middle East,Investment,Yes,Friend/Family,3.0,48.0,1,1,0,40-49,3,Leveraged Investors,-0.0010959997703230081,-0.9538665128234982
CL101363,Individual,Female,United States,North America - West,Personal use,No,Website,4.0,32.0,0,0,0,30-39,5,Cash Home Buyers,-0.8879995858411931,-0.2787943871732516
CL101364,Individual,Female,Germany,Europe - West,Personal use,Yes,Website,5.0,47.0,0,1,0,40-49,0,Mortgage Home Buyers,-2.1299370827794055,0.5476841039481366
CL101365,Individual,Male,France,Europe - West,Investment,Yes,Event,5.0,46.0,1,1,0,40-49,3,Leveraged Investors,0.08690546833325132,-1.0588935584863932
CL101366,Individual,Male,United States,North America - West,Investment,Yes,Unknown,2.0,39.0,1,1,0,30-39,3,Leveraged Investors,-0.15617454241187728,-1.20947875230183
CL101367,Individual,Male,United States,North America - East,Personal use,Yes,Agent Referral,4.0,48.0,0,1,0,40-49,0,Mortgage Home Buyers,-2.173414724918091,0.6046208013426374
CL101368,Individual,Male,United States,North America - East,Personal use,Yes,Friend/Family,4.0,25.0,0,1,0,<30,0,Mortgage Home Buyers,-2.4275647134873566,-0.11195020855720836
CL101369,Individual,Male,United Kingdom,Europe - West,Investment,No,Agent Referral,4.0,43.0,1,0,0,40-49,1,Cash Investors,1.461684665431473,-1.511335792754174
CL101370,Individual,Female,United States,North America - West,Investment,No,Agent Referral,5.0,35.0,1,0,0,30-39,1,Cash Investors,1.4284467572529296,-1.7816818550350286
CL101371,Corporate,Not Specified,Australia,Oceania,Investment,No,Friend/Family,4.0,38.0,1,0,1,30-39,2,Corporate Investors,3.044282441787524,1.0527385808981644
CL101372,Individual,Female,Germany,Europe - West,Investment,No,Social Media,4.0,42.0,1,0,0,40-49,1,Cash Investors,1.4503704051159478,-1.5427997364656973
CL101373,Individual,Male,Singapore,Southeast Asia,Personal use,Yes,Social Media,4.0,35.0,0,1,0,30-39,0,Mortgage Home Buyers,-2.3174049694392376,0.2006355542208086
CL101374,Corporate,Not Specified,Brazil,Latin America,Investment,No,Property Portal,4.0,37.0,1,0,1,30-39,2,Corporate Investors,3.0338913240595575,1.0230215540208727
CL101375,Individual,Male,United States,North America - West,Personal use,No,Website,4.0,56.0,0,0,0,50-59,5,Cash Home Buyers,-0.622647617429951,0.46624821964735913
CL101376,Individual,Male,United Arab Emirates,Middle East,Personal use,Yes,Social Media,4.0,38.0,0,1,0,30-39,0,Mortgage Home Buyers,-2.2842359733878324,0.2937658800733849
CL101377,Individual,Female,Singapore,Southeast Asia,Personal use,No,Agent Referral,4.0,33.0,0,0,0,30-39,5,Cash Home Buyers,-0.8762644800213418,-0.24385621645273536
CL101378,Individual,Female,United Arab Emirates,Middle East,Personal use,Yes,Website,5.0,45.0,0,1,0,40-49,0,Mortgage Home Buyers,-2.1520497468136757,0.4855972200464191
CL101379,Individual,Female,Germany,Europe - West,Personal use,Yes,Event,4.0,48.0,0,1,0,40-49,0,Mortgage Home Buyers,-2.1735804408724797,0.6031058478993353
CL101380,Individual,Male,Germany,Europe - West,Investment,Yes,Friend/Family,4.0,47.0,1,1,0,40-49,3,Leveraged Investors,0.04306041617107929,-1.0069084814483416
CL101381,Individual,Male,United States,North America - East,Investment,No,Agent Referral,4.0,42.0,1,0,0,40-49,1,Cash Investors,1.450628333414338,-1.5423792347050327
CL101382,Individual,Female,France,Europe - West,Personal use,Yes,Agent Referral,4.0,42.0,0,1,0,40-49,0,Mortgage Home Buyers,-2.2397527170209015,0.41836014963748464
CL101383,Individual,Male,Brazil,Latin America,Personal use,Yes,Agent Referral,4.0,44.0,0,1,0,40-49,0,Mortgage Home Buyers,-2.2176400529866314,0.4804470335392022
CL101384,Individual,Male,Brazil,Latin America,Investment,No,Friend/Family,2.0,45.0,1,0,0,40-49,1,Cash Investors,1.3735174813735105,-1.407823700534581
CL101385,Individual,Female,United States,North America - West,Investment,No,Agent Referral,4.0,46.0,1,0,0,40-49,1,Cash Investors,1.4948536614828785,-1.4182054669015975
CL101386,Individual,Male,India,South Asia,Personal use,Yes,Property Portal,3.0,54.0,0,1,0,50-59,0,Mortgage Home Buyers,-2.1614786186598076,0.811634549765248
CL101387,Corporate,Not Specified,United Kingdom,Europe - West,Investment,Yes,Agent Referral,3.0,56.0,1,1,1,50-59,2,Corporate Investors,1.7249427971588005,2.018916296250192
CL101388,Individual,Male,Australia,Oceania,Personal use,Yes,Agent Referral,3.0,32.0,0,1,0,30-39,0,Mortgage Home Buyers,-2.40552878515079,0.1299242568028814
CL101389,Individual,Female,United States,North America - West,Personal use,Yes,Property Portal,4.0,39.0,0,1,0,30-39,0,Mortgage Home Buyers,-2.272110850958297,0.3239843938283816
CL101390,Individual,Male,Australia,Oceania,Investment,No,Property Portal,5.0,50.0,1,0,0,40-49,1,Cash Investors,1.5951025996239667,-1.3172756557286738
CL101391,Individual,Female,Singapore,Southeast Asia,Personal use,Yes,Agent Referral,4.0,22.0,0,1,0,<30,0,Mortgage Home Buyers,-2.4608793573636034,-0.2025086893796909
CL101392,Corporate,Not Specified,United States,North America - East,Investment,No,Social Media,4.0,50.0,1,0,1,40-49,2,Corporate Investors,3.1765548498699134,1.427411227577899
CL101393,Individual,Male,United States,North America - East,Personal use,Yes,Property Portal,3.0,51.0,0,1,0,50-59,0,Mortgage Home Buyers,-2.194647614711213,0.7185042239126715
CL101394,Individual,Male,Singapore,Southeast Asia,Personal use,No,Friend/Family,4.0,57.0,0,0,0,50-59,5,Cash Home Buyers,-0.6107668637852582,0.4986145453377815
CL101395,Corporate,Not Specified,United States,North America - West,Personal use,No,Friend/Family,3.0,63.0,0,0,1,60+,4,Corporate Buyers,1.0380921689758995,3.428737152153645
CL101396,Individual,Male,France,Europe - West,Personal use,Yes,Friend/Family,4.0,42.0,0,1,0,40-49,0,Mortgage Home Buyers,-2.23960706919606,0.4157883046073908
CL101397,Individual,Female,Australia,Oceania,Personal use,Yes,Property Portal,5.0,36.0,0,1,0,30-39,0,Mortgage Home Buyers,-2.2500670990511646,0.2088555413018207
CL101398,Individual,Male,United Arab Emirates,Middle East,Personal use,Yes,Social Media,3.0,38.0,0,1,0,30-39,0,Mortgage Home Buyers,-2.3394487213463693,0.3157644067473695
CL101399,Individual,Male,United Kingdom,Europe - West,Personal use,Yes,Website,4.0,44.0,0,1,0,40-49,0,Mortgage Home Buyers,-2.2183188267893477,0.47655230476954474
CL101400,Individual,Male,Germany,Europe - West,Investment,Yes,Social Media,3.0,27.0,1,1,0,<30,3,Leveraged Investors,-0.23368254825339146,-1.6036274505221035
CL101401,Individual,Male,United States,North America - East,Personal use,No,Friend/Family,3.0,29.0,0,0,0,<30,5,Cash Home Buyers,-0.975556908223578,-0.3486033026122798
CL101402,Individual,Male,Brazil,Latin America,Personal use,No,Social Media,4.0,38.0,0,0,0,30-39,5,Cash Home Buyers,-0.8212407482340567,-0.08905950845910612
CL101403,Individual,Female,United Kingdom,Europe - West,Investment,No,Agent Referral,4.0,39.0,1,0,0,30-39,1,Cash Investors,1.4174593373629327,-1.635509560557609
CL101404,Individual,Female,United States,North America - West,Personal use,Yes,Friend/Family,3.0,28.0,0,1,0,<30,0,Mortgage Home Buyers,-2.4496084653944887,0.003178643969352402
CL101405,Individual,Female,United Kingdom,Europe - West,Personal use,Yes,Social Media,2.0,49.0,0,1,0,40-49,0,Mortgage Home Buyers,-2.273041817116421,0.6792407948808007
CL101406,Individual,Female,Brazil,Latin America,Personal use,No,Event,4.0,36.0,0,0,0,30-39,5,Cash Home Buyers,-0.8432611999243251,-0.15224084404346108
CL101407,Individual,Female,United States,North America - East,Investment,Yes,Agent Referral,5.0,37.0,1,1,0,30-39,3,Leveraged Investors,-0.012435803866575841,-1.3367695826008201
CL101408,Individual,Female,Singapore,Southeast Asia,Personal use,Yes,Friend/Family,4.0,45.0,0,1,0,40-49,0,Mortgage Home Buyers,-2.2064380731446547,0.5089186304599671
CL101409,Corporate,Not Specified,India,South Asia,Investment,No,Social Media,5.0,53.0,1,0,1,50-59,2,Corporate Investors,3.264936593879856,1.4985430267564908
CL101410,Individual,Female,Singapore,Southeast Asia,Investment,Yes,Website,3.0,50.0,1,1,0,40-49,3,Leveraged Investors,0.02019224263638939,-0.8931025126613442
CL101411,Individual,Female,Brazil,Latin America,Personal use,Yes,Social Media,4.0,31.0,0,1,0,30-39,0,Mortgage Home Buyers,-2.361630297507778,0.07646178641737342
CL101412,Individual,Male,Singapore,Southeast Asia,Personal use,No,Website,3.0,25.0,0,0,0,<30,5,Cash Home Buyers,-1.020606657919676,-0.4740999541552785
CL101413,Individual,Female,Australia,Oceania,Investment,No,Property Portal,4.0,38.0,1,0,0,30-39,1,Cash Investors,1.4072138674598085,-1.6677984324649946
CL101414,Individual,Female,United States,North America - West,Personal use,No,Friend/Family,5.0,42.0,0,0,0,40-49,5,Cash Home Buyers,-0.7213990960837473,0.010964389400915363
CL101415,Corporate,Not Specified,India,South Asia,Investment,No,Website,4.0,53.0,1,0,1,50-59,2,Corporate Investors,3.2093030004169925,1.5170673264214827
CL101416,Individual,Female,France,Europe - West,Personal use,Yes,Social Media,5.0,25.0,0,1,0,<30,0,Mortgage Home Buyers,-2.372755541652051,-0.1317973919617637
CL101417,Individual,Male,France,Europe - West,Personal use,No,Event,3.0,43.0,0,0,0,40-49,5,Cash Home Buyers,-0.8210796237629168,0.08706177628653489
CL101418,Corporate,Not Specified,Australia,Oceania,Investment,No,Agent Referral,4.0,65.0,1,0,1,60+,2,Corporate Investors,3.3426577584253296,1.8934833586014455
CL101419,Individual,Male,Brazil,Latin America,Personal use,No,Property Portal,3.0,26.0,0,0,0,<30,5,Cash Home Buyers,-1.008060689985814,-0.440407213391289
CL101420,Corporate,Not Specified,India,South Asia,Investment,No,Website,4.0,32.0,1,0,1,30-39,2,Corporate Investors,2.9771200280571555,0.8651550454534483
CL101421,Individual,Male,France,Europe - West,Investment,No,Website,4.0,35.0,1,0,0,30-39,1,Cash Investors,1.3725552354916764,-1.7635780571307016
CL101422,Individual,Female,Germany,Europe - West,Personal use,Yes,Social Media,4.0,53.0,0,1,0,50-59,0,Mortgage Home Buyers,-2.118390993130806,0.7594175093362666
CL101423,Corporate,Not Specified,United Kingdom,Europe - West,Investment,No,Agent Referral,4.0,31.0,1,0,1,30-39,2,Corporate Investors,2.9667424698427367,0.8380063322722469
CL101424,Individual,Male,United Kingdom,Europe - West,Investment,No,Property Portal,4.0,45.0,1,0,0,40-49,1,Cash Investors,1.4846081915797542,-1.450494338808983
CL101425,Individual,Female,United Kingdom,Europe - West,Investment,No,Friend/Family,4.0,38.0,1,0,0,30-39,1,Cash Investors,1.4065486531706393,-1.6691248475385616
CL101426,Individual,Male,United States,North America - East,Personal use,Yes,Friend/Family,3.0,23.0,0,1,0,<30,0,Mortgage Home Buyers,-2.504890125480164,-0.1520385657849414
CL101427,Individual,Female,United States,North America - East,Personal use,No,Friend/Family,3.0,28.0,0,0,0,<30,5,Cash Home Buyers,-0.9866132402407131,-0.3796467445631386
CL101428,Individual,Male,India,South Asia,Investment,Yes,Friend/Family,2.0,40.0,1,1,0,30-39,3,Leveraged Investors,-0.14475940386594097,-1.1802155217563841
CL101429,Individual,Other,Germany,Europe - West,Investment,No,Friend/Family,3.0,45.0,1,0,0,40-49,1,Cash Investors,1.4287302293320476,-1.4298222272085657
CL101430,Individual,Female,Australia,Oceania,Investment,No,Friend/Family,3.0,23.0,1,0,0,<30,1,Cash Investors,1.1854909249550758,-2.112777950127459
CL101431,Individual,Male,United Arab Emirates,Middle East,Investment,No,Property Portal,3.0,41.0,1,0,0,40-49,1,Cash Investors,1.3851701155526766,-1.5526695799384336
CL101432,Individual,Male,United States,North America - East,Personal use,Yes,Social Media,3.0,29.0,0,1,0,<30,0,Mortgage Home Buyers,-2.4389557095005854,0.036373429189640476
CL101433,Individual,Male,United States,North America - East,Personal use,Yes,Agent Referral,4.0,44.0,0,1,0,40-49,0,Mortgage Home Buyers,-2.2176400529866314,0.4804470335392022
CL101434,Individual,Female,United States,North America - West,Personal use,No,Social Media,3.0,41.0,0,0,0,40-49,5,Cash Home Buyers,-0.8432845001411886,0.026069344067454855
CL101435,Individual,Female,Brazil,Latin America,Investment,No,Agent Referral,5.0,49.0,1,0,0,40-49,1,Cash Investors,1.5832354054928208,-1.3470736677230057
CL101436,Individual,Male,United States,North America - East,Personal use,No,Agent Referral,3.0,53.0,0,0,0,50-59,5,Cash Home Buyers,-0.7103505876371773,0.3990111492384249
CL101437,Individual,Male,France,Europe - West,Personal use,Yes,Agent Referral,5.0,47.0,0,1,0,40-49,0,Mortgage Home Buyers,-2.129258308976689,0.5515788327177941
CL101438,Individual,Female,Australia,Oceania,Investment,Yes,Agent Referral,4.0,51.0,1,1,0,50-59,3,Leveraged Investors,0.08714009641477805,-0.8801628686148125
CL101439,Individual,Male,Brazil,Latin America,Investment,No,Website,3.0,38.0,1,0,0,30-39,1,Cash Investors,1.3505114835845444,-1.6484492046041406
CL101440,Individual,Female,Canada,North America - East,Personal use,No,Property Portal,4.0,73.0,0,0,0,60+,5,Cash Home Buyers,-0.43320033722192763,0.9966360316250893
CL101441,Individual,Female,United States,North America - West,Investment,No,Friend/Family,4.0,28.0,1,0,0,<30,1,Cash Investors,1.2959853329992885,-1.9795592670471496
CL101442,Corporate,Not Specified,United States,North America - West,Personal use,Yes,Unknown,3.0,58.0,0,1,1,50-59,4,Corporate Buyers,-0.48054352279235313,3.658125542337255
CL101443,Corporate,Not Specified,United States,North America - East,Personal use,Yes,Event,5.0,61.0,0,1,1,60+,4,Corporate Buyers,-0.3369015880743022,3.706535495023241
CL101444,Individual,Male,United States,North America - West,Personal use,Yes,Event,2.0,49.0,0,1,0,40-49,0,Mortgage Home Buyers,-2.2729496047724194,0.6781463431981632
CL101445,Corporate,Not Specified,United Arab Emirates,Middle East,Investment,No,Property Portal,4.0,48.0,1,0,1,40-49,2,Corporate Investors,3.1555109762480438,1.3644994154803194
CL101446,Corporate,Not Specified,Australia,Oceania,Investment,No,Website,4.0,65.0,1,0,1,60+,2,Corporate Investors,3.3419789846226133,1.889588629831788
CL101447,Individual,Female,France,Europe - West,Personal use,No,Agent Referral,5.0,23.0,0,0,0,<30,5,Cash Home Buyers,-0.9316150522341554,-0.5762891626353077
CL101448,Individual,Female,United Arab Emirates,Middle East,Personal use,Yes,Social Media,3.0,58.0,0,1,0,50-59,0,Mortgage Home Buyers,-2.118322081003668,0.9366332457645451
CL101449,Individual,Female,United States,North America - West,Investment,No,Friend/Family,5.0,39.0,1,0,0,30-39,1,Cash Investors,1.4728177331463117,-1.6600799322616873
CL101450,Individual,Male,Singapore,Southeast Asia,Personal use,Yes,Friend/Family,4.0,54.0,0,1,0,50-59,0,Mortgage Home Buyers,-2.106931084990439,0.7883096080176961
CL101451,Individual,Female,United Arab Emirates,Middle East,Investment,No,Friend/Family,2.0,23.0,1,0,0,<30,1,Cash Investors,1.1302781769965387,-2.090779423453474
CL101452,Individual,Male,Singapore,Southeast Asia,Personal use,Yes,Friend/Family,2.0,43.0,0,1,0,40-49,0,Mortgage Home Buyers,-2.3389762330959996,0.49082879990621864
CL101453,Individual,Male,Australia,Oceania,Personal use,Yes,Event,4.0,35.0,0,1,0,30-39,0,Mortgage Home Buyers,-2.317312757095236,0.19954110253817106
CL101454,Corporate,Not Specified,United Kingdom,Europe - West,Investment,No,Social Media,3.0,33.0,1,0,1,30-39,2,Corporate Investors,2.93338445762008,0.9216712410872843
CL101455,Individual,Female,United States,North America - West,Personal use,No,Property Portal,4.0,44.0,0,0,0,40-49,5,Cash Home Buyers,-0.7538339657188452,0.09637621505018455
CL101456,Individual,Female,Canada,North America - East,Personal use,Yes,Property Portal,3.0,45.0,0,1,0,40-49,0,Mortgage Home Buyers,-2.2609856068140233,0.532243572207519
CL101457,Individual,Male,Germany,Europe - West,Personal use,Yes,Agent Referral,3.0,30.0,0,1,0,<30,0,Mortgage Home Buyers,-2.42764144918506,0.06783737290116379
CL101458,Individual,Female,Australia,Oceania,Investment,No,Property Portal,3.0,40.0,1,0,0,30-39,1,Cash Investors,1.3741137835355415,-1.5837130218892925
CL101459,Corporate,Not Specified,United Kingdom,Europe - West,Investment,No,Website,5.0,37.0,1,0,1,30-39,2,Corporate Investors,3.087614436101368,0.9983737285337575
CL101460,Individual,Male,India,South Asia,Investment,No,Website,2.0,46.0,1,0,0,40-49,1,Cash Investors,1.3837493917630879,-1.378103142323286
CL101461,Individual,Male,France,Europe - West,Investment,Yes,Event,4.0,52.0,1,1,0,50-59,3,Leveraged Investors,0.09803071247752461,-0.8506343801072559
CL101462,Individual,Female,United States,North America - East,Personal use,Yes,Agent Referral,5.0,42.0,0,1,0,40-49,0,Mortgage Home Buyers,-2.1845399690623646,0.39636162296350014
CL101463,Individual,Male,United Kingdom,Europe - West,Investment,Yes,Social Media,3.0,27.0,1,1,0,<30,3,Leveraged Investors,-0.23368254825339146,-1.6036274505221035
CL101464,Individual,Male,United Arab Emirates,Middle East,Investment,Yes,Event,2.0,43.0,1,1,0,40-49,3,Leveraged Investors,-0.11190177159376567,-1.086028304317016
CL101465,Corporate,Not Specified,India,South Asia,Investment,Yes,Agent Referral,4.0,63.0,1,1,1,60+,2,Corporate Investors,1.8575498692372834,2.214221863232219
CL101466,Individual,Female,Germany,Europe - West,Investment,No,Agent Referral,4.0,59.0,1,0,0,50-59,1,Cash Investors,1.6385859777056344,-1.0146407215404334
CL101467,Individual,Female,Canada,North America - East,Personal use,Yes,Website,2.0,23.0,0,1,0,<30,0,Mortgage Home Buyers,-2.560927295066259,-0.1313629228505205
CL101468,Individual,Male,India,South Asia,Investment,Yes,Social Media,5.0,42.0,1,1,0,40-49,3,Leveraged Investors,0.04258792792070937,-1.181972874607191
CL101469,Individual,Female,United States,North America - West,Personal use,Yes,Website,3.0,51.0,0,1,0,50-59,0,Mortgage Home Buyers,-2.1961372506279395,0.7158549250995407
CL101470,Individual,Male,Australia,Oceania,Personal use,Yes,Website,2.0,39.0,0,1,0,30-39,0,Mortgage Home Buyers,-2.3840259827920978,0.36533214836321987
CL101471,Individual,Male,United States,North America - West,Investment,Yes,Property Portal,4.0,35.0,1,1,0,30-39,3,Leveraged Investors,-0.08895035374537269,-1.37810336978508
CL101472,Individual,Female,United States,North America - West,Personal use,Yes,Agent Referral,4.0,39.0,0,1,0,30-39,0,Mortgage Home Buyers,-2.272921713072307,0.32522982378490833
CL101473,Individual,Female,France,Europe - West,Investment,No,Social Media,5.0,48.0,1,0,0,40-49,1,Cash Investors,1.5719211451772956,-1.3785376114345291
CL101474,Corporate,Not Specified,France,Europe - West,Investment,No,Website,4.0,39.0,1,0,1,30-39,2,Corporate Investors,3.054514352177101,1.0824591391094596
CL101475,Individual,Female,France,Europe - West,Investment,No,Social Media,4.0,54.0,1,0,0,50-59,1,Cash Investors,1.583046389321569,-1.1702784330553921
CL101476,Individual,Male,Germany,Europe - West,Investment,No,Friend/Family,4.0,40.0,1,0,0,30-39,1,Cash Investors,1.4286613172049094,-1.607037963636844
CL101477,Individual,Female,Brazil,Latin America,Investment,No,Agent Referral,4.0,30.0,1,0,0,<30,1,Cash Investors,1.317952349208717,-1.9149005381153381
CL101478,Individual,Female,France,Europe - West,Personal use,No,Agent Referral,4.0,54.0,0,0,0,50-59,5,Cash Home Buyers,-0.6440815076615051,0.408056064515299
CL101479,Individual,Other,Germany,Europe - West,Personal use,Yes,Agent Referral,4.0,25.0,0,1,0,<30,0,Mortgage Home Buyers,-2.427710361312198,-0.10937836352711452
CL101480,Individual,Male,Germany,Europe - West,Personal use,Yes,Website,4.0,35.0,0,1,0,30-39,0,Mortgage Home Buyers,-2.3178258149435638,0.19716132721181576
CL101481,Individual,Female,United States,North America - East,Personal use,Yes,Website,3.0,34.0,0,1,0,30-39,0,Mortgage Home Buyers,-2.3840948949192358,0.18811641193494152
CL101482,Individual,Female,United Arab Emirates,Middle East,Personal use,Yes,Social Media,4.0,64.0,0,1,0,60+,0,Mortgage Home Buyers,-1.9967713409423202,1.1008953707957132
CL101483,Individual,Male,Canada,North America - East,Investment,Yes,Website,3.0,33.0,1,1,0,30-39,3,Leveraged Investors,-0.16776540165490697,-1.4208410258259436
CL101484,Individual,Male,United Arab Emirates,Middle East,Investment,No,Agent Referral,5.0,23.0,1,0,0,<30,1,Cash Investors,1.2957707730473087,-2.154203158445334
CL101485,Individual,Other,United States,North America - West,Personal use,No,Website,5.0,34.0,0,0,0,30-39,5,Cash Home Buyers,-0.8106741738483856,-0.23870602994551857
CL101486,Individual,Male,Brazil,Latin America,Personal use,Yes,Property Portal,3.0,47.0,0,1,0,40-49,0,Mortgage Home Buyers,-2.238872942779753,0.5943304561092366
CL101487,Individual,Female,Germany,Europe - West,Investment,No,Agent Referral,5.0,50.0,1,0,0,40-49,1,Cash Investors,1.594291737509956,-1.316030225772147
CL101488,Individual,Male,Australia,Oceania,Investment,No,Social Media,3.0,66.0,1,0,0,60+,1,Cash Investors,1.6605096255686527,-0.775758602971102
CL101489,Corporate,Not Specified,Germany,Europe - West,Investment,No,Social Media,3.0,64.0,1,0,1,60+,2,Corporate Investors,3.276130750151267,1.8840179415639067
CL101490,Corporate,Not Specified,United States,North America - East,Personal use,Yes,Agent Referral,4.0,35.0,0,1,1,30-39,4,Corporate Buyers,-0.6794132525239632,2.922919484418199
CL101491,Individual,Female,Singapore,Southeast Asia,Personal use,No,Agent Referral,5.0,32.0,0,0,0,30-39,5,Cash Home Buyers,-0.8321080640799398,-0.29689818507757865
CL101492,Individual,Female,United Arab Emirates,Middle East,Personal use,Yes,Agent Referral,4.0,58.0,0,1,0,50-59,0,Mortgage Home Buyers,-2.0628514047467403,0.9150552208512251
CL101493,Individual,Male,India,South Asia,Investment,Yes,Social Media,4.0,36.0,1,1,0,30-39,3,Leveraged Investors,-0.07896281214063842,-1.3462349996383591
CL101494,Individual,Female,Germany,Europe - West,Personal use,Yes,Agent Referral,4.0,33.0,0,1,0,30-39,0,Mortgage Home Buyers,-2.3392597051751176,0.13896917207975562
CL101495,Individual,Female,United Arab Emirates,Middle East,Investment,Yes,Website,5.0,36.0,1,1,0,30-39,3,Leveraged Investors,-0.02417090968642712,-1.3717077533213362
CL101496,Corporate,Not Specified,Singapore,Southeast Asia,Investment,No,Property Portal,4.0,63.0,1,0,1,60+,2,Corporate Investors,3.32135595650507,1.8301510447432012
CL101497,Individual,Male,United Arab Emirates,Middle East,Personal use,Yes,Friend/Family,3.0,35.0,0,1,0,30-39,0,Mortgage Home Buyers,-2.3722141412745428,0.22048273762536386
CL101498,Individual,Female,United Kingdom,Europe - West,Investment,No,Website,3.0,38.0,1,0,0,30-39,1,Cash Investors,1.3505114835845444,-1.6484492046041406
CL101499,Individual,Female,United Arab Emirates,Middle East,Investment,Yes,Property Portal,4.0,49.0,1,1,0,40-49,3,Leveraged Investors,0.06583829449451856,-0.9434951824730567
CL101500,Individual,Male,India,South Asia,Investment,No,Website,4.0,37.0,1,0,0,30-39,1,Cash Investors,1.3946678995259465,-1.701491173228984
CL101501,Corporate,Not Specified,Brazil,Latin America,Investment,Yes,Website,4.0,48.0,1,1,1,40-49,2,Corporate Investors,1.691026115177541,1.7446755051996798
CL101502,Individual,Male,United Kingdom,Europe - West,Investment,No,Website,3.0,24.0,1,0,0,<30,1,Cash Investors,1.1957228353446532,-2.0830573919161637
CL101503,Individual,Male,Germany,Europe - West,Investment,Yes,Property Portal,4.0,43.0,1,1,0,40-49,3,Leveraged Investors,-0.000499697608292111,-1.1297558341782097
CL101504,Individual,Female,Singapore,Southeast Asia,Personal use,No,Agent Referral,5.0,41.0,0,0,0,40-49,5,Cash Home Buyers,-0.7326010759257239,-0.017507207519849643
CL101505,Individual,Male,France,Europe - West,Personal use,No,Property Portal,4.0,34.0,0,0,0,30-39,5,Cash Home Buyers,-0.8643972858901962,-0.21405820445840334
CL101506,Individual,Male,India,South Asia,Personal use,Yes,Friend/Family,5.0,35.0,0,1,0,30-39,0,Mortgage Home Buyers,-2.2617886453574685,0.17648568427739486
CL101507,Individual,Male,Germany,Europe - West,Personal use,Yes,Social Media,4.0,45.0,0,1,0,40-49,0,Mortgage Home Buyers,-2.2068416492678864,0.5110699737293963
CL101508,Individual,Male,United States,North America - East,Personal use,Yes,Agent Referral,5.0,57.0,0,1,0,50-59,0,Mortgage Home Buyers,-2.018694988805338,0.8620132522263818
CL101509,Individual,Male,India,South Asia,Personal use,Yes,Website,4.0,32.0,0,1,0,30-39,0,Mortgage Home Buyers,-2.350994810994969,0.10403100135923943
CL101510,Individual,Female,United States,North America - East,Investment,No,Friend/Family,4.0,41.0,1,0,0,40-49,1,Cash Investors,1.4397176492220445,-1.5759945216859852
CL101511,Individual,Female,United States,North America - West,Investment,No,Agent Referral,5.0,52.0,1,0,0,50-59,1,Cash Investors,1.616404401544226,-1.2539433418704293
CL101512,Individual,Female,United Arab Emirates,Middle East,Investment,No,Social Media,4.0,32.0,1,0,0,30-39,1,Cash Investors,1.339807084944597,-1.853234155974285
CL101513,Corporate,Not Specified,India,South Asia,Investment,No,Website,4.0,53.0,1,0,1,50-59,2,Corporate Investors,3.2093030004169925,1.5170673264214827
CL101514,Individual,Male,Australia,Oceania,Investment,No,Property Portal,5.0,41.0,1,0,0,40-49,1,Cash Investors,1.495595611469751,-1.5966666332864028
CL101515,Individual,Male,Canada,North America - East,Investment,Yes,Friend/Family,4.0,27.0,1,1,0,<30,3,Leveraged Investors,-0.17806622417162252,-1.627777320465517
CL101516,Corporate,Not Specified,United States,North America - West,Investment,No,Social Media,4.0,61.0,1,0,1,60+,2,Corporate Investors,3.2981745020583992,1.7688890890373457
CL101517,Individual,Male,Brazil,Latin America,Personal use,No,Social Media,4.0,41.0,0,0,0,40-49,5,Cash Home Buyers,-0.7880717521826512,0.0040708173934703605
CL101518,Individual,Male,United States,North America - East,Personal use,No,Agent Referral,5.0,48.0,0,0,0,40-49,5,Cash Home Buyers,-0.6552067518057784,0.19979688613616192
CL101519,Individual,Female,United States,North America - West,Personal use,Yes,Agent Referral,4.0,28.0,0,1,0,<30,0,Mortgage Home Buyers,-2.394541365260793,-0.016248037674538373
CL101520,Individual,Female,United Kingdom,Europe - West,Personal use,Yes,Website,4.0,41.0,0,1,0,40-49,0,Mortgage Home Buyers,-2.251487822840753,0.38342197891696844
CL101521,Individual,Female,France,Europe - West,Personal use,Yes,Friend/Family,4.0,57.0,0,1,0,50-59,0,Mortgage Home Buyers,-2.073762088939034,0.8814399338702725
CL101522,Corporate,Not Specified,Australia,Oceania,Investment,No,Website,3.0,47.0,1,0,1,40-49,2,Corporate Investors,3.0877522603556447,1.3528052013903145
CL101523,Individual,Male,India,South Asia,Personal use,No,Website,3.0,55.0,0,0,0,50-59,5,Cash Home Buyers,-0.6889166974056233,0.4572033043704848
CL101524,Individual,Male,India,South Asia,Personal use,Yes,Website,4.0,29.0,0,1,0,<30,0,Mortgage Home Buyers,-2.384163807046374,0.01090067550666303
CL101525,Individual,Female,United States,North America - East,Investment,Yes,Agent Referral,5.0,46.0,1,1,0,40-49,3,Leveraged Investors,0.08707118428763982,-1.0573786050430911
CL101526,Individual,Male,United Kingdom,Europe - West,Personal use,Yes,Social Media,4.0,36.0,0,1,0,30-39,0,Mortgage Home Buyers,-2.3063486374221025,0.23167899617166743
CL101527,Individual,Male,Germany,Europe - West,Personal use,Yes,Friend/Family,3.0,45.0,0,1,0,40-49,0,Mortgage Home Buyers,-2.261650821103192,0.5309171571339517
CL101528,Individual,Male,United States,North America - East,Personal use,Yes,Agent Referral,4.0,32.0,0,1,0,30-39,0,Mortgage Home Buyers,-2.3503160371922527,0.10792573012889686
CL101529,Individual,Female,Canada,North America - East,Personal use,Yes,Agent Referral,3.0,23.0,0,1,0,<30,0,Mortgage Home Buyers,-2.5050357733050057,-0.14946672075484757
CL101530,Individual,Female,United Kingdom,Europe - West,Investment,Yes,Social Media,4.0,38.0,1,1,0,30-39,3,Leveraged Investors,-0.05685014810636829,-1.2841481157366414
CL101531,Individual,Male,United States,North America - West,Investment,Yes,Social Media,4.0,49.0,1,1,0,40-49,3,Leveraged Investors,0.06476950408211775,-0.9426702542771948
CL101532,Individual,Male,United Arab Emirates,Middle East,Investment,No,Property Portal,5.0,44.0,1,0,0,40-49,1,Cash Investors,1.5287646075211563,-1.5035363074338264
CL101533,Individual,Male,India,South Asia,Personal use,No,Property Portal,4.0,46.0,0,0,0,40-49,5,Cash Home Buyers,-0.731721301684575,0.15846309895190214
CL101534,Individual,Male,United States,North America - West,Personal use,Yes,Property Portal,5.0,43.0,0,1,0,40-49,0,Mortgage Home Buyers,-2.172672774931219,0.42615963495783216
CL101535,Individual,Female,France,Europe - West,Personal use,Yes,Property Portal,3.0,45.0,0,1,0,40-49,0,Mortgage Home Buyers,-2.2609856068140233,0.532243572207519
CL101536,Individual,Male,India,South Asia,Personal use,No,Property Portal,4.0,46.0,0,0,0,40-49,5,Cash Home Buyers,-0.731721301684575,0.15846309895190214
CL101537,Individual,Female,India,South Asia,Personal use,No,Social Media,3.0,38.0,0,0,0,30-39,5,Cash Home Buyers,-0.8764534961925938,-0.06706098178512152
CL101538,Individual,Female,Singapore,Southeast Asia,Investment,No,Social Media,4.0,42.0,1,0,0,40-49,1,Cash Investors,1.4503704051159478,-1.5427997364656973
CL101539,Individual,Other,Germany,Europe - West,Investment,Yes,Friend/Family,3.0,60.0,1,1,0,50-59,3,Leveraged Investors,0.1315799844352981,-0.5813452094131928
CL101540,Individual,Female,Singapore,Southeast Asia,Investment,Yes,Website,2.0,43.0,1,1,0,40-49,3,Leveraged Investors,-0.11241482944209337,-1.0884080796433713
CL101541,Individual,Male,Canada,North America - East,Personal use,Yes,Agent Referral,3.0,42.0,0,1,0,40-49,0,Mortgage Home Buyers,-2.294965464979439,0.44035867631146913
CL101542,Individual,Male,United Kingdom,Europe - West,Investment,No,Property Portal,4.0,42.0,1,0,0,40-49,1,Cash Investors,1.4514391955283488,-1.5436246646615595
CL101543,Individual,Male,United States,North America - West,Personal use,Yes,Social Media,3.0,39.0,0,1,0,30-39,0,Mortgage Home Buyers,-2.328392389329234,0.3468078486982282
CL101544,Individual,Female,Germany,Europe - West,Personal use,Yes,Website,3.0,36.0,0,1,0,30-39,0,Mortgage Home Buyers,-2.3619822308849656,0.25020329583665907
CL101545,Corporate,Not Specified,United Kingdom,Europe - West,Investment,No,Agent Referral,5.0,41.0,1,0,1,40-49,2,Corporate Investors,3.132518537972625,1.12644222510685
CL101546,Corporate,Not Specified,Canada,North America - East,Personal use,No,Website,3.0,59.0,0,0,1,50-59,4,Corporate Buyers,0.9930424192798013,3.303240500610646
CL101547,Individual,Male,India,South Asia,Personal use,Yes,Agent Referral,4.0,40.0,0,1,0,30-39,0,Mortgage Home Buyers,-2.261865381055172,0.35627326573576706
CL101548,Individual,Male,United Kingdom,Europe - West,Personal use,Yes,Social Media,4.0,32.0,0,1,0,30-39,0,Mortgage Home Buyers,-2.350573965490643,0.10750522836823226
CL101549,Individual,Female,Canada,North America - East,Investment,No,Social Media,5.0,42.0,1,0,0,40-49,1,Cash Investors,1.5055831530744852,-1.564798263139682
CL101550,Corporate,Not Specified,United States,North America - West,Investment,Yes,Social Media,4.0,46.0,1,1,1,40-49,2,Corporate Investors,1.6693342966475968,1.686062848306955
CL101551,Individual,Female,Germany,Europe - West,Investment,No,Website,4.0,39.0,1,0,0,30-39,1,Cash Investors,1.4167805635602166,-1.6394042893272665
CL101552,Individual,Female,United Kingdom,Europe - West,Personal use,Yes,Agent Referral,3.0,22.0,0,1,0,<30,0,Mortgage Home Buyers,-2.516092105322141,-0.1805101627057064
CL101553,Individual,Male,United Kingdom,Europe - West,Personal use,No,Website,4.0,47.0,0,0,0,40-49,5,Cash Home Buyers,-0.7221546055841668,0.18685724208963014
CL101554,Individual,Male,Canada,North America - East,Personal use,No,Agent Referral,5.0,43.0,0,0,0,40-49,5,Cash Home Buyers,-0.7104884118914537,0.04457967638186793
CL101555,Individual,Male,India,South Asia,Personal use,No,Friend/Family,4.0,31.0,0,0,0,30-39,5,Cash Home Buyers,-0.8982314962307705,-0.30851494538454677
CL101556,Individual,Female,Australia,Oceania,Investment,No,Website,4.0,49.0,1,0,0,40-49,1,Cash Investors,1.5273438837315676,-1.3289698698186785
CL101557,Individual,Female,France,Europe - West,Personal use,Yes,Property Portal,4.0,26.0,0,1,0,<30,0,Mortgage Home Buyers,-2.4158431671810527,-0.07958035153278249
CL101558,Individual,Male,United Arab Emirates,Middle East,Investment,Yes,Friend/Family,4.0,52.0,1,1,0,50-59,3,Leveraged Investors,0.09834207625675466,-0.8516912716940477
CL101559,Corporate,Not Specified,Singapore,Southeast Asia,Investment,No,Agent Referral,4.0,46.0,1,0,1,40-49,2,Corporate Investors,3.1325874500997632,1.3036579615351287
CL101560,Corporate,Not Specified,Brazil,Latin America,Investment,No,Agent Referral,4.0,46.0,1,0,1,40-49,2,Corporate Investors,3.1325874500997632,1.3036579615351287
CL101561,Individual,Male,United Arab Emirates,Middle East,Personal use,Yes,Website,3.0,43.0,0,1,0,40-49,0,Mortgage Home Buyers,-2.28458790676502,0.4675073894926706
CL101562,Individual,Female,Australia,Oceania,Personal use,Yes,Website,4.0,37.0,0,1,0,30-39,0,Mortgage Home Buyers,-2.2957131509092936,0.2592482111135333
CL101563,Individual,Female,Australia,Oceania,Personal use,Yes,Property Portal,2.0,34.0,0,1,0,30-39,0,Mortgage Home Buyers,-2.4378180069610464,0.21276423742205675
CL101564,Corporate,Not Specified,India,South Asia,Investment,No,Friend/Family,4.0,48.0,1,0,1,40-49,2,Corporate Investors,3.154845761958875,1.3631730004067524
CL101565,Individual,Female,Germany,Europe - West,Investment,No,Property Portal,4.0,40.0,1,0,0,30-39,1,Cash Investors,1.4293265314940786,-1.605711548563277
CL101566,Individual,Male,United States,North America - East,Investment,No,Social Media,2.0,36.0,1,0,0,30-39,1,Cash Investors,1.2736069170960629,-1.685063334822881
CL101567,Corporate,Not Specified,United States,North America - West,Investment,No,Property Portal,3.0,34.0,1,0,1,30-39,2,Corporate Investors,2.9455095800496154,0.9518897548422812
CL101568,Individual,Female,Germany,Europe - West,Personal use,Yes,Property Portal,4.0,54.0,0,1,0,50-59,0,Mortgage Home Buyers,-2.1062658707012702,0.7896360230912634
CL101569,Individual,Male,France,Europe - West,Investment,No,Website,4.0,39.0,1,0,0,30-39,1,Cash Investors,1.4167805635602166,-1.6394042893272665
CL101570,Individual,Male,Germany,Europe - West,Personal use,Yes,Website,4.0,32.0,0,1,0,30-39,0,Mortgage Home Buyers,-2.350994810994969,0.10403100135923943
CL101571,Individual,Other,United Arab Emirates,Middle East,Personal use,Yes,Agent Referral,5.0,29.0,0,1,0,<30,0,Mortgage Home Buyers,-2.3282722852851205,-0.007203122397664031
CL101572,Individual,Male,United Arab Emirates,Middle East,Personal use,Yes,Agent Referral,3.0,49.0,0,1,0,40-49,0,Mortgage Home Buyers,-2.2175711408594934,0.6576627699674807
CL101573,Individual,Male,Singapore,Southeast Asia,Investment,No,Social Media,4.0,26.0,1,0,0,<30,1,Cash Investors,1.2734690928417867,-2.0394948076794375
CL101574,Corporate,Not Specified,United States,North America - East,Investment,Yes,Agent Referral,4.0,41.0,1,1,1,40-49,2,Corporate Investors,1.6143105648603113,1.5312661403133256
CL101575,Individual,Female,Canada,North America - East,Personal use,Yes,Property Portal,4.0,34.0,0,1,0,30-39,0,Mortgage Home Buyers,-2.327392511043972,0.16876718407408764
CL101576,Corporate,Not Specified,India,South Asia,Investment,No,Website,4.0,35.0,1,0,1,30-39,2,Corporate Investors,3.0102890241085607,0.9582853713060245
CL101577,Individual,Female,Singapore,Southeast Asia,Investment,No,Property Portal,2.0,28.0,1,0,0,<30,1,Cash Investors,1.1862250513713832,-1.9342357986256133
CL101578,Individual,Male,Brazil,Latin America,Investment,No,Agent Referral,3.0,35.0,1,0,0,30-39,1,Cash Investors,1.3180212613358553,-1.7376848016870596
CL101579,Corporate,Not Specified,Singapore,Southeast Asia,Personal use,No,Website,5.0,34.0,0,0,1,30-39,4,Corporate Buyers,0.8270596147684988,2.4831573984912074
CL101580,Individual,Male,Australia,Oceania,Personal use,No,Property Portal,4.0,43.0,0,0,0,40-49,5,Cash Home Buyers,-0.7648902977359803,0.06533277309932582
CL101581,Individual,Female,United Kingdom,Europe - West,Investment,No,Agent Referral,5.0,32.0,1,0,0,30-39,1,Cash Investors,1.3952777612015244,-1.874812180887605
CL101582,Individual,Male,Germany,Europe - West,Personal use,Yes,Friend/Family,3.0,39.0,0,1,0,30-39,0,Mortgage Home Buyers,-2.3279888132060025,0.344656505428799
CL101583,Individual,Female,Canada,North America - East,Personal use,No,Property Portal,5.0,50.0,0,0,0,40-49,5,Cash Home Buyers,-0.6322832256574975,0.2606383400813528
CL101584,Corporate,Not Specified,United Arab Emirates,Middle East,Investment,No,Website,3.0,58.0,1,0,1,50-59,2,Corporate Investors,3.2093719125441305,1.6942830628497612
CL101585,Individual,Female,Australia,Oceania,Investment,Yes,Agent Referral,5.0,41.0,1,1,0,40-49,3,Leveraged Investors,0.03178952420196445,-1.212595814797385
CL101586,Individual,Male,United Kingdom,Europe - West,Personal use,Yes,Website,3.0,31.0,0,1,0,30-39,0,Mortgage Home Buyers,-2.4172638909706414,0.0949860860823652
CL101587,Individual,Male,United Arab Emirates,Middle East,Personal use,Yes,Website,4.0,29.0,0,1,0,<30,0,Mortgage Home Buyers,-2.384163807046374,0.01090067550666303
CL101588,Individual,Male,United Kingdom,Europe - West,Investment,No,Event,4.0,44.0,1,0,0,40-49,1,Cash Investors,1.47257528149422,-1.481807304246617
CL101589,Individual,Male,United States,North America - West,Personal use,Yes,Property Portal,3.0,36.0,0,1,0,30-39,0,Mortgage Home Buyers,-2.360492594968239,0.2528525946497898
CL101590,Individual,Female,United States,North America - East,Personal use,Yes,Agent Referral,5.0,27.0,0,1,0,<30,0,Mortgage Home Buyers,-2.3503849493193907,-0.06929000629938156
CL101591,Individual,Male,United States,North America - East,Personal use,No,Friend/Family,4.0,56.0,0,0,0,50-59,5,Cash Home Buyers,-0.6218231958023933,0.46757110338692276
CL101592,Individual,Female,Australia,Oceania,Investment,Yes,Property Portal,4.0,52.0,1,1,0,50-59,3,Leveraged Investors,0.09900729054592378,-0.8503648566204804
CL101593,Corporate,Not Specified,Germany,Europe - West,Investment,No,Agent Referral,2.0,37.0,1,0,1,30-39,2,Corporate Investors,2.922654966028473,1.0682640373253685
CL101594,Individual,Male,Singapore,Southeast Asia,Investment,No,Website,4.0,24.0,1,0,0,<30,1,Cash Investors,1.2509355833031903,-2.105055918590148
CL101595,Individual,Female,India,South Asia,Personal use,Yes,Property Portal,5.0,48.0,0,1,0,40-49,0,Mortgage Home Buyers,-2.1173911148455438,0.5813768447121264
CL101596,Individual,Male,United States,North America - East,Personal use,Yes,Friend/Family,4.0,38.0,0,1,0,30-39,0,Mortgage Home Buyers,-2.2838323972646006,0.29161453680395566
CL101597,Individual,Male,United States,North America - West,Personal use,Yes,Website,4.0,57.0,0,1,0,50-59,0,Mortgage Home Buyers,-2.0745865105665917,0.880117050130709
CL101598,Individual,Male,Singapore,Southeast Asia,Investment,Yes,Social Media,4.0,48.0,1,1,0,40-49,3,Leveraged Investors,0.05371317206498266,-0.9737136962280536
CL101599,Individual,Male,Canada,North America - East,Personal use,Yes,Website,5.0,44.0,0,1,0,40-49,0,Mortgage Home Buyers,-2.1631060788308107,0.45455377809556036
CL101600,Individual,Female,Australia,Oceania,Personal use,Yes,Social Media,4.0,30.0,0,1,0,<30,0,Mortgage Home Buyers,-2.372686629524913,0.04541834446651471
CL101601,Corporate,Not Specified,United States,North America - East,Investment,No,Friend/Family,3.0,32.0,1,0,1,30-39,2,Corporate Investors,2.922731701726176,0.8884764558669963
CL101602,Individual,Male,India,South Asia,Investment,No,Agent Referral,5.0,27.0,1,0,0,<30,1,Cash Investors,1.339996101115849,-2.030029390641899
CL101603,Individual,Female,Singapore,Southeast Asia,Personal use,No,Property Portal,5.0,55.0,0,0,0,50-59,5,Cash Home Buyers,-0.577001565571822,0.41585554983564665
CL101604,Corporate,Not Specified,Canada,North America - East,Investment,No,Social Media,4.0,44.0,1,0,1,40-49,2,Corporate Investors,3.110216857767103,1.2411505758727464
CL101605,Individual,Female,Canada,North America - East,Investment,Yes,Friend/Family,3.0,31.0,1,1,0,30-39,3,Leveraged Investors,-0.18905364406161948,-1.4816050259880975
CL101606,Corporate,Not Specified,Brazil,Latin America,Investment,Yes,Friend/Family,4.0,55.0,1,1,1,50-59,2,Corporate Investors,1.7692448609250442,1.9633024825952547
CL101607,Individual,Female,Canada,North America - East,Investment,No,Social Media,5.0,66.0,1,0,0,60+,1,Cash Investors,1.7709351214857274,-0.8197556563190711
CL101608,Corporate,Not Specified,Germany,Europe - West,Investment,No,Agent Referral,5.0,62.0,1,0,1,60+,2,Corporate Investors,3.364701510332462,1.7783545060748844
CL101609,Individual,Male,Germany,Europe - West,Personal use,Yes,Agent Referral,3.0,47.0,0,1,0,40-49,0,Mortgage Home Buyers,-2.2396838048937635,0.5955758860657633
CL101610,Individual,Female,Canada,North America - East,Investment,Yes,Friend/Family,3.0,36.0,1,1,0,30-39,3,Leveraged Investors,-0.133771983975944,-1.3263878162338036
CL101611,Individual,Female,India,South Asia,Personal use,Yes,Friend/Family,3.0,42.0,0,1,0,40-49,0,Mortgage Home Buyers,-2.2948198171545973,0.4377868312813753
CL101612,Individual,Female,India,South Asia,Personal use,Yes,Agent Referral,3.0,25.0,0,1,0,<30,0,Mortgage Home Buyers,-2.4829231092707356,-0.08737983685313003
CL101613,Individual,Female,United Kingdom,Europe - West,Personal use,Yes,Event,2.0,41.0,0,1,0,40-49,0,Mortgage Home Buyers,-2.3614002609095,0.42979880759129274
CL101614,Corporate,Not Specified,Singapore,Southeast Asia,Investment,No,Property Portal,5.0,57.0,1,0,1,50-59,2,Corporate Investors,3.310230712360797,1.6218918663640638
CL101615,Individual,Female,United States,North America - West,Personal use,No,Website,3.0,60.0,0,0,0,50-59,5,Cash Home Buyers,-0.633635037319948,0.6124205141247789
CL101616,Individual,Female,United States,North America - West,Personal use,Yes,Website,3.0,23.0,0,1,0,<30,0,Mortgage Home Buyers,-2.505714547107722,-0.153361449524505
CL101617,Corporate,Not Specified,United Arab Emirates,Middle East,Investment,No,Social Media,2.0,33.0,1,0,1,30-39,2,Corporate Investors,2.8781717096615425,0.9436697677612689
CL101618,Individual,Male,Brazil,Latin America,Personal use,Yes,Website,4.0,56.0,0,1,0,50-59,0,Mortgage Home Buyers,-2.085642842583727,0.8490736081798502
CL101619,Individual,Male,United States,North America - East,Personal use,Yes,Event,4.0,39.0,0,1,0,30-39,0,Mortgage Home Buyers,-2.273087429026696,0.3237148703416062
CL101620,Individual,Female,United States,North America - West,Investment,Yes,Friend/Family,3.0,39.0,1,1,0,30-39,3,Leveraged Investors,-0.10060298792453866,-1.2332574903812272
CL101621,Individual,Male,France,Europe - West,Investment,Yes,Website,3.0,31.0,1,1,0,30-39,3,Leveraged Investors,-0.18987806568917723,-1.482927909727661
CL101622,Individual,Male,Singapore,Southeast Asia,Personal use,Yes,Agent Referral,4.0,31.0,0,1,0,30-39,0,Mortgage Home Buyers,-2.3613723692093878,0.07688228817803802
CL101623,Individual,Female,United States,North America - East,Personal use,No,Agent Referral,4.0,23.0,0,0,0,<30,5,Cash Home Buyers,-0.9868278001926926,-0.5542906359613231
CL101624,Individual,Female,United Kingdom,Europe - West,Personal use,Yes,Social Media,2.0,34.0,0,1,0,30-39,0,Mortgage Home Buyers,-2.438886797373447,0.21358916561791885
CL101625,Individual,Male,India,South Asia,Investment,No,Agent Referral,3.0,30.0,1,0,0,<30,1,Cash Investors,1.2627396012501797,-1.8929020114413535
CL101626,Individual,Female,United Kingdom,Europe - West,Investment,Yes,Property Portal,3.0,42.0,1,1,0,40-49,3,Leveraged Investors,-0.06676877758396432,-1.138800749455084
CL101627,Individual,Male,United States,North America - East,Personal use,Yes,Friend/Family,4.0,33.0,0,1,0,30-39,0,Mortgage Home Buyers,-2.339114057350276,0.1363973270496618
CL101628,Individual,Female,United States,North America - West,Personal use,Yes,Property Portal,4.0,36.0,0,1,0,30-39,0,Mortgage Home Buyers,-2.305279847009702,0.23085406797580532
CL101629,Individual,Male,Germany,Europe - West,Investment,No,Website,5.0,36.0,1,0,0,30-39,1,Cash Investors,1.4388243154673488,-1.7545331418538272
CL101630,Individual,Male,Germany,Europe - West,Personal use,Yes,Agent Referral,3.0,41.0,0,1,0,40-49,0,Mortgage Home Buyers,-2.306021796996574,0.4093152343606104
CL101631,Individual,Female,Singapore,Southeast Asia,Investment,Yes,Property Portal,4.0,35.0,1,1,0,30-39,3,Leveraged Investors,-0.08895035374537269,-1.37810336978508
CL101632,Individual,Male,United Arab Emirates,Middle East,Investment,No,Agent Referral,4.0,30.0,1,0,0,<30,1,Cash Investors,1.317952349208717,-1.9149005381153381
CL101633,Individual,Female,India,South Asia,Investment,Yes,Agent Referral,5.0,42.0,1,1,0,40-49,3,Leveraged Investors,0.042845856219099525,-1.1815523728465263
CL101634,Corporate,Not Specified,Brazil,Latin America,Investment,No,Event,5.0,40.0,1,0,1,30-39,2,Corporate Investors,3.121296490001101,1.0938838297126892
CL101635,Individual,Female,Germany,Europe - West,Personal use,No,Property Portal,5.0,43.0,0,0,0,40-49,5,Cash Home Buyers,-0.7096775497774431,0.04333424642534123
CL101636,Individual,Female,Germany,Europe - West,Investment,Yes,Property Portal,4.0,34.0,1,1,0,30-39,3,Leveraged Investors,-0.10000668576250776,-1.4091468117359387
CL101637,Individual,Female,Australia,Oceania,Personal use,No,Agent Referral,5.0,39.0,0,0,0,30-39,5,Cash Home Buyers,-0.754713739959994,-0.07959409142156718
CL101638,Individual,Female,Canada,North America - East,Investment,Yes,Social Media,3.0,22.0,1,1,0,<30,3,Leveraged Investors,-0.28896420833906694,-1.7588446602763974
CL101639,Corporate,Not Specified,India,South Asia,Investment,No,Social Media,3.0,42.0,1,0,1,40-49,2,Corporate Investors,3.0328914457742955,1.2010622186450133
CL101640,Corporate,Not Specified,India,South Asia,Personal use,No,Social Media,3.0,63.0,0,0,1,60+,4,Corporate Buyers,1.0376885928526678,3.4308884954230745
CL101641,Corporate,Not Specified,United States,North America - East,Investment,No,Website,4.0,56.0,1,0,1,50-59,2,Corporate Investors,3.2424719964683977,1.610197652274059
CL101642,Individual,Female,Germany,Europe - West,Personal use,No,Property Portal,5.0,33.0,0,0,0,30-39,5,Cash Home Buyers,-0.8202408699487939,-0.26710017308324663
CL101643,Individual,Female,United States,North America - East,Personal use,No,Agent Referral,4.0,36.0,0,0,0,30-39,5,Cash Home Buyers,-0.8430954839699366,-0.15072589060015895
CL101644,Individual,Other,United States,North America - East,Investment,Yes,Social Media,3.0,52.0,1,1,0,50-59,3,Leveraged Investors,0.04272575217498559,-0.8275414017506338
CL101645,Individual,Female,Germany,Europe - West,Personal use,Yes,Property Portal,2.0,54.0,0,1,0,50-59,0,Mortgage Home Buyers,-2.216691366618345,0.8336330764392326
CL101646,Individual,Male,United Kingdom,Europe - West,Personal use,Yes,Property Portal,4.0,30.0,0,1,0,<30,0,Mortgage Home Buyers,-2.3716178391125124,0.04459341627065261
CL101647,Individual,Female,India,South Asia,Personal use,Yes,Website,5.0,36.0,0,1,0,30-39,0,Mortgage Home Buyers,-2.2515567349678913,0.20620624248869
CL101648,Individual,Female,Australia,Oceania,Investment,No,Social Media,5.0,35.0,1,0,0,30-39,1,Cash Investors,1.4281888289545395,-1.7821023567956933
CL101649,Corporate,Not Specified,Singapore,Southeast Asia,Investment,No,Social Media,5.0,49.0,1,0,1,40-49,2,Corporate Investors,3.2207112658113153,1.3743692589530558
CL101650,Individual,Female,Canada,North America - East,Investment,No,Agent Referral,5.0,43.0,1,0,0,40-49,1,Cash Investors,1.5168974133900104,-1.5333343194281583
CL101651,Individual,Female,Canada,North America - East,Investment,No,Website,4.0,43.0,1,0,0,40-49,1,Cash Investors,1.461005891628757,-1.5152305215238313
CL101652,Corporate,Not Specified,Canada,North America - East,Investment,Yes,Social Media,5.0,58.0,1,1,1,50-59,2,Corporate Investors,1.857223028811755,2.0365856250432763
CL101653,Individual,Male,United States,North America - West,Personal use,Yes,Property Portal,3.0,35.0,0,1,0,30-39,0,Mortgage Home Buyers,-2.371548926985374,0.22180915269893098
CL101654,Individual,Female,Australia,Oceania,Investment,No,Event,4.0,57.0,1,0,0,50-59,1,Cash Investors,1.6163075977169759,-1.0782425588854532
CL101655,Individual,Male,Germany,Europe - West,Investment,Yes,Agent Referral,5.0,41.0,1,1,0,40-49,3,Leveraged Investors,0.03178952420196445,-1.212595814797385
CL101656,Individual,Male,Canada,North America - East,Investment,Yes,Agent Referral,3.0,32.0,1,1,0,30-39,3,Leveraged Investors,-0.17814295986932596,-1.447989739007145
CL101657,Individual,Male,Singapore,Southeast Asia,Investment,Yes,Website,4.0,39.0,1,1,0,30-39,3,Leveraged Investors,-0.046214661593559275,-1.2565789007947754
CL101658,Individual,Male,United Kingdom,Europe - West,Personal use,No,Event,4.0,55.0,0,0,0,50-59,5,Cash Home Buyers,-0.6331908915987584,0.4375845530228557
CL101659,Individual,Male,United States,North America - East,Investment,Yes,Property Portal,4.0,36.0,1,1,0,30-39,3,Leveraged Investors,-0.07789402172823762,-1.3470599278342212
CL101660,Individual,Female,United States,North America - East,Personal use,Yes,Event,5.0,51.0,0,1,0,50-59,0,Mortgage Home Buyers,-2.0851986968625376,0.6742376470779271
CL101661,Individual,Female,United Arab Emirates,Middle East,Personal use,Yes,Social Media,5.0,34.0,0,1,0,30-39,0,Mortgage Home Buyers,-2.2732485534978353,0.14759358559596525
CL101662,Individual,Female,India,South Asia,Investment,Yes,Agent Referral,4.0,32.0,1,1,0,30-39,3,Leveraged Investors,-0.12293021191078857,-1.4699882656811294
CL101663,Individual,Male,United States,North America - West,Personal use,Yes,Social Media,5.0,49.0,0,1,0,40-49,0,Mortgage Home Buyers,-2.1074035732408087,0.6132452148588471
CL101664,Individual,Male,Australia,Oceania,Personal use,Yes,Agent Referral,3.0,32.0,0,1,0,30-39,0,Mortgage Home Buyers,-2.40552878515079,0.1299242568028814
CL101665,Individual,Female,Singapore,Southeast Asia,Investment,No,Agent Referral,4.0,51.0,1,0,0,50-59,1,Cash Investors,1.5501353215685538,-1.2629882571473037
CL101666,Individual,Female,Singapore,Southeast Asia,Personal use,Yes,Website,5.0,45.0,0,1,0,40-49,0,Mortgage Home Buyers,-2.1520497468136757,0.4855972200464191
CL101667,Individual,Female,Canada,North America - East,Personal use,No,Website,5.0,31.0,0,0,0,30-39,5,Cash Home Buyers,-0.843843169899791,-0.3318363557980949
CL101668,Individual,Female,United States,North America - East,Investment,No,Agent Referral,3.0,40.0,1,0,0,30-39,1,Cash Investors,1.3733029214215307,-1.5824675919327658
CL101669,Individual,Female,Singapore,Southeast Asia,Personal use,No,Property Portal,4.0,34.0,0,0,0,30-39,5,Cash Home Buyers,-0.8643972858901962,-0.21405820445840334
CL101670,Individual,Female,United Kingdom,Europe - West,Investment,Yes,Friend/Family,4.0,45.0,1,1,0,40-49,3,Leveraged Investors,0.02094775213680914,-1.0689953653500592
CL101671,Individual,Female,United Arab Emirates,Middle East,Personal use,Yes,Friend/Family,4.0,61.0,0,1,0,60+,0,Mortgage Home Buyers,-2.0295367608704935,1.0056137016737077
CL101672,Individual,Female,India,South Asia,Personal use,Yes,Agent Referral,5.0,37.0,0,1,0,30-39,0,Mortgage Home Buyers,-2.23982162914804,0.24114441320920627
CL101673,Individual,Female,United States,North America - West,Investment,No,Friend/Family,5.0,47.0,1,0,0,40-49,1,Cash Investors,1.5612683892833923,-1.411732396654817
CL101674,Individual,Male,India,South Asia,Personal use,No,Agent Referral,4.0,41.0,0,0,0,40-49,5,Cash Home Buyers,-0.787813823884261,0.004491319154134966
CL101675,Individual,Male,Australia,Oceania,Personal use,Yes,Website,4.0,42.0,0,1,0,40-49,0,Mortgage Home Buyers,-2.240431490823618,0.4144654208678272
CL101676,Individual,Male,India,South Asia,Investment,Yes,Agent Referral,4.0,39.0,1,1,0,30-39,3,Leveraged Investors,-0.04553588779084306,-1.252684172025118
CL101677,Individual,Female,Germany,Europe - West,Personal use,Yes,Website,4.0,32.0,0,1,0,30-39,0,Mortgage Home Buyers,-2.350994810994969,0.10403100135923943
CL101678,Individual,Female,Singapore,Southeast Asia,Personal use,Yes,Property Portal,2.0,44.0,0,1,0,40-49,0,Mortgage Home Buyers,-2.3272546867896957,0.5231986569306448
CL101679,Individual,Male,France,Europe - West,Investment,No,Property Portal,5.0,37.0,1,0,0,30-39,1,Cash Investors,1.4513702834012108,-1.720840401089838
CL101680,Individual,Female,India,South Asia,Personal use,Yes,Agent Referral,4.0,32.0,0,1,0,30-39,0,Mortgage Home Buyers,-2.3503160371922527,0.10792573012889686
CL101681,Corporate,Not Specified,Singapore,Southeast Asia,Investment,Yes,Social Media,4.0,54.0,1,1,1,50-59,2,Corporate Investors,1.7577849527846774,1.9344103839138251
CL101682,Corporate,Not Specified,India,South Asia,Personal use,Yes,Agent Referral,3.0,52.0,0,1,1,50-59,4,Corporate Buyers,-0.5466683561912039,3.472656524256783
CL101683,Corporate,Not Specified,United Kingdom,Europe - West,Investment,Yes,Website,5.0,61.0,1,1,1,60+,2,Corporate Investors,1.8899711793588343,2.1262417238868596
CL101684,Individual,Male,United States,North America - East,Personal use,No,Friend/Family,4.0,55.0,0,0,0,50-59,5,Cash Home Buyers,-0.6328795278195284,0.43652766143606403
CL101685,Individual,Male,Canada,North America - East,Personal use,Yes,Friend/Family,3.0,22.0,0,1,0,<30,0,Mortgage Home Buyers,-2.515946457497299,-0.18308200773580025
CL101686,Individual,Male,France,Europe - West,Personal use,No,Property Portal,3.0,56.0,0,0,0,50-59,5,Cash Home Buyers,-0.6763707294717615,0.4908960451344745
CL101687,Individual,Male,France,Europe - West,Investment,No,Website,4.0,31.0,1,0,0,30-39,1,Cash Investors,1.328329907423136,-1.8877518249341367
CL101688,Individual,Female,United Arab Emirates,Middle East,Investment,No,Social Media,4.0,44.0,1,0,0,40-49,1,Cash Investors,1.4724830691502182,-1.4807128525639797
CL101689,Individual,Female,United Kingdom,Europe - West,Personal use,Yes,Website,3.0,35.0,0,1,0,30-39,0,Mortgage Home Buyers,-2.3730385629021007,0.21915985388580025
CL101690,Individual,Female,India,South Asia,Investment,No,Website,4.0,30.0,1,0,0,<30,1,Cash Investors,1.317273575406001,-1.9187952668849955
CL101691,Individual,Female,Australia,Oceania,Personal use,Yes,Website,4.0,56.0,0,1,0,50-59,0,Mortgage Home Buyers,-2.085642842583727,0.8490736081798502
CL101692,Corporate,Not Specified,Canada,North America - East,Investment,Yes,Website,4.0,56.0,1,1,1,50-59,2,Corporate Investors,1.7794767713146216,1.9930230408065501
CL101693,Individual,Female,India,South Asia,Investment,No,Agent Referral,4.0,38.0,1,0,0,30-39,1,Cash Investors,1.4064030053457977,-1.6665530025084678
CL101694,Individual,Male,India,South Asia,Personal use,Yes,Agent Referral,5.0,45.0,0,1,0,40-49,0,Mortgage Home Buyers,-2.1513709730109594,0.48949194881607655
CL101695,Individual,Male,France,Europe - West,Investment,Yes,Friend/Family,4.0,41.0,1,1,0,40-49,3,Leveraged Investors,-0.023277575931731374,-1.1931691331534944
CL101696,Individual,Female,United States,North America - West,Personal use,Yes,Agent Referral,4.0,61.0,0,1,0,60+,0,Mortgage Home Buyers,-2.029682408695335,1.0081855467038014
CL101697,Corporate,Not Specified,India,South Asia,Investment,No,Website,3.0,43.0,1,0,1,40-49,2,Corporate Investors,3.0435269322871044,1.2286314335868795
CL101698,Individual,Male,Brazil,Latin America,Personal use,Yes,Event,3.0,46.0,0,1,0,40-49,0,Mortgage Home Buyers,-2.250905852865287,0.5630174906716022
CL101699,Corporate,Not Specified,India,South Asia,Investment,No,Property Portal,4.0,38.0,1,0,1,30-39,2,Corporate Investors,3.0449476560766926,1.0540649959717314
CL101700,Individual,Female,Australia,Oceania,Investment,Yes,Website,4.0,23.0,1,1,0,<30,3,Leveraged Investors,-0.22311597386772056,-1.7532739720085158
CL101701,Individual,Male,Brazil,Latin America,Personal use,Yes,Agent Referral,5.0,37.0,0,1,0,30-39,0,Mortgage Home Buyers,-2.23982162914804,0.24114441320920627
CL101702,Individual,Male,United Kingdom,Europe - West,Personal use,Yes,Website,4.0,62.0,0,1,0,60+,0,Mortgage Home Buyers,-2.0193048504809163,1.0353342598850028
CL101703,Individual,Female,United Arab Emirates,Middle East,Investment,No,Event,4.0,33.0,1,0,0,30-39,1,Cash Investors,1.3509556293057339,-1.8232851657060638
CL101704,Individual,Male,Germany,Europe - West,Investment,Yes,Agent Referral,3.0,50.0,1,1,0,40-49,3,Leveraged Investors,0.0208710164391056,-0.8892077838916868
CL101705,Individual,Female,Brazil,Latin America,Personal use,No,Website,4.0,54.0,0,0,0,50-59,5,Cash Home Buyers,-0.6447602814642213,0.40416133574564156
CL101706,Corporate,Not Specified,United States,North America - West,Personal use,No,Friend/Family,4.0,53.0,0,0,1,50-59,4,Corporate Buyers,0.9827415967630857,3.0963042059710726
CL101707,Individual,Female,Germany,Europe - West,Investment,No,Friend/Family,5.0,42.0,1,0,0,40-49,1,Cash Investors,1.505986729197717,-1.566949606409111
CL101708,Corporate,Not Specified,Singapore,Southeast Asia,Personal use,No,Agent Referral,4.0,37.0,0,0,1,30-39,4,Corporate Buyers,0.8056946366640828,2.602180979787426
CL101709,Individual,Female,United Kingdom,Europe - West,Investment,Yes,Agent Referral,4.0,34.0,1,1,0,30-39,3,Leveraged Investors,-0.10081754787651842,-1.407901381779412
CL101710,Corporate,Not Specified,India,South Asia,Investment,No,Agent Referral,5.0,58.0,1,0,1,50-59,2,Corporate Investors,3.3204761822639215,1.6541807382714493
CL101711,Individual,Male,United Kingdom,Europe - West,Investment,Yes,Agent Referral,5.0,41.0,1,1,0,40-49,3,Leveraged Investors,0.03178952420196445,-1.212595814797385
CL101712,Individual,Female,Brazil,Latin America,Investment,Yes,Agent Referral,3.0,45.0,1,1,0,40-49,3,Leveraged Investors,-0.03441064364656977,-1.0444249936459808
CL101713,Individual,Female,Australia,Oceania,Personal use,Yes,Property Portal,5.0,42.0,0,1,0,40-49,0,Mortgage Home Buyers,-2.183729106948354,0.3951161930069734
CL101714,Individual,Female,United Kingdom,Europe - West,Investment,No,Friend/Family,3.0,66.0,1,0,0,60+,1,Cash Investors,1.6609132016918844,-0.7779099462405312
CL101715,Corporate,Not Specified,India,South Asia,Personal use,No,Friend/Family,4.0,34.0,0,0,1,30-39,4,Corporate Buyers,0.7726712884375191,2.506478808904756
CL101716,Individual,Female,United Kingdom,Europe - West,Investment,Yes,Friend/Family,3.0,59.0,1,1,0,50-59,3,Leveraged Investors,0.12052365241816303,-0.6123886513640516
CL101717,Individual,Female,United Arab Emirates,Middle East,Investment,No,Social Media,4.0,42.0,1,0,0,40-49,1,Cash Investors,1.4503704051159478,-1.5427997364656973
CL101718,Individual,Male,United Arab Emirates,Middle East,Personal use,Yes,Agent Referral,4.0,59.0,0,1,0,50-59,0,Mortgage Home Buyers,-2.0517950727296053,0.9460986628020841
CL101719,Individual,Female,Singapore,Southeast Asia,Personal use,Yes,Friend/Family,4.0,28.0,0,1,0,<30,0,Mortgage Home Buyers,-2.3943957174359514,-0.018819882704632206
CL101720,Individual,Female,United States,North America - East,Investment,Yes,Website,4.0,43.0,1,1,0,40-49,3,Leveraged Investors,-0.0019893335250189778,-1.1324051329913403
CL101721,Individual,Female,Canada,North America - East,Personal use,Yes,Website,3.0,36.0,0,1,0,30-39,0,Mortgage Home Buyers,-2.3619822308849656,0.25020329583665907
CL101722,Individual,Male,India,South Asia,Investment,No,Website,4.0,42.0,1,0,0,40-49,1,Cash Investors,1.4499495596116219,-1.54627396347469
CL101723,Individual,Female,United Arab Emirates,Middle East,Personal use,Yes,Friend/Family,4.0,55.0,0,1,0,50-59,0,Mortgage Home Buyers,-2.095874752973304,0.8193530499685551
CL101724,Individual,Female,France,Europe - West,Investment,Yes,Social Media,2.0,46.0,1,1,0,40-49,3,Leveraged Investors,-0.07882498788636198,-0.9918035267818021
CL101725,Corporate,Not Specified,United States,North America - East,Investment,No,Social Media,4.0,57.0,1,0,1,50-59,2,Corporate Investors,3.253949173989859,1.6447153212339105
CL101726,Individual,Male,United Kingdom,Europe - West,Investment,No,Social Media,4.0,34.0,1,0,0,30-39,1,Cash Investors,1.3619197489788673,-1.7911472720725676
CL101727,Individual,Male,Singapore,Southeast Asia,Personal use,Yes,Unknown,3.0,32.0,0,1,0,30-39,0,Mortgage Home Buyers,-2.40574194385475,0.12913262317820054
CL101728,Individual,Male,United States,North America - West,Personal use,No,Website,4.0,42.0,0,0,0,40-49,5,Cash Home Buyers,-0.7774362656698421,0.031640032335336264
CL101729,Individual,Male,United Kingdom,Europe - West,Personal use,Yes,Agent Referral,4.0,41.0,0,1,0,40-49,0,Mortgage Home Buyers,-2.2508090490380366,0.3873167076866259
CL101730,Individual,Other,Australia,Oceania,Investment,No,Friend/Family,4.0,39.0,1,0,0,30-39,1,Cash Investors,1.4176049851877743,-1.6380814055877029
CL101731,Individual,Male,United States,North America - West,Investment,Yes,Friend/Family,5.0,31.0,1,1,0,30-39,3,Leveraged Investors,-0.07862814814454495,-1.5256020793360665
CL101732,Individual,Female,India,South Asia,Investment,No,Agent Referral,5.0,55.0,1,0,0,50-59,1,Cash Investors,1.6495733975956315,-1.1608130160178531
CL101733,Individual,Male,Canada,North America - East,Personal use,Yes,Agent Referral,2.0,38.0,0,1,0,30-39,0,Mortgage Home Buyers,-2.3944035410065165,0.3381834351820186
CL101734,Individual,Male,Singapore,Southeast Asia,Investment,No,Event,4.0,56.0,1,0,0,50-59,1,Cash Investors,1.6052512656998408,-1.109286000836312
CL101735,Corporate,Not Specified,India,South Asia,Investment,No,Agent Referral,4.0,48.0,1,0,1,40-49,2,Corporate Investors,3.1547001141340334,1.3657448454368462
CL101736,Individual,Male,Australia,Oceania,Investment,No,Property Portal,4.0,48.0,1,0,0,40-49,1,Cash Investors,1.5177771876311594,-1.3573640129564069
CL101737,Individual,Male,United States,North America - East,Personal use,No,Property Portal,5.0,47.0,0,0,0,40-49,5,Cash Home Buyers,-0.6654522217089028,0.16750801422877637
CL101738,Individual,Male,France,Europe - West,Personal use,No,Property Portal,5.0,31.0,0,0,0,30-39,5,Cash Home Buyers,-0.8423535339830642,-0.32918705698496414
CL101739,Individual,Other,India,South Asia,Personal use,Yes,Website,3.0,46.0,0,1,0,40-49,0,Mortgage Home Buyers,-2.251418910713615,0.5606377153452469
CL101740,Individual,Other,Canada,North America - East,Personal use,No,Social Media,4.0,62.0,0,0,0,60+,5,Cash Home Buyers,-0.5558887798228145,0.6559830983615046
CL101741,Individual,Male,Canada,North America - East,Personal use,Yes,Unknown,5.0,44.0,0,1,0,40-49,0,Mortgage Home Buyers,-2.162640463732054,0.45765687324053694
CL101742,Individual,Female,United States,North America - West,Personal use,No,Agent Referral,3.0,50.0,0,0,0,40-49,5,Cash Home Buyers,-0.7435195836885825,0.3058808233858485
CL101743,Individual,Male,Brazil,Latin America,Personal use,Yes,Agent Referral,4.0,48.0,0,1,0,40-49,0,Mortgage Home Buyers,-2.173414724918091,0.6046208013426374
CL101744,Individual,Female,India,South Asia,Personal use,Yes,Agent Referral,4.0,44.0,0,1,0,40-49,0,Mortgage Home Buyers,-2.2176400529866314,0.4804470335392022
CL101745,Corporate,Not Specified,United Arab Emirates,Middle East,Investment,No,Agent Referral,5.0,46.0,1,0,1,40-49,2,Corporate Investors,3.1878001980583,1.281659434861144
CL101746,Individual,Female,India,South Asia,Investment,No,Friend/Family,5.0,47.0,1,0,0,40-49,1,Cash Investors,1.5612683892833923,-1.411732396654817
CL101747,Corporate,Not Specified,France,Europe - West,Investment,No,Agent Referral,4.0,31.0,1,0,1,30-39,2,Corporate Investors,2.9667424698427367,0.8380063322722469
CL101748,Individual,Male,Germany,Europe - West,Personal use,No,Agent Referral,4.0,26.0,0,0,0,<30,5,Cash Home Buyers,-0.9536588041412873,-0.4611603101087468
CL101749,Corporate,Not Specified,Germany,Europe - West,Investment,Yes,Agent Referral,3.0,51.0,1,1,1,50-59,2,Corporate Investors,1.669661137073125,1.863699086495898
CL101750,Individual,Male,United Arab Emirates,Middle East,Investment,Yes,Friend/Family,5.0,39.0,1,1,0,30-39,3,Leveraged Investors,0.009822507992535846,-1.2772545437291964
CL101751,Individual,Male,United States,North America - East,Personal use,Yes,Website,3.0,37.0,0,1,0,30-39,0,Mortgage Home Buyers,-2.3509258988678305,0.2812467377875178
CL101752,Individual,Male,Australia,Oceania,Investment,No,Friend/Family,4.0,56.0,1,0,0,50-59,1,Cash Investors,1.6055626294790708,-1.1103428924231036
CL101753,Individual,Male,Singapore,Southeast Asia,Personal use,Yes,Agent Referral,5.0,33.0,0,1,0,30-39,0,Mortgage Home Buyers,-2.2840469572165802,0.1169706454057711
CL101754,Individual,Other,United Kingdom,Europe - West,Personal use,No,Social Media,4.0,25.0,0,0,0,<30,5,Cash Home Buyers,-0.9649730644568126,-0.49262425382027014
CL101755,Corporate,Not Specified,United Arab Emirates,Middle East,Investment,No,Friend/Family,5.0,54.0,1,0,1,50-59,2,Corporate Investors,3.276396502020223,1.5274351254379204
CL101756,Individual,Female,United States,North America - West,Investment,No,Social Media,4.0,26.0,1,0,0,<30,1,Cash Investors,1.2734690928417867,-2.0394948076794375
CL101757,Individual,Male,Brazil,Latin America,Personal use,Yes,Friend/Family,4.0,23.0,0,1,0,<30,0,Mortgage Home Buyers,-2.4496773775216267,-0.1740370924589259
CL101758,Individual,Female,Australia,Oceania,Investment,No,Unknown,4.0,51.0,1,0,0,50-59,1,Cash Investors,1.5499221628645943,-1.2637798907719846
CL101759,Corporate,Not Specified,Australia,Oceania,Investment,No,Website,3.0,32.0,1,0,1,30-39,2,Corporate Investors,2.921907280098618,0.8871535721274327
CL101760,Corporate,Not Specified,United Kingdom,Europe - West,Investment,No,Agent Referral,4.0,31.0,1,0,1,30-39,2,Corporate Investors,2.9667424698427367,0.8380063322722469
CL101761,Individual,Male,United States,North America - West,Personal use,Yes,Property Portal,4.0,36.0,0,1,0,30-39,0,Mortgage Home Buyers,-2.305279847009702,0.23085406797580532
CL101762,Individual,Male,United States,North America - West,Investment,No,Property Portal,3.0,25.0,1,0,0,<30,1,Cash Investors,1.2082688032785152,-2.0493646511521737
CL101763,Individual,Female,United States,North America - West,Personal use,Yes,Social Media,3.0,28.0,0,1,0,<30,0,Mortgage Home Buyers,-2.4500120415177205,0.00532998723878163
CL101764,Individual,Female,United States,North America - East,Investment,No,Agent Referral,3.0,39.0,1,0,0,30-39,1,Cash Investors,1.3622465894043956,-1.6135110338836245
CL101765,Corporate,Not Specified,United States,North America - West,Personal use,No,Agent Referral,4.0,56.0,0,0,1,50-59,4,Corporate Buyers,1.0157649449896495,3.1920063768537426
CL101766,Individual,Male,Brazil,Latin America,Investment,No,Property Portal,5.0,44.0,1,0,0,40-49,1,Cash Investors,1.5287646075211563,-1.5035363074338264
CL101767,Individual,Male,United States,North America - West,Personal use,Yes,Friend/Family,4.0,35.0,0,1,0,30-39,0,Mortgage Home Buyers,-2.317001393316006,0.19848421095137936
CL101768,Individual,Female,United States,North America - West,Personal use,No,Agent Referral,2.0,43.0,0,0,0,40-49,5,Cash Home Buyers,-0.8761266557670654,0.11057525640382151
CL101769,Individual,Female,Singapore,Southeast Asia,Investment,Yes,Website,4.0,43.0,1,1,0,40-49,3,Leveraged Investors,-0.0019893335250189778,-1.1324051329913403
CL101770,Corporate,Not Specified,United Arab Emirates,Middle East,Personal use,No,Property Portal,4.0,57.0,0,0,1,50-59,4,Corporate Buyers,1.0276321391207954,3.221804388848075
CL101771,Individual,Male,India,South Asia,Investment,No,Social Media,4.0,46.0,1,0,0,40-49,1,Cash Investors,1.4945957331844884,-1.4186259686622622
CL101772,Individual,Male,United Arab Emirates,Middle East,Investment,No,Event,4.0,37.0,1,0,0,30-39,1,Cash Investors,1.3951809573742742,-1.6991113979026287
CL101773,Individual,Female,Australia,Oceania,Personal use,Yes,Agent Referral,3.0,43.0,0,1,0,40-49,0,Mortgage Home Buyers,-2.283909132962304,0.4714021182623281
CL101774,Corporate,Not Specified,United Arab Emirates,Middle East,Investment,No,Agent Referral,4.0,61.0,1,0,1,60+,2,Corporate Investors,3.2984324303567893,1.7693095907980103
CL101775,Individual,Male,France,Europe - West,Investment,No,Agent Referral,4.0,23.0,1,0,0,<30,1,Cash Investors,1.2405580250887716,-2.1322046317713497
CL101776,Corporate,Not Specified,India,South Asia,Investment,No,Social Media,4.0,51.0,1,0,1,50-59,2,Corporate Investors,3.1876111818870485,1.458454669528758
CL101777,Individual,Female,Germany,Europe - West,Investment,No,Agent Referral,3.0,43.0,1,0,0,40-49,1,Cash Investors,1.4064719174729359,-1.4893372660801893
CL101778,Individual,Male,United Kingdom,Europe - West,Personal use,Yes,Website,3.0,48.0,0,1,0,40-49,0,Mortgage Home Buyers,-2.2293062466793447,0.6227245992469645
CL101779,Individual,Male,Germany,Europe - West,Personal use,Yes,Agent Referral,4.0,26.0,0,1,0,<30,0,Mortgage Home Buyers,-2.416654029295063,-0.0783349215762558
CL101780,Individual,Female,United States,North America - West,Investment,Yes,Agent Referral,5.0,37.0,1,1,0,30-39,3,Leveraged Investors,-0.012435803866575841,-1.3367695826008201
CL101781,Individual,Male,India,South Asia,Investment,No,Property Portal,4.0,28.0,1,0,0,<30,1,Cash Investors,1.2966505472884577,-1.9782328519735826
CL101782,Individual,Female,Canada,North America - East,Personal use,No,Agent Referral,4.0,50.0,0,0,0,40-49,5,Cash Home Buyers,-0.6883068357300454,0.2838822967118639
CL101783,Individual,Female,United States,North America - West,Personal use,Yes,Social Media,3.0,26.0,0,1,0,<30,0,Mortgage Home Buyers,-2.4721247055519906,-0.056756896662935936
CL101784,Individual,Male,Canada,North America - East,Investment,Yes,Friend/Family,3.0,30.0,1,1,0,<30,3,Leveraged Investors,-0.20010997607875455,-1.5126484679389562
CL101785,Individual,Female,Singapore,Southeast Asia,Personal use,No,Website,5.0,46.0,0,0,0,40-49,5,Cash Home Buyers,-0.6779981896427647,0.13381527346478692
CL101786,Individual,Male,United Kingdom,Europe - West,Investment,No,Social Media,3.0,35.0,1,0,0,30-39,1,Cash Investors,1.3177633330374652,-1.7381053034477243
CL101787,Individual,Male,India,South Asia,Investment,No,Property Portal,5.0,31.0,1,0,0,30-39,1,Cash Investors,1.3850322912984,-1.9071010527949905
CL101788,Individual,Female,Singapore,Southeast Asia,Personal use,No,Social Media,4.0,50.0,0,0,0,40-49,5,Cash Home Buyers,-0.6885647640284356,0.2834617949511993
CL101789,Corporate,Not Specified,United States,North America - West,Personal use,No,Social Media,5.0,39.0,0,0,1,30-39,4,Corporate Buyers,0.8827621203585001,2.641848835254495
CL101790,Corporate,Not Specified,India,South Asia,Investment,No,Property Portal,5.0,62.0,1,0,1,60+,2,Corporate Investors,3.365512372446472,1.7771090761183577
CL101791,Individual,Female,United Kingdom,Europe - West,Personal use,Yes,Event,4.0,51.0,0,1,0,50-59,0,Mortgage Home Buyers,-2.1404114448210745,0.6962361737519117
CL101792,Individual,Female,United States,North America - West,Personal use,Yes,Unknown,2.0,39.0,0,1,0,30-39,0,Mortgage Home Buyers,-2.3835603676933412,0.36843524350819645
CL101793,Individual,Female,India,South Asia,Personal use,No,Agent Referral,5.0,38.0,0,0,0,30-39,5,Cash Home Buyers,-0.7657700719771291,-0.11063753337242602
CL101794,Individual,Female,Australia,Oceania,Personal use,Yes,Social Media,4.0,33.0,0,1,0,30-39,0,Mortgage Home Buyers,-2.3395176334735077,0.13854867031909102
CL101795,Corporate,Not Specified,United Kingdom,Europe - West,Investment,Yes,Social Media,3.0,59.0,1,1,1,50-59,2,Corporate Investors,1.7578538649118156,2.111626120342104
CL101796,Individual,Male,United Arab Emirates,Middle East,Personal use,No,Agent Referral,5.0,35.0,0,0,0,30-39,5,Cash Home Buyers,-0.7989390680285343,-0.2037678592250023
CL101797,Individual,Female,United Kingdom,Europe - West,Investment,No,Agent Referral,4.0,36.0,1,0,0,30-39,1,Cash Investors,1.3842903413115275,-1.7286398864101853
CL101798,Individual,Male,United Arab Emirates,Middle East,Investment,No,Property Portal,3.0,48.0,1,0,0,40-49,1,Cash Investors,1.462564439672622,-1.3353654862824222
CL101799,Individual,Female,United Arab Emirates,Middle East,Investment,No,Agent Referral,5.0,55.0,1,0,0,50-59,1,Cash Investors,1.6495733975956315,-1.1608130160178531
CL101800,Corporate,Not Specified,United Arab Emirates,Middle East,Investment,No,Property Portal,4.0,55.0,1,0,1,50-59,2,Corporate Investors,3.2329053003679893,1.5818035091363307
CL101801,Individual,Male,United Arab Emirates,Middle East,Investment,No,Event,3.0,61.0,1,0,0,60+,1,Cash Investors,1.605320177826979,-0.9320702644080333
CL101802,Individual,Male,United States,North America - West,Personal use,No,Agent Referral,3.0,33.0,0,0,0,30-39,5,Cash Home Buyers,-0.931477227979879,-0.22185768977875087
CL101803,Individual,Male,India,South Asia,Personal use,Yes,Website,3.0,23.0,0,1,0,<30,0,Mortgage Home Buyers,-2.505714547107722,-0.153361449524505
CL101804,Corporate,Not Specified,India,South Asia,Investment,No,Event,3.0,42.0,1,0,1,40-49,2,Corporate Investors,3.032983658118297,1.1999677669623758
CL101805,Individual,Female,India,South Asia,Investment,No,Website,4.0,32.0,1,0,0,30-39,1,Cash Investors,1.3393862394402711,-1.8567083829832778
CL101806,Corporate,Not Specified,United States,North America - East,Investment,No,Property Portal,3.0,39.0,1,0,1,30-39,2,Corporate Investors,3.0007912401352907,1.1071069645965748
CL101807,Corporate,Not Specified,Germany,Europe - West,Investment,No,Website,2.0,38.0,1,0,1,30-39,2,Corporate Investors,2.9330325242428916,1.09541275050657
CL101808,Individual,Male,Germany,Europe - West,Investment,No,Agent Referral,4.0,31.0,1,0,0,30-39,1,Cash Investors,1.3290086812258521,-1.8838570961644794
CL101809,Corporate,Not Specified,United States,North America - East,Investment,No,Agent Referral,4.0,43.0,1,0,1,40-49,2,Corporate Investors,3.0994184540483576,1.2105276356825523
CL101810,Individual,Male,Canada,North America - East,Personal use,No,Agent Referral,4.0,37.0,0,0,0,30-39,5,Cash Home Buyers,-0.8320391519528015,-0.11968244864930025
CL101811,Individual,Male,Germany,Europe - West,Personal use,Yes,Property Portal,5.0,36.0,0,1,0,30-39,0,Mortgage Home Buyers,-2.2500670990511646,0.2088555413018207
CL101812,Individual,Female,India,South Asia,Personal use,Yes,Website,4.0,41.0,0,1,0,40-49,0,Mortgage Home Buyers,-2.251487822840753,0.38342197891696844
CL101813,Individual,Female,Canada,North America - East,Investment,Yes,Website,5.0,55.0,1,1,0,50-59,3,Leveraged Investors,0.18589939863913948,-0.7818823562550193
CL101814,Individual,Female,Singapore,Southeast Asia,Personal use,No,Friend/Family,4.0,48.0,0,0,0,40-49,5,Cash Home Buyers,-0.710273851939474,0.2192235677800526
CL101815,Individual,Female,France,Europe - West,Personal use,Yes,Event,4.0,23.0,0,1,0,<30,0,Mortgage Home Buyers,-2.449988741300857,-0.1729802008721342
CL101816,Individual,Other,India,South Asia,Personal use,Yes,Agent Referral,3.0,47.0,0,1,0,40-49,0,Mortgage Home Buyers,-2.2396838048937635,0.5955758860657633
CL101817,Individual,Female,Germany,Europe - West,Personal use,Yes,Property Portal,4.0,43.0,0,1,0,40-49,0,Mortgage Home Buyers,-2.227885522889756,0.44815816163181676
CL101818,Individual,Male,France,Europe - West,Investment,No,Website,3.0,40.0,1,0,0,30-39,1,Cash Investors,1.3726241476188146,-1.5863623207024231
CL101819,Individual,Male,United Arab Emirates,Middle East,Personal use,Yes,Property Portal,3.0,41.0,0,1,0,40-49,0,Mortgage Home Buyers,-2.3052109348825636,0.4080698044040837
CL101820,Individual,Male,Australia,Oceania,Personal use,No,Friend/Family,4.0,43.0,0,0,0,40-49,5,Cash Home Buyers,-0.7655555120251494,0.06400635802575869
CL101821,Corporate,Not Specified,France,Europe - West,Investment,No,Property Portal,3.0,63.0,1,0,1,60+,2,Corporate Investors,3.2661432085465325,1.8521495714171856
CL101822,Corporate,Not Specified,France,Europe - West,Investment,No,Friend/Family,4.0,31.0,1,0,1,30-39,2,Corporate Investors,2.9668881176675783,0.835434487242153
CL101823,Individual,Male,United Arab Emirates,Middle East,Investment,No,Event,4.0,54.0,1,0,0,50-59,1,Cash Investors,1.5831386016655706,-1.1713728847380296
CL101824,Individual,Male,India,South Asia,Personal use,Yes,Agent Referral,4.0,33.0,0,1,0,30-39,0,Mortgage Home Buyers,-2.3392597051751176,0.13896917207975562
CL101825,Individual,Male,United States,North America - East,Investment,Yes,Friend/Family,3.0,30.0,1,1,0,<30,3,Leveraged Investors,-0.20010997607875455,-1.5126484679389562
CL101826,Individual,Female,France,Europe - West,Personal use,Yes,Friend/Family,4.0,41.0,0,1,0,40-49,0,Mortgage Home Buyers,-2.250663401213195,0.38474486265653207
CL101827,Individual,Female,France,Europe - West,Personal use,No,Agent Referral,5.0,28.0,0,0,0,<30,5,Cash Home Buyers,-0.87633339214848,-0.42107195288101384
CL101828,Individual,Other,Australia,Oceania,Investment,Yes,Property Portal,5.0,23.0,1,1,0,<30,3,Leveraged Investors,-0.16641358999245645,-1.7726231998693698
CL101829,Individual,Male,France,Europe - West,Investment,Yes,Property Portal,5.0,38.0,1,1,0,30-39,3,Leveraged Investors,-0.0005686097354301099,-1.3069715706064882
CL101830,Individual,Male,Germany,Europe - West,Investment,No,Property Portal,4.0,57.0,1,0,0,50-59,1,Cash Investors,1.617284175785375,-1.0779730353986778
CL101831,Individual,Female,Brazil,Latin America,Investment,Yes,Agent Referral,4.0,41.0,1,1,0,40-49,3,Leveraged Investors,-0.023423223756572915,-1.1905972881234006
CL101832,Individual,Female,Germany,Europe - West,Personal use,Yes,Unknown,4.0,42.0,0,1,0,40-49,0,Mortgage Home Buyers,-2.2399658757248613,0.41756851601280376
CL101833,Corporate,Not Specified,United States,North America - East,Investment,No,Agent Referral,4.0,41.0,1,0,1,40-49,2,Corporate Investors,3.0773057900140874,1.1484407517808346
CL101834,Individual,Female,United States,North America - East,Personal use,No,Event,3.0,45.0,0,0,0,40-49,5,Cash Home Buyers,-0.7989669597286466,0.14914866018825249
CL101835,Individual,Male,United States,North America - East,Personal use,Yes,Website,4.0,43.0,0,1,0,40-49,0,Mortgage Home Buyers,-2.2293751588064827,0.445508862818686
CL101836,Individual,Female,United States,North America - East,Investment,Yes,Social Media,3.0,34.0,1,1,0,30-39,3,Leveraged Investors,-0.15628822413344584,-1.386323356866092
CL101837,Individual,Female,Germany,Europe - West,Personal use,Yes,Website,2.0,42.0,0,1,0,40-49,0,Mortgage Home Buyers,-2.3508569867406925,0.4584624742157963
CL101838,Individual,Female,India,South Asia,Investment,Yes,Friend/Family,3.0,42.0,1,1,0,40-49,3,Leveraged Investors,-0.06743399187313344,-1.140127164528651
CL101839,Individual,Female,India,South Asia,Personal use,No,Agent Referral,4.0,30.0,0,0,0,<30,5,Cash Home Buyers,-0.909433476072747,-0.3369865423053117
CL101840,Individual,Male,United States,North America - West,Investment,No,Property Portal,4.0,44.0,1,0,0,40-49,1,Cash Investors,1.4735518595626191,-1.4815377807598418
CL101841,Individual,Male,United Arab Emirates,Middle East,Investment,Yes,Property Portal,4.0,54.0,1,1,0,50-59,3,Leveraged Investors,0.12111995458019392,-0.7882779727187629
CL101842,Individual,Female,United States,North America - East,Personal use,No,Agent Referral,5.0,39.0,0,0,0,30-39,5,Cash Home Buyers,-0.754713739959994,-0.07959409142156718
CL101843,Individual,Male,Australia,Oceania,Personal use,No,Property Portal,3.0,32.0,0,0,0,30-39,5,Cash Home Buyers,-0.9417226978830037,-0.2541465616861363
CL101844,Individual,Male,United States,North America - West,Investment,Yes,Friend/Family,3.0,39.0,1,1,0,30-39,3,Leveraged Investors,-0.10060298792453866,-1.2332574903812272
CL101845,Individual,Male,United Arab Emirates,Middle East,Investment,Yes,Agent Referral,3.0,50.0,1,1,0,40-49,3,Leveraged Investors,0.0208710164391056,-0.8892077838916868
CL101846,Corporate,Not Specified,United Kingdom,Europe - West,Investment,No,Agent Referral,5.0,34.0,1,0,1,30-39,2,Corporate Investors,3.0551242138526793,0.9091381314508387
CL101847,Individual,Male,United Arab Emirates,Middle East,Personal use,Yes,Unknown,3.0,47.0,0,1,0,40-49,0,Mortgage Home Buyers,-2.2398969635977233,0.5947842524410825
CL101848,Individual,Male,Germany,Europe - West,Personal use,No,Website,4.0,33.0,0,0,0,30-39,5,Cash Home Buyers,-0.876943253824058,-0.2477509452223928
CL101849,Corporate,Not Specified,India,South Asia,Investment,Yes,Social Media,4.0,38.0,1,1,1,30-39,2,Corporate Investors,1.580883640510516,1.4377153127000846
CL101850,Individual,Female,Canada,North America - East,Investment,No,Social Media,5.0,35.0,1,0,0,30-39,1,Cash Investors,1.4281888289545395,-1.7821023567956933
CL101851,Individual,Female,Australia,Oceania,Personal use,Yes,Agent Referral,5.0,34.0,0,1,0,30-39,0,Mortgage Home Buyers,-2.272990625199445,0.14801408735662985
CL101852,Individual,Female,France,Europe - West,Personal use,Yes,Event,2.0,57.0,0,1,0,50-59,0,Mortgage Home Buyers,-2.1844989486353388,0.9264938788050333
CL101853,Individual,Male,India,South Asia,Investment,No,Website,4.0,26.0,1,0,0,<30,1,Cash Investors,1.2730482473374607,-2.0429690346884306
CL101854,Individual,Female,Singapore,Southeast Asia,Investment,No,Property Portal,4.0,47.0,1,0,0,40-49,1,Cash Investors,1.5067208556140244,-1.3884074549072656
CL101855,Corporate,Not Specified,Brazil,Latin America,Investment,Yes,Property Portal,4.0,47.0,1,1,1,40-49,2,Corporate Investors,1.6814594190771328,1.7162813620619517
CL101856,Corporate,Not Specified,Canada,North America - East,Investment,No,Friend/Family,4.0,38.0,1,0,1,30-39,2,Corporate Investors,3.044282441787524,1.0527385808981644
CL101857,Individual,Female,United Kingdom,Europe - West,Investment,No,Social Media,5.0,26.0,1,0,0,<30,1,Cash Investors,1.3286818408003238,-2.0614933343534223
CL101858,Individual,Male,Canada,North America - East,Personal use,Yes,Website,4.0,27.0,0,1,0,<30,0,Mortgage Home Buyers,-2.4062764710806444,-0.051186208395054424
CL101859,Individual,Male,Canada,North America - East,Personal use,Yes,Property Portal,4.0,32.0,0,1,0,30-39,0,Mortgage Home Buyers,-2.3495051750782423,0.10668030017237017
CL101860,Individual,Male,United Arab Emirates,Middle East,Investment,Yes,Friend/Family,4.0,43.0,1,1,0,40-49,3,Leveraged Investors,-0.001164911897461229,-1.1310822492517767
CL101861,Individual,Male,Brazil,Latin America,Investment,Yes,Property Portal,5.0,43.0,1,1,0,40-49,3,Leveraged Investors,0.054713050350245256,-1.1517543608521943
CL101862,Individual,Other,Brazil,Latin America,Investment,No,Agent Referral,4.0,28.0,1,0,0,<30,1,Cash Investors,1.295839685174447,-1.9769874220170558
CL101863,Individual,Male,France,Europe - West,Investment,Yes,Social Media,2.0,31.0,1,1,0,30-39,3,Leveraged Investors,-0.24466996814338843,-1.4574551560446838
CL101864,Individual,Female,United Arab Emirates,Middle East,Personal use,Yes,Agent Referral,4.0,32.0,0,1,0,30-39,0,Mortgage Home Buyers,-2.3503160371922527,0.10792573012889686
CL101865,Individual,Male,Singapore,Southeast Asia,Personal use,Yes,Friend/Family,4.0,39.0,0,1,0,30-39,0,Mortgage Home Buyers,-2.2727760652474656,0.3226579787548145
CL101866,Individual,Male,Australia,Oceania,Investment,Yes,Friend/Family,5.0,63.0,1,1,0,60+,3,Leveraged Investors,0.2751744764037778,-0.5322119369085856
CL101867,Individual,Male,United States,North America - East,Personal use,Yes,Website,3.0,31.0,0,1,0,30-39,0,Mortgage Home Buyers,-2.4172638909706414,0.0949860860823652
CL101868,Corporate,Not Specified,France,Europe - West,Investment,No,Website,4.0,40.0,1,0,1,30-39,2,Corporate Investors,3.065570684194236,1.1135025810603185
CL101869,Individual,Female,Singapore,Southeast Asia,Personal use,No,Unknown,3.0,29.0,0,0,0,<30,5,Cash Home Buyers,-0.9759157147523793,-0.34682309120686683
CL101870,Individual,Female,United Kingdom,Europe - West,Personal use,No,Website,5.0,48.0,0,0,0,40-49,5,Cash Home Buyers,-0.6558855256084946,0.1959021573665045
CL101871,Individual,Male,Germany,Europe - West,Investment,No,Agent Referral,4.0,41.0,1,0,0,40-49,1,Cash Investors,1.4395720013972029,-1.5734226766558914
CL101872,Individual,Other,Brazil,Latin America,Personal use,Yes,Website,3.0,32.0,0,1,0,30-39,0,Mortgage Home Buyers,-2.4062075589535064,0.12602952803322395
CL101873,Corporate,Not Specified,Brazil,Latin America,Investment,No,Agent Referral,5.0,34.0,1,0,1,30-39,2,Corporate Investors,3.0551242138526793,0.9091381314508387
CL101874,Corporate,Not Specified,Australia,Oceania,Investment,No,Friend/Family,5.0,35.0,1,0,1,30-39,2,Corporate Investors,3.066326193694656,0.9376097283716037
CL101875,Individual,Male,India,South Asia,Personal use,Yes,Property Portal,3.0,45.0,0,1,0,40-49,0,Mortgage Home Buyers,-2.2609856068140233,0.532243572207519
CL101876,Individual,Male,Canada,North America - East,Investment,Yes,Agent Referral,4.0,71.0,1,1,0,60+,3,Leveraged Investors,0.30826673675747973,-0.25929402959763687
CL101877,Individual,Female,United Kingdom,Europe - West,Investment,Yes,Website,5.0,48.0,1,1,0,40-49,3,Leveraged Investors,0.10850507451919376,-0.9991864499110309
CL101878,Individual,Female,France,Europe - West,Personal use,Yes,Friend/Family,5.0,40.0,0,1,0,30-39,0,Mortgage Home Buyers,-2.206506985271793,0.33170289403168873
CL101879,Individual,Male,United Arab Emirates,Middle East,Investment,Yes,Agent Referral,5.0,34.0,1,1,0,30-39,3,Leveraged Investors,-0.04560479991798128,-1.4298999084533965
CL101880,Individual,Female,France,Europe - West,Personal use,No,Agent Referral,3.0,26.0,0,0,0,<30,5,Cash Home Buyers,-1.0088715520998248,-0.4391617834347623
CL101881,Individual,Male,United Arab Emirates,Middle East,Investment,No,Social Media,5.0,49.0,1,0,0,40-49,1,Cash Investors,1.5829774771944307,-1.3474941694836704
CL101882,Individual,Female,Germany,Europe - West,Investment,Yes,Event,3.0,49.0,1,1,0,40-49,3,Leveraged Investors,0.00964896846758202,-0.9217661792858477
CL101883,Individual,Male,India,South Asia,Investment,No,Agent Referral,5.0,35.0,1,0,0,30-39,1,Cash Investors,1.4284467572529296,-1.7816818550350286
CL101884,Individual,Female,United Kingdom,Europe - West,Investment,No,Event,3.0,55.0,1,0,0,50-59,1,Cash Investors,1.5389821857241686,-1.118330916113186
CL101885,Individual,Male,United Kingdom,Europe - West,Personal use,Yes,Agent Referral,4.0,41.0,0,1,0,40-49,0,Mortgage Home Buyers,-2.2508090490380366,0.3873167076866259
CL101886,Individual,Male,United States,North America - East,Personal use,No,Website,3.0,50.0,0,0,0,40-49,5,Cash Home Buyers,-0.7441983574912987,0.301986094616191
CL101887,Individual,Female,United States,North America - West,Personal use,Yes,Website,3.0,44.0,0,1,0,40-49,0,Mortgage Home Buyers,-2.273531574747885,0.49855083144352935
CL101888,Individual,Male,Singapore,Southeast Asia,Personal use,Yes,Property Portal,4.0,39.0,0,1,0,30-39,0,Mortgage Home Buyers,-2.272110850958297,0.3239843938283816
CL101889,Individual,Female,Germany,Europe - West,Investment,Yes,Social Media,3.0,31.0,1,1,0,30-39,3,Leveraged Investors,-0.18945722018485117,-1.4794536827186684
CL101890,Individual,Female,Canada,North America - East,Personal use,Yes,Social Media,5.0,39.0,0,1,0,30-39,0,Mortgage Home Buyers,-2.21796689341216,0.30281079535025923
CL101891,Corporate,Not Specified,India,South Asia,Investment,No,Event,3.0,37.0,1,0,1,30-39,2,Corporate Investors,2.9777019980326216,1.044750557208082
CL101892,Corporate,Not Specified,United Arab Emirates,Middle East,Investment,No,Social Media,3.0,42.0,1,0,1,40-49,2,Corporate Investors,3.0328914457742955,1.2010622186450133
CL101893,Individual,Female,United States,North America - West,Personal use,Yes,Website,4.0,45.0,0,1,0,40-49,0,Mortgage Home Buyers,-2.2072624947722126,0.5075957467204035
CL101894,Individual,Female,United Kingdom,Europe - West,Investment,Yes,Friend/Family,5.0,30.0,1,1,0,<30,3,Leveraged Investors,-0.08968448016168003,-1.5566455212869252
CL101895,Individual,Female,United States,North America - West,Investment,No,Agent Referral,4.0,49.0,1,0,0,40-49,1,Cash Investors,1.5280226575342837,-1.3250751410490211
CL101896,Individual,Male,United Arab Emirates,Middle East,Personal use,Yes,Social Media,3.0,45.0,0,1,0,40-49,0,Mortgage Home Buyers,-2.2620543972264238,0.5330685004033809
CL101897,Individual,Female,Canada,North America - East,Personal use,No,Property Portal,3.0,27.0,0,0,0,<30,5,Cash Home Buyers,-0.997004357968679,-0.4093637714404302
CL101898,Individual,Female,United States,North America - West,Personal use,Yes,Social Media,3.0,39.0,0,1,0,30-39,0,Mortgage Home Buyers,-2.328392389329234,0.3468078486982282
CL101899,Individual,Female,United States,North America - West,Personal use,No,Agent Referral,4.0,51.0,0,0,0,50-59,5,Cash Home Buyers,-0.6772505037129103,0.31492573866272283
CL101900,Individual,Male,United Arab Emirates,Middle East,Investment,No,Social Media,4.0,28.0,1,0,0,<30,1,Cash Investors,1.2955817568760568,-1.9774079237777205
CL101901,Individual,Male,United States,North America - West,Personal use,Yes,Website,4.0,29.0,0,1,0,<30,0,Mortgage Home Buyers,-2.384163807046374,0.01090067550666303
CL101902,Individual,Female,Singapore,Southeast Asia,Personal use,Yes,Agent Referral,4.0,40.0,0,1,0,30-39,0,Mortgage Home Buyers,-2.261865381055172,0.35627326573576706
CL101903,Individual,Other,United States,North America - East,Investment,Yes,Social Media,4.0,64.0,1,1,0,60+,3,Leveraged Investors,0.23061448433914405,-0.4770186250143129
CL101904,Individual,Male,United Arab Emirates,Middle East,Personal use,No,Agent Referral,4.0,33.0,0,0,0,30-39,5,Cash Home Buyers,-0.8762644800213418,-0.24385621645273536
CL101905,Individual,Female,Germany,Europe - West,Personal use,No,Website,3.0,46.0,0,0,0,40-49,5,Cash Home Buyers,-0.7884236855598392,0.1778123268127559
CL101906,Individual,Male,Germany,Europe - West,Investment,No,Social Media,4.0,44.0,1,0,0,40-49,1,Cash Investors,1.4724830691502182,-1.4807128525639797
CL101907,Individual,Male,United States,North America - West,Investment,No,Agent Referral,4.0,35.0,1,0,0,30-39,1,Cash Investors,1.3732340092943924,-1.7596833283610442
CL101908,Individual,Male,Singapore,Southeast Asia,Personal use,No,Agent Referral,4.0,43.0,0,0,0,40-49,5,Cash Home Buyers,-0.7657011598499909,0.06657820305585252
CL101909,Individual,Male,Australia,Oceania,Personal use,Yes,Event,3.0,37.0,0,1,0,30-39,0,Mortgage Home Buyers,-2.350412841019503,0.2836265131138731
CL101910,Corporate,Not Specified,United States,North America - West,Investment,No,Website,4.0,59.0,1,0,1,50-59,2,Corporate Investors,3.275640992519803,1.7033279781266353
CL101911,Individual,Male,United States,North America - East,Investment,No,Website,3.0,23.0,1,0,0,<30,1,Cash Investors,1.184666503327518,-2.1141008338670226
CL101912,Individual,Male,Australia,Oceania,Investment,No,Property Portal,4.0,41.0,1,0,0,40-49,1,Cash Investors,1.4403828635112137,-1.5746681066124182
CL101913,Individual,Female,France,Europe - West,Investment,Yes,Website,5.0,51.0,1,1,0,50-59,3,Leveraged Investors,0.14167407057059897,-0.9060561240584545
CL101914,Corporate,Not Specified,United States,North America - East,Investment,No,Property Portal,3.0,46.0,1,0,1,40-49,2,Corporate Investors,3.0781855642552363,1.3244110582525863
CL101915,Individual,Female,United States,North America - West,Investment,No,Friend/Family,5.0,52.0,1,0,0,50-59,1,Cash Investors,1.6165500493690677,-1.256515186900523
CL101916,Corporate,Not Specified,United Arab Emirates,Middle East,Personal use,Yes,Social Media,2.0,60.0,0,1,1,50-59,4,Corporate Buyers,-0.5136883763110507,3.7425820847769735
CL101917,Individual,Female,India,South Asia,Investment,Yes,Agent Referral,3.0,41.0,1,1,0,40-49,3,Leveraged Investors,-0.07863597171511005,-1.168598761449416
CL101918,Individual,Male,United Arab Emirates,Middle East,Personal use,Yes,Agent Referral,3.0,34.0,0,1,0,30-39,0,Mortgage Home Buyers,-2.3834161211165195,0.19201114070459896
CL101919,Individual,Female,Brazil,Latin America,Personal use,Yes,Property Portal,4.0,36.0,0,1,0,30-39,0,Mortgage Home Buyers,-2.305279847009702,0.23085406797580532
CL101920,Individual,Female,France,Europe - West,Personal use,Yes,Website,4.0,25.0,0,1,0,<30,0,Mortgage Home Buyers,-2.4283891351149145,-0.11327309229677196
CL101921,Individual,Male,United Kingdom,Europe - West,Personal use,Yes,Friend/Family,5.0,38.0,0,1,0,30-39,0,Mortgage Home Buyers,-2.2286196493060633,0.26961601012997116
CL101922,Individual,Male,Germany,Europe - West,Investment,Yes,Property Portal,5.0,42.0,1,1,0,40-49,3,Leveraged Investors,0.04365671833311018,-1.182797802803053
CL101923,Individual,Female,United Kingdom,Europe - West,Personal use,Yes,Friend/Family,4.0,59.0,0,1,0,50-59,0,Mortgage Home Buyers,-2.0516494249047637,0.9435268177719902
CL101924,Corporate,Not Specified,Canada,North America - East,Investment,No,Website,3.0,38.0,1,0,1,30-39,2,Corporate Investors,2.988245272201429,1.0734142238325854
CL101925,Individual,Female,United States,North America - East,Investment,No,Friend/Family,3.0,32.0,1,0,0,30-39,1,Cash Investors,1.2849979131092915,-1.8333869725697298
CL101926,Individual,Female,United Kingdom,Europe - West,Personal use,Yes,Friend/Family,4.0,25.0,0,1,0,<30,0,Mortgage Home Buyers,-2.4275647134873566,-0.11195020855720836
CL101927,Individual,Female,India,South Asia,Investment,No,Website,5.0,38.0,1,0,0,30-39,1,Cash Investors,1.460936979501619,-1.6924462579521096
CL101928,Corporate,Not Specified,United States,North America - West,Investment,No,Property Portal,3.0,63.0,1,0,1,60+,2,Corporate Investors,3.2661432085465325,1.8521495714171856
CL101929,Corporate,Not Specified,Germany,Europe - West,Investment,No,Website,5.0,50.0,1,0,1,40-49,2,Corporate Investors,3.231346752324124,1.4019384738949219
CL101930,Individual,Male,United Arab Emirates,Middle East,Investment,No,Event,2.0,47.0,1,0,0,40-49,1,Cash Investors,1.3953187816285506,-1.344679925046072
CL101931,Corporate,Not Specified,United Arab Emirates,Middle East,Investment,No,Website,4.0,61.0,1,0,1,60+,2,Corporate Investors,3.297753656554073,1.765414862028353
CL101932,Corporate,Not Specified,India,South Asia,Investment,Yes,Agent Referral,4.0,45.0,1,1,1,40-49,2,Corporate Investors,1.6585358929288518,1.6554399081167608
CL101933,Corporate,Not Specified,Singapore,Southeast Asia,Investment,No,Friend/Family,4.0,51.0,1,0,1,50-59,2,Corporate Investors,3.1880147580102802,1.4563033262593288
CL101934,Corporate,Not Specified,India,South Asia,Investment,No,Website,4.0,35.0,1,0,1,30-39,2,Corporate Investors,3.0102890241085607,0.9582853713060245
CL101935,Individual,Male,United States,North America - East,Personal use,Yes,Website,3.0,29.0,0,1,0,<30,0,Mortgage Home Buyers,-2.4393765550049116,0.032899202180647645
CL101936,Individual,Male,Germany,Europe - West,Investment,Yes,Website,4.0,49.0,1,1,0,40-49,3,Leveraged Investors,0.06434865857779169,-0.9461444812861876
CL101937,Individual,Male,United Arab Emirates,Middle East,Personal use,Yes,Property Portal,4.0,39.0,0,1,0,30-39,0,Mortgage Home Buyers,-2.272110850958297,0.3239843938283816
CL101938,Individual,Female,Canada,North America - East,Personal use,Yes,Website,4.0,39.0,0,1,0,30-39,0,Mortgage Home Buyers,-2.2736004868750235,0.32133509501525087
CL101939,Individual,Female,United States,North America - East,Personal use,Yes,Friend/Family,5.0,39.0,0,1,0,30-39,0,Mortgage Home Buyers,-2.217563317288928,0.30065945208083
CL101940,Individual,Male,Canada,North America - East,Personal use,No,Social Media,4.0,43.0,0,0,0,40-49,5,Cash Home Buyers,-0.7659590881483811,0.06615770129518792
CL101941,Corporate,Not Specified,Germany,Europe - West,Investment,No,Social Media,3.0,35.0,1,0,1,30-39,2,Corporate Investors,2.95549712165435,0.983758124989002
CL101942,Individual,Female,Germany,Europe - West,Personal use,No,Agent Referral,3.0,52.0,0,0,0,50-59,5,Cash Home Buyers,-0.7214069196543124,0.36796770728756617
CL101943,Corporate,Not Specified,United States,North America - East,Personal use,Yes,Agent Referral,5.0,31.0,0,1,1,30-39,4,Corporate Buyers,-0.6684258326339664,2.7767471899407794
CL101944,Individual,Male,Singapore,Southeast Asia,Investment,Yes,Event,5.0,45.0,1,1,0,40-49,3,Leveraged Investors,0.07584913631611624,-1.089937000437252
CL101945,Individual,Male,Australia,Oceania,Investment,No,Property Portal,5.0,59.0,1,0,0,50-59,1,Cash Investors,1.6946095877781828,-1.0378846781709448
CL101946,Individual,Male,United States,North America - West,Investment,Yes,Property Portal,4.0,43.0,1,1,0,40-49,3,Leveraged Investors,-0.000499697608292111,-1.1297558341782097
CL101947,Corporate,Not Specified,Australia,Oceania,Investment,No,Friend/Family,5.0,51.0,1,0,1,50-59,2,Corporate Investors,3.243227505968817,1.4343047995853442
CL101948,Individual,Female,United States,North America - East,Investment,No,Property Portal,5.0,45.0,1,0,0,40-49,1,Cash Investors,1.5398209395382914,-1.4724928654829676
CL101949,Individual,Male,Australia,Oceania,Personal use,Yes,Event,3.0,34.0,0,1,0,30-39,0,Mortgage Home Buyers,-2.383581837070908,0.19049618726129683
CL101950,Individual,Male,Brazil,Latin America,Investment,Yes,Social Media,4.0,43.0,1,1,0,40-49,3,Leveraged Investors,-0.0015684880206929216,-1.1289309059823476
CL101951,Individual,Female,United States,North America - West,Personal use,No,Property Portal,3.0,46.0,0,0,0,40-49,5,Cash Home Buyers,-0.7869340496431124,0.18046162562588663
CL101952,Individual,Female,India,South Asia,Investment,No,Website,4.0,40.0,1,0,0,30-39,1,Cash Investors,1.4278368955773517,-1.6083608473764075
CL101953,Corporate,Not Specified,Brazil,Latin America,Investment,No,Website,5.0,61.0,1,0,1,60+,2,Corporate Investors,3.3529664045126104,1.7434163353543684
CL101954,Individual,Male,Australia,Oceania,Investment,Yes,Social Media,4.0,51.0,1,1,0,50-59,3,Leveraged Investors,0.0868821681163879,-0.8805833703754772
CL101955,Individual,Female,Brazil,Latin America,Personal use,Yes,Social Media,4.0,40.0,0,1,0,30-39,0,Mortgage Home Buyers,-2.262123309353562,0.35585276397510246
CL101956,Individual,Male,United Arab Emirates,Middle East,Personal use,Yes,Agent Referral,2.0,22.0,0,1,0,<30,0,Mortgage Home Buyers,-2.5713048532806777,-0.15851163603172191
CL101957,Corporate,Not Specified,United States,North America - West,Investment,No,Social Media,3.0,49.0,1,0,1,40-49,2,Corporate Investors,3.110285769894241,1.4183663123010248
CL101958,Individual,Male,Singapore,Southeast Asia,Personal use,Yes,Social Media,4.0,37.0,0,1,0,30-39,0,Mortgage Home Buyers,-2.2952923054049674,0.26272243812252616
CL101959,Individual,Male,United Arab Emirates,Middle East,Personal use,No,Property Portal,4.0,31.0,0,0,0,30-39,5,Cash Home Buyers,-0.8975662819416014,-0.30718853031097965
CL101960,Individual,Male,United Arab Emirates,Middle East,Personal use,No,Agent Referral,4.0,28.0,0,0,0,<30,5,Cash Home Buyers,-0.9315461401070172,-0.39907342620702935
CL101961,Individual,Female,Germany,Europe - West,Personal use,Yes,Agent Referral,4.0,37.0,0,1,0,30-39,0,Mortgage Home Buyers,-2.2950343771065773,0.26314293988319076
CL101962,Individual,Male,United Arab Emirates,Middle East,Personal use,Yes,Friend/Family,3.0,35.0,0,1,0,30-39,0,Mortgage Home Buyers,-2.3722141412745428,0.22048273762536386
CL101963,Individual,Male,United States,North America - East,Personal use,Yes,Friend/Family,4.0,32.0,0,1,0,30-39,0,Mortgage Home Buyers,-2.350170389367411,0.10535388509880303
CL101964,Individual,Male,India,South Asia,Personal use,No,Property Portal,4.0,33.0,0,0,0,30-39,5,Cash Home Buyers,-0.8754536179073312,-0.24510164640926208
CL101965,Individual,Female,United States,North America - West,Personal use,Yes,Agent Referral,3.0,47.0,0,1,0,40-49,0,Mortgage Home Buyers,-2.2396838048937635,0.5955758860657633
CL101966,Individual,Male,India,South Asia,Personal use,No,Website,5.0,64.0,0,0,0,60+,5,Cash Home Buyers,-0.47898421333433305,0.6925972285802449
CL101967,Corporate,Not Specified,Singapore,Southeast Asia,Investment,No,Event,4.0,39.0,1,0,1,30-39,2,Corporate Investors,3.0550274100254287,1.0848389144358148
CL101968,Individual,Female,Germany,Europe - West,Investment,No,Website,2.0,54.0,1,0,0,50-59,1,Cash Investors,1.4722000479001685,-1.1297556067164156
CL101969,Individual,Male,France,Europe - West,Personal use,No,Unknown,5.0,36.0,0,0,0,30-39,5,Cash Home Buyers,-0.788095894715359,-0.1735160508988244
CL101970,Individual,Other,United Kingdom,Europe - West,Personal use,Yes,Agent Referral,3.0,42.0,0,1,0,40-49,0,Mortgage Home Buyers,-2.294965464979439,0.44035867631146913
CL101971,Individual,Female,Brazil,Latin America,Personal use,Yes,Agent Referral,5.0,45.0,0,1,0,40-49,0,Mortgage Home Buyers,-2.1513709730109594,0.48949194881607655
CL101972,Individual,Male,India,South Asia,Personal use,Yes,Property Portal,3.0,34.0,0,1,0,30-39,0,Mortgage Home Buyers,-2.382605259002509,0.19076571074807225
CL101973,Individual,Male,United Kingdom,Europe - West,Personal use,Yes,Agent Referral,4.0,36.0,0,1,0,30-39,0,Mortgage Home Buyers,-2.3060907091237124,0.23209949793233203
CL101974,Individual,Male,United States,North America - East,Investment,No,Website,4.0,51.0,1,0,0,50-59,1,Cash Investors,1.5494565477658377,-1.266882985916961
CL101975,Individual,Male,United States,North America - West,Personal use,Yes,Unknown,4.0,52.0,0,1,0,50-59,0,Mortgage Home Buyers,-2.1294025555535105,0.7280029355213917
CL101976,Individual,Female,Germany,Europe - West,Investment,No,Website,4.0,42.0,1,0,0,40-49,1,Cash Investors,1.4499495596116219,-1.54627396347469
CL101977,Individual,Female,Australia,Oceania,Personal use,No,Agent Referral,4.0,28.0,0,0,0,<30,5,Cash Home Buyers,-0.9315461401070172,-0.39907342620702935
CL101978,Corporate,Not Specified,India,South Asia,Investment,No,Social Media,4.0,47.0,1,0,1,40-49,2,Corporate Investors,3.143385853818508,1.3342809017253228
CL101979,Individual,Male,United States,North America - East,Investment,Yes,Agent Referral,4.0,26.0,1,1,0,<30,3,Leveraged Investors,-0.18926820401359915,-1.6562489173862822
CL101980,Individual,Male,Singapore,Southeast Asia,Personal use,No,Social Media,2.0,41.0,0,0,0,40-49,5,Cash Home Buyers,-0.8984972480997258,0.04806787074143936
CL101981,Individual,Male,United Kingdom,Europe - West,Personal use,Yes,Agent Referral,3.0,43.0,0,1,0,40-49,0,Mortgage Home Buyers,-2.283909132962304,0.4714021182623281
CL101982,Individual,Female,Singapore,Southeast Asia,Investment,No,Agent Referral,5.0,38.0,1,0,0,30-39,1,Cash Investors,1.461615753304335,-1.6885515291824522
CL101983,Corporate,Not Specified,Canada,North America - East,Investment,No,Agent Referral,3.0,43.0,1,0,1,40-49,2,Corporate Investors,3.0442057060898207,1.232526162356537
CL101984,Individual,Female,United Arab Emirates,Middle East,Personal use,Yes,Property Portal,4.0,46.0,0,1,0,40-49,0,Mortgage Home Buyers,-2.194716526838351,0.5412884874843933
CL101985,Individual,Female,Australia,Oceania,Personal use,Yes,Website,3.0,44.0,0,1,0,40-49,0,Mortgage Home Buyers,-2.273531574747885,0.49855083144352935
CL101986,Individual,Male,Canada,North America - East,Investment,Yes,Property Portal,5.0,28.0,1,1,0,<30,3,Leveraged Investors,-0.11113192990678106,-1.617405990115076
CL101987,Individual,Female,India,South Asia,Investment,Yes,Agent Referral,3.0,38.0,1,1,0,30-39,3,Leveraged Investors,-0.11180496776651538,-1.2617290873019924
CL101988,Corporate,Not Specified,Brazil,Latin America,Investment,No,Agent Referral,4.0,51.0,1,0,1,50-59,2,Corporate Investors,3.1878691101854386,1.4588751712894226
CL101989,Individual,Female,United States,North America - East,Investment,No,Friend/Family,4.0,58.0,1,0,0,50-59,1,Cash Investors,1.627675293513341,-1.0482560085213861
CL101990,Individual,Male,United States,North America - West,Investment,No,Agent Referral,4.0,38.0,1,0,0,30-39,1,Cash Investors,1.4064030053457977,-1.6665530025084678
CL101991,Individual,Male,India,South Asia,Personal use,Yes,Social Media,3.0,48.0,0,1,0,40-49,0,Mortgage Home Buyers,-2.2288854011750185,0.6261988262559574
CL101992,Individual,Female,United Kingdom,Europe - West,Personal use,Yes,Property Portal,4.0,50.0,0,1,0,40-49,0,Mortgage Home Buyers,-2.1504911987698105,0.6654622552878282
CL101993,Individual,Male,United States,North America - West,Personal use,Yes,Property Portal,3.0,38.0,0,1,0,30-39,0,Mortgage Home Buyers,-2.338379930933969,0.3149394785515074
CL101994,Individual,Female,Germany,Europe - West,Personal use,Yes,Social Media,3.0,54.0,0,1,0,50-59,0,Mortgage Home Buyers,-2.162547409072208,0.81245947796111
CL101995,Individual,Male,India,South Asia,Investment,No,Friend/Family,5.0,54.0,1,0,0,50-59,1,Cash Investors,1.638662713403338,-1.1944283029988056
CL101996,Individual,Female,United Kingdom,Europe - West,Investment,No,Agent Referral,5.0,57.0,1,0,0,50-59,1,Cash Investors,1.6716860616299019,-1.0987261321161355
CL101997,Individual,Female,United Kingdom,Europe - West,Personal use,Yes,Property Portal,4.0,46.0,0,1,0,40-49,0,Mortgage Home Buyers,-2.194716526838351,0.5412884874843933
CL101998,Individual,Male,Singapore,Southeast Asia,Personal use,Yes,Website,4.0,67.0,0,1,0,60+,0,Mortgage Home Buyers,-1.964023190395241,1.1905514696392967
CL101999,Corporate,Not Specified,France,Europe - West,Investment,No,Website,5.0,42.0,1,0,1,40-49,2,Corporate Investors,3.1428960961870436,1.1535909382880516
CL102000,Individual,Female,Singapore,Southeast Asia,Personal use,No,Social Media,5.0,64.0,0,0,0,60+,5,Cash Home Buyers,-0.47856336783000697,0.6960714555892377
CL102001,Individual,Male,Germany,Europe - West,Investment,Yes,Agent Referral,4.0,49.0,1,1,0,40-49,3,Leveraged Investors,0.0650274323805079,-0.9422497525165301
CL102002,Individual,Female,Brazil,Latin America,Personal use,No,Friend/Family,5.0,55.0,0,0,0,50-59,5,Cash Home Buyers,-0.5776667798609911,0.41452913476207953
CL102003,Corporate,Not Specified,United Arab Emirates,Middle East,Investment,No,Website,3.0,58.0,1,0,1,50-59,2,Corporate Investors,3.2093719125441305,1.6942830628497612
CL102004,Individual,Male,United States,North America - West,Personal use,Yes,Website,2.0,51.0,0,1,0,50-59,0,Mortgage Home Buyers,-2.251349998586477,0.7378534517735253
CL102005,Individual,Female,Australia,Oceania,Investment,No,Friend/Family,5.0,56.0,1,0,0,50-59,1,Cash Investors,1.6607753774376084,-1.132341419097088
CL102006,Individual,Male,France,Europe - West,Investment,Yes,Unknown,3.0,30.0,1,1,0,<30,3,Leveraged Investors,-0.2004687826075558,-1.5108682565335434
CL102007,Individual,Female,United States,North America - West,Personal use,No,Event,4.0,39.0,0,0,0,30-39,5,Cash Home Buyers,-0.8100922038729199,-0.05911051819088473
CL102008,Individual,Male,United States,North America - East,Personal use,Yes,Agent Referral,3.0,23.0,0,1,0,<30,0,Mortgage Home Buyers,-2.5050357733050057,-0.14946672075484757
CL102009,Individual,Male,India,South Asia,Investment,No,Website,3.0,40.0,1,0,0,30-39,1,Cash Investors,1.3726241476188146,-1.5863623207024231
CL102010,Individual,Male,United States,North America - East,Investment,No,Website,3.0,32.0,1,0,0,30-39,1,Cash Investors,1.2841734914817338,-1.8347098563092934
CL102011,Corporate,Not Specified,United Kingdom,Europe - West,Investment,No,Agent Referral,5.0,44.0,1,0,1,40-49,2,Corporate Investors,3.16568753402403,1.2195725509594264
CL102012,Individual,Female,United States,North America - East,Investment,Yes,Website,3.0,73.0,1,1,0,60+,3,Leveraged Investors,0.2744878790304965,-0.17910334779159223
CL102013,Individual,Female,Germany,Europe - West,Investment,Yes,Property Portal,3.0,59.0,1,1,0,50-59,3,Leveraged Investors,0.12118886670733214,-0.6110622362904844
CL102014,Individual,Male,Germany,Europe - West,Investment,No,Website,3.0,25.0,1,0,0,<30,1,Cash Investors,1.2067791673617883,-2.0520139499653047
CL102015,Corporate,Not Specified,France,Europe - West,Investment,No,Property Portal,5.0,49.0,1,0,1,40-49,2,Corporate Investors,3.2217800562237158,1.3735443307571937
CL102016,Corporate,Not Specified,Canada,North America - East,Investment,No,Social Media,5.0,31.0,1,0,1,30-39,2,Corporate Investors,3.021697289502884,0.8155873038375978
CL102017,Individual,Female,United States,North America - West,Investment,No,Friend/Family,4.0,38.0,1,0,0,30-39,1,Cash Investors,1.4065486531706393,-1.6691248475385616
CL102018,Individual,Male,United Arab Emirates,Middle East,Personal use,Yes,Website,4.0,42.0,0,1,0,40-49,0,Mortgage Home Buyers,-2.240431490823618,0.4144654208678272
CL102019,Individual,Female,United Kingdom,Europe - West,Personal use,No,Website,4.0,44.0,0,0,0,40-49,5,Cash Home Buyers,-0.755323601635572,0.09372691623705381
CL102020,Corporate,Not Specified,United Arab Emirates,Middle East,Investment,No,Agent Referral,4.0,42.0,1,0,1,40-49,2,Corporate Investors,3.0883621220312225,1.1794841937316936
CL102021,Individual,Male,United States,North America - East,Investment,Yes,Social Media,4.0,30.0,1,1,0,<30,3,Leveraged Investors,-0.145300804243449,-1.5324956513435117
CL102022,Individual,Female,United States,North America - East,Personal use,Yes,Social Media,4.0,43.0,0,1,0,40-49,0,Mortgage Home Buyers,-2.2289543133021565,0.44898308982767887
CL102023,Individual,Male,Canada,North America - East,Investment,No,Agent Referral,3.0,42.0,1,0,0,40-49,1,Cash Investors,1.3954155854558008,-1.520380708031048
CL102024,Corporate,Not Specified,Germany,Europe - West,Investment,No,Agent Referral,5.0,44.0,1,0,1,40-49,2,Corporate Investors,3.16568753402403,1.2195725509594264
CL102025,Corporate,Not Specified,United Kingdom,Europe - West,Investment,No,Event,5.0,47.0,1,0,1,40-49,2,Corporate Investors,3.1986908141210466,1.3111879233687007
CL102026,Corporate,Not Specified,Singapore,Southeast Asia,Investment,No,Agent Referral,4.0,39.0,1,0,1,30-39,2,Corporate Investors,3.0551931259798173,1.086353867879117
CL102027,Individual,Male,United Kingdom,Europe - West,Personal use,Yes,Website,4.0,50.0,0,1,0,40-49,0,Mortgage Home Buyers,-2.1519808346865372,0.6628129564746974
CL102028,Corporate,Not Specified,France,Europe - West,Investment,No,Agent Referral,4.0,61.0,1,0,1,60+,2,Corporate Investors,3.2984324303567893,1.7693095907980103
CL102029,Corporate,Not Specified,United Arab Emirates,Middle East,Investment,No,Agent Referral,5.0,56.0,1,0,1,50-59,2,Corporate Investors,3.2983635182296513,1.5920938543697318
CL102030,Individual,Male,United States,North America - East,Investment,Yes,Agent Referral,3.0,34.0,1,1,0,30-39,3,Leveraged Investors,-0.1560302958350557,-1.3859028551054273
CL102031,Individual,Male,France,Europe - West,Personal use,No,Social Media,5.0,44.0,0,0,0,40-49,5,Cash Home Buyers,-0.6996900081727089,0.07520261657206215
CL102032,Corporate,Not Specified,United Kingdom,Europe - West,Investment,No,Social Media,5.0,49.0,1,0,1,40-49,2,Corporate Investors,3.2207112658113153,1.3743692589530558
CL102033,Individual,Male,Germany,Europe - West,Investment,No,Friend/Family,3.0,47.0,1,0,0,40-49,1,Cash Investors,1.4508428933663178,-1.367735343306848
CL102034,Individual,Male,United States,North America - East,Investment,No,Website,4.0,33.0,1,0,0,30-39,1,Cash Investors,1.3504425714574062,-1.825664941032419
CL102035,Individual,Female,India,South Asia,Personal use,Yes,Website,3.0,63.0,0,1,0,60+,0,Mortgage Home Buyers,-2.0634612664223186,1.0883762285098462
CL102036,Individual,Female,Australia,Oceania,Investment,Yes,Property Portal,4.0,23.0,1,1,0,<30,3,Leveraged Investors,-0.2216263379509937,-1.7506246731953852
CL102037,Individual,Female,United States,North America - East,Investment,Yes,Agent Referral,4.0,59.0,1,1,0,50-59,3,Leveraged Investors,0.1755907525518586,-0.6318153330079422
CL102038,Individual,Female,United Arab Emirates,Middle East,Personal use,Yes,Agent Referral,4.0,41.0,0,1,0,40-49,0,Mortgage Home Buyers,-2.2508090490380366,0.3873167076866259
CL102039,Individual,Male,India,South Asia,Personal use,No,Social Media,3.0,47.0,0,0,0,40-49,5,Cash Home Buyers,-0.7769465080383782,0.21232999577260758
CL102040,Corporate,Not Specified,United Kingdom,Europe - West,Investment,No,Friend/Family,4.0,63.0,1,0,1,60+,2,Corporate Investors,3.320690742215901,1.8288246296696342
CL102041,Individual,Male,India,South Asia,Personal use,No,Website,5.0,50.0,0,0,0,40-49,5,Cash Home Buyers,-0.6337728615742243,0.25798904126822203
CL102042,Individual,Female,United Arab Emirates,Middle East,Investment,No,Property Portal,3.0,33.0,1,0,0,30-39,1,Cash Investors,1.296719459415596,-1.801017115545304
CL102043,Corporate,Not Specified,Australia,Oceania,Personal use,No,Agent Referral,2.0,60.0,0,0,1,50-59,4,Corporate Buyers,0.9495647771411154,3.3601771980051467
CL102044,Individual,Male,Brazil,Latin America,Investment,No,Event,4.0,61.0,1,0,0,60+,1,Cash Investors,1.6605329257855164,-0.9540687910820178
CL102045,Individual,Male,United States,North America - East,Personal use,Yes,Agent Referral,5.0,31.0,0,1,0,30-39,0,Mortgage Home Buyers,-2.3061596212508504,0.054883761504053545
CL102046,Individual,Male,Germany,Europe - West,Investment,No,Friend/Family,5.0,64.0,1,0,0,60+,1,Cash Investors,1.749226033574689,-0.8839938834902178
CL102047,Individual,Other,France,Europe - West,Personal use,Yes,Agent Referral,3.0,46.0,0,1,0,40-49,0,Mortgage Home Buyers,-2.2507401369108986,0.5645324441149043
CL102048,Individual,Female,United States,North America - East,Personal use,Yes,Property Portal,4.0,36.0,0,1,0,30-39,0,Mortgage Home Buyers,-2.305279847009702,0.23085406797580532
CL102049,Individual,Male,United Kingdom,Europe - West,Investment,No,Social Media,4.0,32.0,1,0,0,30-39,1,Cash Investors,1.339807084944597,-1.853234155974285
CL102050,Corporate,Not Specified,Brazil,Latin America,Investment,No,Property Portal,2.0,49.0,1,0,1,40-49,2,Corporate Investors,3.056141812348104,1.4395399107791473
CL102051,Individual,Female,United States,North America - West,Personal use,No,Friend/Family,3.0,23.0,0,0,0,<30,5,Cash Home Buyers,-1.0418949003263884,-0.5348639543174325
CL102052,Individual,Male,Germany,Europe - West,Investment,Yes,Social Media,4.0,37.0,1,1,0,30-39,3,Leveraged Investors,-0.06790648012350335,-1.3151915576875004
CL102053,Corporate,Not Specified,Singapore,Southeast Asia,Personal use,No,Agent Referral,5.0,37.0,0,0,1,30-39,4,Corporate Buyers,0.8609073846226202,2.580182453113441
CL102054,Individual,Female,United Kingdom,Europe - West,Investment,No,Agent Referral,4.0,29.0,1,0,0,<30,1,Cash Investors,1.306896017191582,-1.9459439800661968
CL102055,Individual,Male,Germany,Europe - West,Personal use,Yes,Event,5.0,50.0,0,1,0,40-49,0,Mortgage Home Buyers,-2.0962550288796726,0.6431942051270684
CL102056,Individual,Female,Brazil,Latin America,Personal use,No,Property Portal,3.0,38.0,0,0,0,30-39,5,Cash Home Buyers,-0.875384705780193,-0.06788590998098361
CL102057,Individual,Female,Germany,Europe - West,Personal use,No,Website,1.0,34.0,0,0,0,30-39,5,Cash Home Buyers,-1.0315251656825346,-0.15071192324958047
CL102058,Individual,Female,United States,North America - East,Personal use,No,Agent Referral,5.0,37.0,0,0,0,30-39,5,Cash Home Buyers,-0.7768264039942642,-0.14168097532328472
CL102059,Individual,Other,United States,North America - East,Personal use,No,Website,4.0,44.0,0,0,0,40-49,5,Cash Home Buyers,-0.755323601635572,0.09372691623705381
CL102060,Individual,Female,Australia,Oceania,Personal use,Yes,Agent Referral,4.0,41.0,0,1,0,40-49,0,Mortgage Home Buyers,-2.2508090490380366,0.3873167076866259
CL102061,Individual,Male,Canada,North America - East,Personal use,Yes,Agent Referral,4.0,33.0,0,1,0,30-39,0,Mortgage Home Buyers,-2.3392597051751176,0.13896917207975562
CL102062,Individual,Male,France,Europe - West,Personal use,Yes,Property Portal,4.0,42.0,0,1,0,40-49,0,Mortgage Home Buyers,-2.238941854906891,0.4171147196809579
CL102063,Individual,Female,United States,North America - West,Investment,No,Website,4.0,41.0,1,0,0,40-49,1,Cash Investors,1.4388932275944868,-1.5773174054255488
CL102064,Individual,Female,Germany,Europe - West,Investment,Yes,Property Portal,3.0,28.0,1,1,0,<30,3,Leveraged Investors,-0.2215574258238556,-1.573408936767107
CL102065,Individual,Female,Australia,Oceania,Investment,Yes,Event,3.0,37.0,1,1,0,30-39,3,Leveraged Investors,-0.12302701573803897,-1.2942874826961532
CL102066,Individual,Female,France,Europe - West,Personal use,Yes,Agent Referral,4.0,47.0,0,1,0,40-49,0,Mortgage Home Buyers,-2.184471056935226,0.5735773593917787
CL102067,Individual,Male,Brazil,Latin America,Personal use,No,Social Media,2.0,48.0,0,0,0,40-49,5,Cash Home Buyers,-0.8211029239797802,0.2653719643974508
CL102068,Individual,Female,Canada,North America - East,Investment,No,Social Media,3.0,39.0,1,0,0,30-39,1,Cash Investors,1.3619886611060055,-1.6139315356442892
CL102069,Individual,Female,France,Europe - West,Personal use,No,Agent Referral,4.0,49.0,0,0,0,40-49,5,Cash Home Buyers,-0.6993631677471804,0.25283885476100515
CL102070,Corporate,Not Specified,Singapore,Southeast Asia,Investment,No,Friend/Family,2.0,40.0,1,0,1,30-39,2,Corporate Investors,2.9559696099047197,1.158822518147851
CL102071,Individual,Female,Germany,Europe - West,Personal use,Yes,Social Media,2.0,30.0,0,1,0,<30,0,Mortgage Home Buyers,-2.4831121254419872,0.0894153978144838
CL102072,Individual,Male,Canada,North America - East,Personal use,Yes,Website,3.0,38.0,0,1,0,30-39,0,Mortgage Home Buyers,-2.3398695668506955,0.31229017973837664
CL102073,Individual,Female,Singapore,Southeast Asia,Personal use,Yes,Property Portal,3.0,57.0,0,1,0,50-59,0,Mortgage Home Buyers,-2.1283096226084024,0.9047648756178244
CL102074,Individual,Male,United Kingdom,Europe - West,Personal use,Yes,Agent Referral,4.0,43.0,0,1,0,40-49,0,Mortgage Home Buyers,-2.2286963850037664,0.4494035915883435
CL102075,Individual,Male,France,Europe - West,Personal use,Yes,Website,2.0,38.0,0,1,0,30-39,0,Mortgage Home Buyers,-2.395082314809233,0.33428870641236114
CL102076,Individual,Female,Brazil,Latin America,Investment,No,Event,5.0,57.0,1,0,0,50-59,1,Cash Investors,1.6715203456755134,-1.1002410855594376
CL102077,Individual,Female,United States,North America - East,Personal use,Yes,Website,2.0,37.0,0,1,0,30-39,0,Mortgage Home Buyers,-2.406138646826368,0.3032452644615023
CL102078,Corporate,Not Specified,United Kingdom,Europe - West,Investment,No,Website,3.0,65.0,1,0,1,60+,2,Corporate Investors,3.286766236664076,1.9115871565057727
CL102079,Individual,Male,United States,North America - East,Personal use,No,Agent Referral,3.0,35.0,0,0,0,30-39,5,Cash Home Buyers,-0.9093645639456088,-0.1597708058770333
CL102080,Individual,Male,United Kingdom,Europe - West,Personal use,No,Agent Referral,5.0,30.0,0,0,0,<30,5,Cash Home Buyers,-0.8542207281142099,-0.3589850689792962
CL102081,Individual,Male,United States,North America - East,Investment,Yes,Agent Referral,4.0,39.0,1,1,0,30-39,3,Leveraged Investors,-0.04553588779084306,-1.252684172025118
CL102082,Individual,Female,India,South Asia,Investment,Yes,Friend/Family,3.0,38.0,1,1,0,30-39,3,Leveraged Investors,-0.11165931994167384,-1.2643009323320862
CL102083,Corporate,Not Specified,United States,North America - East,Investment,No,Agent Referral,4.0,55.0,1,0,1,50-59,2,Corporate Investors,3.232094438253979,1.5830489390928575
CL102084,Individual,Female,India,South Asia,Personal use,Yes,Social Media,4.0,70.0,0,1,0,60+,0,Mortgage Home Buyers,-1.9304333488395098,1.287156022500866
CL102085,Corporate,Not Specified,Canada,North America - East,Investment,Yes,Website,3.0,52.0,1,1,1,50-59,2,Corporate Investors,1.680038695287544,1.8908477996770994
CL102086,Individual,Female,United Kingdom,Europe - West,Personal use,No,Agent Referral,5.0,46.0,0,0,0,40-49,5,Cash Home Buyers,-0.6773194158400485,0.13771000223444435
CL102087,Corporate,Not Specified,United Kingdom,Europe - West,Investment,No,Event,3.0,30.0,1,0,1,<30,2,Corporate Investors,2.9003076739126756,0.8274464635520706
CL102088,Corporate,Not Specified,India,South Asia,Investment,No,Property Portal,4.0,62.0,1,0,1,60+,2,Corporate Investors,3.310299624487935,1.7991076027923423
CL102089,Corporate,Not Specified,Germany,Europe - West,Investment,No,Friend/Family,4.0,59.0,1,0,1,50-59,2,Corporate Investors,3.276465414147361,1.7046508618661989
CL102090,Individual,Female,United Kingdom,Europe - West,Investment,No,Agent Referral,4.0,23.0,1,0,0,<30,1,Cash Investors,1.2405580250887716,-2.1322046317713497
CL102091,Individual,Male,Singapore,Southeast Asia,Personal use,No,Social Media,2.0,28.0,0,0,0,<30,5,Cash Home Buyers,-1.042229564322482,-0.35549687461972485
CL102092,Individual,Male,United Arab Emirates,Middle East,Investment,Yes,Property Portal,3.0,39.0,1,1,0,30-39,3,Leveraged Investors,-0.09993777363536954,-1.2319310753076602
CL102093,Individual,Female,United States,North America - West,Personal use,Yes,Property Portal,2.0,56.0,0,1,0,50-59,0,Mortgage Home Buyers,-2.194578702584075,0.89571996034095
CL102094,Individual,Female,Australia,Oceania,Investment,Yes,Friend/Family,4.0,36.0,1,1,0,30-39,3,Leveraged Investors,-0.07855923601740673,-1.3483863429077882
CL102095,Individual,Female,United Kingdom,Europe - West,Personal use,Yes,Social Media,3.0,46.0,0,1,0,40-49,0,Mortgage Home Buyers,-2.2509980652092887,0.5641119423542397
CL102096,Individual,Female,United States,North America - East,Investment,Yes,Website,3.0,41.0,1,1,0,40-49,3,Leveraged Investors,-0.07931474551782626,-1.1724934902190733
CL102097,Corporate,Not Specified,France,Europe - West,Investment,No,Website,3.0,52.0,1,0,1,50-59,2,Corporate Investors,3.14303392044132,1.5080224111446083
CL102098,Individual,Female,United States,North America - East,Investment,Yes,Website,5.0,24.0,1,1,0,<30,3,Leveraged Investors,-0.15684689389204834,-1.7442290567316416
CL102099,Corporate,Not Specified,Canada,North America - East,Investment,No,Agent Referral,4.0,36.0,1,0,1,30-39,2,Corporate Investors,3.022024129928412,0.993223542026541
CL102100,Individual,Male,India,South Asia,Investment,No,Website,5.0,38.0,1,0,0,30-39,1,Cash Investors,1.460936979501619,-1.6924462579521096
CL102101,Individual,Female,United States,North America - East,Investment,No,Agent Referral,4.0,51.0,1,0,0,50-59,1,Cash Investors,1.5501353215685538,-1.2629882571473037
CL102102,Corporate,Not Specified,Singapore,Southeast Asia,Investment,No,Social Media,4.0,49.0,1,0,1,40-49,2,Corporate Investors,3.1654985178527784,1.3963677856270402
CL102103,Corporate,Not Specified,Australia,Oceania,Investment,No,Social Media,4.0,55.0,1,0,1,50-59,2,Corporate Investors,3.231836509955589,1.5826284373321928
CL102104,Individual,Male,United Arab Emirates,Middle East,Investment,Yes,Social Media,4.0,39.0,1,1,0,30-39,3,Leveraged Investors,-0.04579381608923322,-1.2531046737857827
CL102105,Corporate,Not Specified,India,South Asia,Investment,No,Agent Referral,5.0,64.0,1,0,1,60+,2,Corporate Investors,3.386814174366732,1.8404413899766021
CL102106,Individual,Male,India,South Asia,Personal use,Yes,Social Media,4.0,26.0,0,1,0,<30,0,Mortgage Home Buyers,-2.4169119575934532,-0.0787554233369204
CL102107,Corporate,Not Specified,Brazil,Latin America,Personal use,No,Event,2.0,51.0,0,0,1,50-59,4,Corporate Buyers,0.849892073032511,3.079271267004116
CL102108,Individual,Female,United Kingdom,Europe - West,Investment,No,Unknown,5.0,42.0,1,0,0,40-49,1,Cash Investors,1.5056279226689158,-1.5651693950036982
CL102109,Individual,Male,United States,North America - East,Personal use,No,Property Portal,4.0,33.0,0,0,0,30-39,5,Cash Home Buyers,-0.8754536179073312,-0.24510164640926208
CL102110,Individual,Female,France,Europe - West,Personal use,Yes,Agent Referral,4.0,38.0,0,1,0,30-39,0,Mortgage Home Buyers,-2.2839780450894422,0.2941863818340495
CL102111,Individual,Female,France,Europe - West,Personal use,Yes,Social Media,5.0,22.0,0,1,0,<30,0,Mortgage Home Buyers,-2.405924537703456,-0.22492771781434012
CL102112,Individual,Male,United States,North America - West,Investment,No,Social Media,5.0,37.0,1,0,0,30-39,1,Cash Investors,1.4503014929888098,-1.7200154728939758
CL102113,Individual,Male,United Arab Emirates,Middle East,Personal use,Yes,Friend/Family,4.0,53.0,0,1,0,50-59,0,Mortgage Home Buyers,-2.117987417007574,0.7572661660668374
CL102114,Individual,Other,United States,North America - East,Personal use,Yes,Property Portal,3.0,49.0,0,1,0,40-49,0,Mortgage Home Buyers,-2.216760278745483,0.6564173400109541
CL102115,Corporate,Not Specified,Australia,Oceania,Investment,No,Agent Referral,3.0,31.0,1,0,1,30-39,2,Corporate Investors,2.9115297218841993,0.8600048589462315
CL102116,Individual,Male,Canada,North America - East,Investment,Yes,Friend/Family,4.0,43.0,1,1,0,40-49,3,Leveraged Investors,-0.001164911897461229,-1.1310822492517767
CL102117,Individual,Female,United States,North America - West,Investment,No,Property Portal,5.0,32.0,1,0,0,30-39,1,Cash Investors,1.3960886233155352,-1.8760576108441318
CL102118,Individual,Female,United States,North America - West,Personal use,Yes,Property Portal,2.0,59.0,0,1,0,50-59,0,Mortgage Home Buyers,-2.161409706532669,0.9888502861935264
CL102119,Individual,Female,Canada,North America - East,Personal use,Yes,Website,4.0,63.0,0,1,0,60+,0,Mortgage Home Buyers,-2.0082485184637813,1.0663777018358618
CL102120,Individual,Female,Canada,North America - East,Investment,No,Website,4.0,43.0,1,0,0,40-49,1,Cash Investors,1.461005891628757,-1.5152305215238313
CL102121,Individual,Female,United States,North America - West,Personal use,Yes,Property Portal,2.0,70.0,0,1,0,60+,0,Mortgage Home Buyers,-2.0397900543441834,1.330328147652973
CL102122,Individual,Female,Canada,North America - East,Personal use,Yes,Friend/Family,4.0,33.0,0,1,0,30-39,0,Mortgage Home Buyers,-2.339114057350276,0.1363973270496618
CL102123,Individual,Female,United States,North America - West,Personal use,Yes,Event,4.0,28.0,0,1,0,<30,0,Mortgage Home Buyers,-2.3947070812151816,-0.017762991117840504
CL102124,Individual,Female,United Kingdom,Europe - West,Investment,Yes,Agent Referral,4.0,33.0,1,1,0,30-39,3,Leveraged Investors,-0.1118738798936535,-1.4389448237302707
CL102125,Individual,Female,United Kingdom,Europe - West,Investment,No,Property Portal,3.0,39.0,1,0,0,30-39,1,Cash Investors,1.3630574515184064,-1.6147564638401513
CL102126,Corporate,Not Specified,United Kingdom,Europe - West,Investment,No,Property Portal,5.0,53.0,1,0,1,50-59,2,Corporate Investors,3.2660053842922565,1.4977180985606287
CL102127,Corporate,Not Specified,United Kingdom,Europe - West,Investment,Yes,Property Portal,3.0,48.0,1,1,1,40-49,2,Corporate Investors,1.6373030031357305,1.769323330686795
CL102128,Individual,Male,United States,North America - West,Investment,No,Friend/Family,5.0,31.0,1,0,0,30-39,1,Cash Investors,1.384367077009231,-1.9084274678685575
CL102129,Individual,Female,United States,North America - West,Investment,No,Website,4.0,32.0,1,0,0,30-39,1,Cash Investors,1.3393862394402711,-1.8567083829832778
CL102130,Individual,Male,United States,North America - West,Personal use,Yes,Friend/Family,4.0,53.0,0,1,0,50-59,0,Mortgage Home Buyers,-2.117987417007574,0.7572661660668374
CL102131,Individual,Male,India,South Asia,Personal use,Yes,Social Media,4.0,52.0,0,1,0,50-59,0,Mortgage Home Buyers,-2.129447325147941,0.7283740673854079
CL102132,Individual,Female,Brazil,Latin America,Investment,No,Agent Referral,5.0,36.0,1,0,0,30-39,1,Cash Investors,1.4395030892700649,-1.75063841308417
CL102133,Corporate,Not Specified,Australia,Oceania,Investment,Yes,Unknown,5.0,38.0,1,1,1,30-39,2,Corporate Investors,1.636141158063484,1.415345654162084
CL102134,Individual,Male,France,Europe - West,Investment,No,Property Portal,3.0,29.0,1,0,0,<30,1,Cash Investors,1.2524941313470555,-1.925190883348739
CL102135,Individual,Male,France,Europe - West,Personal use,Yes,Website,4.0,60.0,0,1,0,50-59,0,Mortgage Home Buyers,-2.0414175145151865,0.9732473759832854
CL102136,Individual,Male,United Kingdom,Europe - West,Investment,No,Agent Referral,3.0,49.0,1,0,0,40-49,1,Cash Investors,1.4728099095757463,-1.3030766143750367
CL102137,Individual,Female,India,South Asia,Investment,Yes,Social Media,2.0,42.0,1,1,0,40-49,3,Leveraged Investors,-0.12305031595490239,-1.1159772945852373
CL102138,Individual,Male,India,South Asia,Investment,No,Event,3.0,62.0,1,0,0,60+,1,Cash Investors,1.616376509844114,-0.9010268224571746
CL102139,Individual,Male,Singapore,Southeast Asia,Personal use,Yes,Friend/Family,4.0,63.0,0,1,0,60+,0,Mortgage Home Buyers,-2.0074240968362234,1.0677005855754254
CL102140,Corporate,Not Specified,Australia,Oceania,Personal use,No,Agent Referral,5.0,47.0,0,0,1,40-49,4,Corporate Buyers,0.9714707047939709,2.890616872622029
CL102141,Individual,Male,Germany,Europe - West,Investment,No,Website,5.0,40.0,1,0,0,30-39,1,Cash Investors,1.483049643535889,-1.630359374050392
CL102142,Individual,Male,India,South Asia,Personal use,Yes,Agent Referral,4.0,35.0,0,1,0,30-39,0,Mortgage Home Buyers,-2.3171470411408475,0.2010560559814732
CL102143,Individual,Female,Singapore,Southeast Asia,Investment,No,Agent Referral,4.0,37.0,1,0,0,30-39,1,Cash Investors,1.3953466733286626,-1.6975964444593266
CL102144,Individual,Female,United Kingdom,Europe - West,Personal use,No,Property Portal,5.0,24.0,0,0,0,<30,5,Cash Home Buyers,-0.9197478581030097,-0.5464911506409756
CL102145,Corporate,Not Specified,Australia,Oceania,Personal use,No,Agent Referral,5.0,31.0,0,0,1,30-39,4,Corporate Buyers,0.7945693925198095,2.393921801408289
CL102146,Corporate,Not Specified,United States,North America - East,Investment,No,Website,4.0,36.0,1,0,1,30-39,2,Corporate Investors,3.0213453561256958,0.9893288132568835
CL102147,Corporate,Not Specified,Brazil,Latin America,Investment,No,Property Portal,4.0,35.0,1,0,1,30-39,2,Corporate Investors,3.0117786600252874,0.9609346701191553
CL102148,Individual,Male,India,South Asia,Investment,Yes,Website,4.0,23.0,1,1,0,<30,3,Leveraged Investors,-0.22311597386772056,-1.7532739720085158
CL102149,Individual,Female,United States,North America - East,Investment,No,Website,4.0,62.0,1,0,0,60+,1,Cash Investors,1.6710761999543238,-0.9254051244575144
CL102150,Individual,Female,United Arab Emirates,Middle East,Personal use,Yes,Social Media,3.0,32.0,0,1,0,30-39,0,Mortgage Home Buyers,-2.40578671344918,0.12950375504221678
CL102151,Individual,Male,United States,North America - East,Investment,No,Website,4.0,60.0,1,0,0,50-59,1,Cash Investors,1.6489635359200534,-0.9874920083592319
CL102152,Individual,Female,India,South Asia,Personal use,No,Website,4.0,36.0,0,0,0,30-39,5,Cash Home Buyers,-0.8437742577726528,-0.1546206193698164
CL102153,Individual,Male,India,South Asia,Personal use,Yes,Event,3.0,23.0,0,1,0,<30,0,Mortgage Home Buyers,-2.5052014892593943,-0.1509816741981497
CL102154,Individual,Female,United Arab Emirates,Middle East,Investment,Yes,Property Portal,4.0,55.0,1,1,0,50-59,3,Leveraged Investors,0.13217628659732897,-0.757234530767904
CL102155,Corporate,Not Specified,Singapore,Southeast Asia,Investment,No,Friend/Family,4.0,47.0,1,0,1,40-49,2,Corporate Investors,3.14378942994174,1.3321295584558936
CL102156,Individual,Female,United States,North America - West,Personal use,No,Friend/Family,5.0,31.0,0,0,0,30-39,5,Cash Home Buyers,-0.8430187482722333,-0.33051347205853127
CL102157,Corporate,Not Specified,Canada,North America - East,Investment,No,Website,4.0,34.0,1,0,1,30-39,2,Corporate Investors,2.9992326920914256,0.9272419293551658
CL102158,Individual,Female,Germany,Europe - West,Personal use,Yes,Property Portal,4.0,31.0,0,1,0,30-39,0,Mortgage Home Buyers,-2.3605615070953774,0.07563685822151132
CL102159,Individual,Female,United States,North America - West,Personal use,Yes,Social Media,3.0,40.0,0,1,0,30-39,0,Mortgage Home Buyers,-2.317336057312099,0.37785129064908696
CL102160,Individual,Male,Germany,Europe - West,Investment,No,Website,4.0,43.0,1,0,0,40-49,1,Cash Investors,1.461005891628757,-1.5152305215238313
CL102161,Individual,Male,Canada,North America - East,Personal use,Yes,Agent Referral,4.0,37.0,0,1,0,30-39,0,Mortgage Home Buyers,-2.2950343771065773,0.26314293988319076
CL102162,Individual,Female,United Kingdom,Europe - West,Personal use,Yes,Social Media,3.0,23.0,0,1,0,<30,0,Mortgage Home Buyers,-2.505293701603396,-0.14988722251551218
CL102163,Individual,Male,Germany,Europe - West,Investment,Yes,Website,2.0,34.0,1,1,0,30-39,3,Leveraged Investors,-0.21192181759630915,-1.3677990572011003
CL102164,Individual,Female,Singapore,Southeast Asia,Personal use,Yes,Agent Referral,3.0,49.0,0,1,0,40-49,0,Mortgage Home Buyers,-2.2175711408594934,0.6576627699674807
CL102165,Corporate,Not Specified,Canada,North America - East,Investment,No,Agent Referral,4.0,37.0,1,0,1,30-39,2,Corporate Investors,3.033080461945547,1.0242669839773995
CL102166,Individual,Male,Australia,Oceania,Investment,Yes,Social Media,4.0,37.0,1,1,0,30-39,3,Leveraged Investors,-0.06790648012350335,-1.3151915576875004
CL102167,Individual,Female,Germany,Europe - West,Investment,No,Website,3.0,30.0,1,0,0,<30,1,Cash Investors,1.2620608274474636,-1.8967967402110109
CL102168,Individual,Male,United Kingdom,Europe - West,Personal use,Yes,Social Media,4.0,35.0,0,1,0,30-39,0,Mortgage Home Buyers,-2.3174049694392376,0.2006355542208086
CL102169,Corporate,Not Specified,France,Europe - West,Personal use,Yes,Website,4.0,39.0,0,1,1,30-39,4,Corporate Buyers,-0.6358666982581391,3.043198523451977
CL102170,Individual,Female,Germany,Europe - West,Investment,No,Social Media,4.0,28.0,1,0,0,<30,1,Cash Investors,1.2955817568760568,-1.9774079237777205
CL102171,Individual,Male,Canada,North America - East,Personal use,Yes,Agent Referral,3.0,48.0,0,1,0,40-49,0,Mortgage Home Buyers,-2.2286274728766284,0.626619328016622
CL102172,Individual,Female,France,Europe - West,Investment,Yes,Agent Referral,3.0,42.0,1,1,0,40-49,3,Leveraged Investors,-0.06757963969797498,-1.1375553194985573
CL102173,Individual,Male,United States,North America - East,Personal use,Yes,Social Media,4.0,44.0,0,1,0,40-49,0,Mortgage Home Buyers,-2.2178979812850215,0.4800265317785376
CL102174,Individual,Female,United Kingdom,Europe - West,Personal use,Yes,Friend/Family,5.0,33.0,0,1,0,30-39,0,Mortgage Home Buyers,-2.2839013093917386,0.11439880037567726
CL102175,Individual,Male,United Arab Emirates,Middle East,Investment,No,Website,5.0,37.0,1,0,0,30-39,1,Cash Investors,1.4498806474844839,-1.7234896999029685
CL102176,Corporate,Not Specified,Germany,Europe - West,Investment,No,Social Media,3.0,52.0,1,0,1,50-59,2,Corporate Investors,3.143454765945646,1.511496638153601
CL102177,Individual,Female,Singapore,Southeast Asia,Personal use,Yes,Property Portal,3.0,35.0,0,1,0,30-39,0,Mortgage Home Buyers,-2.371548926985374,0.22180915269893098
CL102178,Individual,Male,Canada,North America - East,Investment,No,Agent Referral,2.0,45.0,1,0,0,40-49,1,Cash Investors,1.3733718335486689,-1.4052518555044873
CL102179,Individual,Female,Brazil,Latin America,Investment,No,Social Media,4.0,46.0,1,0,0,40-49,1,Cash Investors,1.4945957331844884,-1.4186259686622622
CL102180,Individual,Male,India,South Asia,Personal use,Yes,Agent Referral,4.0,64.0,0,1,0,60+,0,Mortgage Home Buyers,-1.9965134126439301,1.1013158725563779
CL102181,Individual,Female,Brazil,Latin America,Investment,No,Property Portal,5.0,45.0,1,0,0,40-49,1,Cash Investors,1.5398209395382914,-1.4724928654829676
CL102182,Individual,Male,Singapore,Southeast Asia,Personal use,Yes,Agent Referral,2.0,23.0,0,1,0,<30,0,Mortgage Home Buyers,-2.5602485212635426,-0.12746819408086307
CL102183,Individual,Female,United States,North America - East,Personal use,Yes,Event,3.0,53.0,0,1,0,50-59,0,Mortgage Home Buyers,-2.1735115287453417,0.7803215843276138
CL102184,Individual,Male,France,Europe - West,Investment,No,Friend/Family,4.0,38.0,1,0,0,30-39,1,Cash Investors,1.4065486531706393,-1.6691248475385616
CL102185,Individual,Male,United States,North America - East,Investment,Yes,Social Media,2.0,63.0,1,1,0,60+,3,Leveraged Investors,0.10913265640493448,-0.46406501361720276
CL102186,Corporate,Not Specified,Singapore,Southeast Asia,Investment,No,Agent Referral,4.0,53.0,1,0,1,50-59,2,Corporate Investors,3.2099817742197088,1.52096205519114
CL102187,Individual,Female,United Arab Emirates,Middle East,Investment,No,Social Media,4.0,35.0,1,0,0,30-39,1,Cash Investors,1.3729760809960023,-1.760103830121709
CL102188,Individual,Female,Canada,North America - East,Personal use,Yes,Website,3.0,48.0,0,1,0,40-49,0,Mortgage Home Buyers,-2.2293062466793447,0.6227245992469645
CL102189,Corporate,Not Specified,Australia,Oceania,Investment,No,Agent Referral,4.0,47.0,1,0,1,40-49,2,Corporate Investors,3.1436437821168983,1.3347014034859874
CL102190,Corporate,Not Specified,United States,North America - West,Investment,No,Agent Referral,3.0,57.0,1,0,1,50-59,2,Corporate Investors,3.1989943543297117,1.6671343496685596
CL102191,Individual,Female,United Arab Emirates,Middle East,Personal use,Yes,Friend/Family,5.0,49.0,0,1,0,40-49,0,Mortgage Home Buyers,-2.106999997117577,0.6110938715894179
CL102192,Corporate,Not Specified,India,South Asia,Investment,No,Friend/Family,4.0,48.0,1,0,1,40-49,2,Corporate Investors,3.154845761958875,1.3631730004067524
CL102193,Individual,Male,United States,North America - West,Investment,No,Property Portal,3.0,51.0,1,0,0,50-59,1,Cash Investors,1.4957334357240273,-1.2422351604298458
CL102194,Individual,Female,United Arab Emirates,Middle East,Personal use,No,Agent Referral,3.0,42.0,0,0,0,40-49,5,Cash Home Buyers,-0.8319702398256633,0.0575332877789782
CL102195,Corporate,Not Specified,Singapore,Southeast Asia,Investment,No,Property Portal,4.0,38.0,1,0,1,30-39,2,Corporate Investors,3.0449476560766926,1.0540649959717314
CL102196,Individual,Male,United States,North America - West,Personal use,Yes,Property Portal,5.0,37.0,0,1,0,30-39,0,Mortgage Home Buyers,-2.2390107670340296,0.23989898325267955
CL102197,Individual,Male,France,Europe - West,Investment,Yes,Property Portal,3.0,24.0,1,1,0,<30,3,Leveraged Investors,-0.265782753892396,-1.697582704570542
CL102198,Individual,Female,Canada,North America - East,Personal use,Yes,Friend/Family,4.0,26.0,0,1,0,<30,0,Mortgage Home Buyers,-2.4165083814702215,-0.08090676660634963
CL102199,Individual,Male,United Arab Emirates,Middle East,Personal use,Yes,Agent Referral,3.0,57.0,0,1,0,50-59,0,Mortgage Home Buyers,-2.1291204847224128,0.906010305574351
CL102200,Individual,Male,United States,North America - East,Investment,No,Property Portal,5.0,40.0,1,0,0,30-39,1,Cash Investors,1.484539279452616,-1.6277100752372615
CL102201,Corporate,Not Specified,Australia,Oceania,Personal use,No,Social Media,2.0,46.0,0,0,1,40-49,4,Corporate Buyers,0.794518200602834,2.92514850893246
CL102202,Individual,Male,Australia,Oceania,Investment,No,Friend/Family,5.0,35.0,1,0,0,30-39,1,Cash Investors,1.4285924050777712,-1.7842537000651224
CL102203,Individual,Male,United States,North America - East,Investment,Yes,Agent Referral,4.0,36.0,1,1,0,30-39,3,Leveraged Investors,-0.07870488384224827,-1.3458144978776945
CL102204,Individual,Other,United Kingdom,Europe - West,Investment,No,Website,4.0,33.0,1,0,0,30-39,1,Cash Investors,1.3504425714574062,-1.825664941032419
CL102205,Individual,Male,United Arab Emirates,Middle East,Personal use,Yes,Agent Referral,4.0,46.0,0,1,0,40-49,0,Mortgage Home Buyers,-2.195527388952361,0.5425339174409199
CL102206,Individual,Male,India,South Asia,Personal use,Yes,Social Media,4.0,40.0,0,1,0,30-39,0,Mortgage Home Buyers,-2.262123309353562,0.35585276397510246
CL102207,Corporate,Not Specified,Germany,Europe - West,Personal use,No,Agent Referral,4.0,66.0,0,0,1,60+,4,Corporate Buyers,1.1263282651610005,3.5024407963623303
CL102208,Individual,Female,United States,North America - East,Personal use,Yes,Property Portal,4.0,44.0,0,1,0,40-49,0,Mortgage Home Buyers,-2.216829190872621,0.4792016035826755
CL102209,Individual,Female,United States,North America - West,Investment,Yes,Website,4.0,37.0,1,1,0,30-39,3,Leveraged Investors,-0.06832732562782941,-1.318665784696493
CL102210,Individual,Female,Brazil,Latin America,Personal use,No,Website,3.0,25.0,0,0,0,<30,5,Cash Home Buyers,-1.020606657919676,-0.4740999541552785
CL102211,Individual,Female,Germany,Europe - West,Personal use,No,Agent Referral,5.0,24.0,0,0,0,<30,5,Cash Home Buyers,-0.9205587202170203,-0.545245720684449
CL102212,Individual,Female,Singapore,Southeast Asia,Personal use,No,Website,4.0,74.0,0,0,0,60+,5,Cash Home Buyers,-0.42363364112151947,1.0250301747628172
CL102213,Individual,Female,France,Europe - West,Personal use,Yes,Agent Referral,4.0,58.0,0,1,0,50-59,0,Mortgage Home Buyers,-2.0628514047467403,0.9150552208512251
CL102214,Individual,Female,Australia,Oceania,Personal use,Yes,Friend/Family,5.0,56.0,0,1,0,50-59,0,Mortgage Home Buyers,-2.0296056729976315,0.8283979652454292
CL102215,Individual,Female,United States,North America - West,Investment,Yes,Event,3.0,34.0,1,1,0,30-39,3,Leveraged Investors,-0.1561960117894442,-1.3874178085487294
CL102216,Corporate,Not Specified,United States,North America - West,Personal use,No,Agent Referral,5.0,63.0,0,0,1,60+,4,Corporate Buyers,1.1483720170681324,3.3873119438357695
CL102217,Individual,Female,Australia,Oceania,Personal use,Yes,Agent Referral,4.0,33.0,0,1,0,30-39,0,Mortgage Home Buyers,-2.3392597051751176,0.13896917207975562
CL102218,Individual,Female,Australia,Oceania,Personal use,Yes,Friend/Family,3.0,26.0,0,1,0,<30,0,Mortgage Home Buyers,-2.471721129428759,-0.058908239932365165
CL102219,Individual,Male,United Kingdom,Europe - West,Investment,Yes,Agent Referral,4.0,34.0,1,1,0,30-39,3,Leveraged Investors,-0.10081754787651842,-1.407901381779412
CL102220,Individual,Female,United Kingdom,Europe - West,Investment,Yes,Friend/Family,4.0,56.0,1,1,0,50-59,3,Leveraged Investors,0.14256740432529494,-0.7275175038906125
CL102221,Corporate,Not Specified,Germany,Europe - West,Personal use,Yes,Social Media,3.0,39.0,0,1,1,30-39,4,Corporate Buyers,-0.6906586007123503,3.0686712771349547
CL102222,Individual,Male,Germany,Europe - West,Personal use,Yes,Property Portal,3.0,30.0,0,1,0,<30,0,Mortgage Home Buyers,-2.42683058707105,0.06659194294463709
CL102223,Individual,Female,United States,North America - East,Personal use,No,Website,3.0,38.0,0,0,0,30-39,5,Cash Home Buyers,-0.8768743416969198,-0.07053520879411435
CL102224,Individual,Male,Australia,Oceania,Personal use,No,Event,4.0,49.0,0,0,0,40-49,5,Cash Home Buyers,-0.699528883701569,0.251323901317703
CL102225,Corporate,Not Specified,Canada,North America - East,Investment,No,Event,5.0,63.0,1,0,1,60+,2,Corporate Investors,3.3755921263952082,1.8078829945824413
CL102226,Individual,Male,India,South Asia,Personal use,Yes,Website,4.0,41.0,0,1,0,40-49,0,Mortgage Home Buyers,-2.251487822840753,0.38342197891696844
CL102227,Individual,Female,United States,North America - East,Investment,No,Social Media,3.0,46.0,1,0,0,40-49,1,Cash Investors,1.439382985225951,-1.3966274419882776
CL102228,Individual,Male,United States,North America - West,Investment,Yes,Agent Referral,4.0,46.0,1,1,0,40-49,3,Leveraged Investors,0.03185843632910267,-1.0353800783691065
CL102229,Individual,Female,United Arab Emirates,Middle East,Investment,No,Agent Referral,4.0,43.0,1,0,0,40-49,1,Cash Investors,1.461684665431473,-1.511335792754174
CL102230,Corporate,Not Specified,United Kingdom,Europe - West,Investment,No,Event,4.0,34.0,1,0,1,30-39,2,Corporate Investors,2.9997457499397533,0.9296217046815212
CL102231,Individual,Female,United Arab Emirates,Middle East,Personal use,Yes,Website,3.0,34.0,0,1,0,30-39,0,Mortgage Home Buyers,-2.3840948949192358,0.18811641193494152
CL102232,Individual,Female,United States,North America - East,Personal use,Yes,Agent Referral,3.0,29.0,0,1,0,<30,0,Mortgage Home Buyers,-2.4386977812021953,0.03679393095030508
CL102233,Individual,Female,Australia,Oceania,Investment,Yes,Website,4.0,23.0,1,1,0,<30,3,Leveraged Investors,-0.22311597386772056,-1.7532739720085158
CL102234,Corporate,Not Specified,India,South Asia,Investment,No,Social Media,4.0,61.0,1,0,1,60+,2,Corporate Investors,3.2981745020583992,1.7688890890373457
CL102235,Individual,Female,Singapore,Southeast Asia,Investment,No,Property Portal,4.0,50.0,1,0,0,40-49,1,Cash Investors,1.5398898516654296,-1.2952771290546892
CL102236,Individual,Female,United States,North America - West,Personal use,Yes,Social Media,3.0,25.0,0,1,0,<30,0,Mortgage Home Buyers,-2.4831810375691257,-0.08780033861379463
CL102237,Corporate,Not Specified,United Kingdom,Europe - West,Investment,No,Friend/Family,5.0,36.0,1,0,1,30-39,2,Corporate Investors,3.077382525711791,0.9686531703224625
CL102238,Individual,Male,United Kingdom,Europe - West,Personal use,Yes,Website,4.0,50.0,0,1,0,40-49,0,Mortgage Home Buyers,-2.1519808346865372,0.6628129564746974
CL102239,Corporate,Not Specified,France,Europe - West,Investment,No,Friend/Family,4.0,45.0,1,0,1,40-49,2,Corporate Investors,3.12167676590747,1.270042674554176
CL102240,Individual,Male,United Kingdom,Europe - West,Investment,Yes,Agent Referral,3.0,39.0,1,1,0,30-39,3,Leveraged Investors,-0.1007486357493802,-1.2306856453511335
CL102241,Individual,Female,United States,North America - East,Investment,Yes,Social Media,4.0,59.0,1,1,0,50-59,3,Leveraged Investors,0.17533282425346847,-0.6322358347686069
CL102242,Individual,Male,United Kingdom,Europe - West,Investment,No,Social Media,4.0,48.0,1,0,0,40-49,1,Cash Investors,1.5167083972187585,-1.3565390847605447
CL102243,Individual,Female,Canada,North America - East,Personal use,Yes,Event,4.0,22.0,0,1,0,<30,0,Mortgage Home Buyers,-2.461045073317992,-0.20402364282299304
CL102244,Individual,Male,United Kingdom,Europe - West,Investment,Yes,Friend/Family,3.0,49.0,1,1,0,40-49,3,Leveraged Investors,0.009960332246812066,-0.9228230708726395
CL102245,Individual,Female,United States,North America - East,Investment,No,Friend/Family,5.0,33.0,1,0,0,30-39,1,Cash Investors,1.406479741043501,-1.84634058396684
CL102246,Corporate,Not Specified,Canada,North America - East,Investment,No,Agent Referral,5.0,35.0,1,0,1,30-39,2,Corporate Investors,3.0661805458698144,0.9401815734016976
CL102247,Individual,Male,United Arab Emirates,Middle East,Investment,No,Website,5.0,33.0,1,0,0,30-39,1,Cash Investors,1.4056553194159433,-1.8476634677064037
CL102248,Individual,Male,United Kingdom,Europe - West,Investment,No,Social Media,4.0,40.0,1,0,0,30-39,1,Cash Investors,1.4282577410816777,-1.6048866203674148
CL102249,Individual,Male,United Kingdom,Europe - West,Investment,No,Friend/Family,4.0,36.0,1,0,0,30-39,1,Cash Investors,1.3844359891363691,-1.731211731440279
CL102250,Individual,Female,France,Europe - West,Personal use,No,Friend/Family,4.0,41.0,0,0,0,40-49,5,Cash Home Buyers,-0.7876681760594195,0.001919474124041132
CL102251,Individual,Female,India,South Asia,Personal use,Yes,Social Media,5.0,34.0,0,1,0,30-39,0,Mortgage Home Buyers,-2.2732485534978353,0.14759358559596525
CL102252,Corporate,Not Specified,United Kingdom,Europe - West,Investment,No,Agent Referral,4.0,48.0,1,0,1,40-49,2,Corporate Investors,3.1547001141340334,1.3657448454368462
CL102253,Individual,Female,United Arab Emirates,Middle East,Personal use,Yes,Agent Referral,3.0,28.0,0,1,0,<30,0,Mortgage Home Buyers,-2.4497541132193303,0.005750488999446236
CL102254,Individual,Male,Brazil,Latin America,Personal use,Yes,Website,3.0,46.0,0,1,0,40-49,0,Mortgage Home Buyers,-2.251418910713615,0.5606377153452469
CL102255,Individual,Male,France,Europe - West,Investment,No,Friend/Family,3.0,43.0,1,0,0,40-49,1,Cash Investors,1.4066175652977775,-1.4919091111102831
CL102256,Individual,Female,Australia,Oceania,Investment,Yes,Event,5.0,23.0,1,1,0,<30,3,Leveraged Investors,-0.1673901680608556,-1.7728927233561451
CL102257,Corporate,Not Specified,India,South Asia,Investment,No,Social Media,3.0,38.0,1,0,1,30-39,2,Corporate Investors,2.988666117705755,1.0768884508415781
CL102258,Individual,Female,United States,North America - West,Investment,No,Friend/Family,3.0,39.0,1,0,0,30-39,1,Cash Investors,1.3623922372292372,-1.6160828789137183
CL102259,Individual,Male,Germany,Europe - West,Personal use,No,Friend/Family,4.0,42.0,0,0,0,40-49,5,Cash Home Buyers,-0.7766118440422844,0.032962916074899866
CL102260,Individual,Male,India,South Asia,Personal use,Yes,Website,5.0,50.0,0,1,0,40-49,0,Mortgage Home Buyers,-2.0967680867280003,0.640814429800713
CL102261,Individual,Female,Brazil,Latin America,Personal use,Yes,Website,4.0,44.0,0,1,0,40-49,0,Mortgage Home Buyers,-2.2183188267893477,0.47655230476954474
CL102262,Individual,Male,Germany,Europe - West,Personal use,Yes,Agent Referral,5.0,53.0,0,1,0,50-59,0,Mortgage Home Buyers,-2.0629203168738783,0.7378394844229469
CL102263,Corporate,Not Specified,United States,North America - East,Personal use,No,Property Portal,4.0,39.0,0,0,1,30-39,4,Corporate Buyers,0.8286181628123636,2.663022433732617
CL102264,Corporate,Not Specified,United Arab Emirates,Middle East,Investment,No,Website,4.0,44.0,1,0,1,40-49,2,Corporate Investors,3.109796012262777,1.2376763488637537
CL102265,Individual,Female,United States,North America - East,Investment,No,Social Media,5.0,43.0,1,0,0,40-49,1,Cash Investors,1.5166394850916203,-1.533754821188823
CL102266,Individual,Male,India,South Asia,Personal use,No,Agent Referral,3.0,46.0,0,0,0,40-49,5,Cash Home Buyers,-0.787744911757123,0.18170705558241335
CL102267,Individual,Male,France,Europe - West,Personal use,Yes,Friend/Family,2.0,46.0,0,1,0,40-49,0,Mortgage Home Buyers,-2.3058072370445943,0.583959125758795
CL102268,Individual,Female,India,South Asia,Investment,Yes,Agent Referral,5.0,54.0,1,1,0,50-59,3,Leveraged Investors,0.1755218404247206,-0.8090310694362207
CL102269,Individual,Male,Singapore,Southeast Asia,Investment,No,Event,4.0,49.0,1,0,0,40-49,1,Cash Investors,1.5278569415798953,-1.3265900944923232
CL102270,Individual,Male,United Arab Emirates,Middle East,Investment,Yes,Agent Referral,5.0,37.0,1,1,0,30-39,3,Leveraged Investors,-0.012435803866575841,-1.3367695826008201
CL102271,Individual,Male,United Arab Emirates,Middle East,Personal use,Yes,Property Portal,3.0,33.0,0,1,0,30-39,0,Mortgage Home Buyers,-2.393661591019644,0.1597222687972134
CL102272,Individual,Female,India,South Asia,Investment,No,Social Media,5.0,40.0,1,0,0,30-39,1,Cash Investors,1.483470489040215,-1.6268851470413994
CL102273,Individual,Female,Singapore,Southeast Asia,Investment,No,Agent Referral,5.0,33.0,1,0,0,30-39,1,Cash Investors,1.4063340932186594,-1.8437687389367463
CL102274,Individual,Male,Singapore,Southeast Asia,Investment,Yes,Friend/Family,4.0,29.0,1,1,0,<30,3,Leveraged Investors,-0.15595356013735237,-1.5656904365637996
CL102275,Individual,Male,United States,North America - West,Personal use,Yes,Social Media,4.0,23.0,0,1,0,<30,0,Mortgage Home Buyers,-2.4500809536448585,-0.17188574918949667
CL102276,Individual,Female,United Arab Emirates,Middle East,Personal use,No,Website,4.0,24.0,0,0,0,<30,5,Cash Home Buyers,-0.9764502419782739,-0.5271419227801218
CL102277,Individual,Female,United States,North America - East,Personal use,Yes,Friend/Family,3.0,63.0,0,1,0,60+,0,Mortgage Home Buyers,-2.0626368447947607,1.0896991122494097
CL102278,Corporate,Not Specified,Singapore,Southeast Asia,Personal use,No,Social Media,4.0,56.0,0,0,1,50-59,4,Corporate Buyers,1.0155070166912594,3.1915858750930783
CL102279,Individual,Male,United Arab Emirates,Middle East,Investment,No,Social Media,4.0,62.0,1,0,0,60+,1,Cash Investors,1.6714970454586497,-0.9219308974485216
CL102280,Individual,Female,Germany,Europe - West,Personal use,Yes,Friend/Family,3.0,45.0,0,1,0,40-49,0,Mortgage Home Buyers,-2.261650821103192,0.5309171571339517
CL102281,Individual,Female,United States,North America - East,Personal use,No,Friend/Family,3.0,41.0,0,0,0,40-49,5,Cash Home Buyers,-0.8428809240179569,0.02391800079802563
CL102282,Individual,Female,United Kingdom,Europe - West,Personal use,Yes,Agent Referral,4.0,25.0,0,1,0,<30,0,Mortgage Home Buyers,-2.427710361312198,-0.10937836352711452
CL102283,Individual,Male,India,South Asia,Personal use,No,Agent Referral,5.0,42.0,0,0,0,40-49,5,Cash Home Buyers,-0.7215447439085888,0.013536234431009197
CL102284,Individual,Female,United States,North America - West,Personal use,No,Agent Referral,5.0,62.0,0,0,0,60+,5,Cash Home Buyers,-0.500418103565887,0.6344050734481846
CL102285,Individual,Male,United States,North America - East,Investment,No,Social Media,4.0,58.0,1,0,0,50-59,1,Cash Investors,1.6272717173901092,-1.046104665251957
CL102286,Individual,Male,Australia,Oceania,Investment,No,Agent Referral,5.0,44.0,1,0,0,40-49,1,Cash Investors,1.5279537454071455,-1.5022908774772996
CL102287,Individual,Male,India,South Asia,Personal use,Yes,Website,4.0,28.0,0,1,0,<30,0,Mortgage Home Buyers,-2.3952201390635093,-0.02014276644419581
CL102288,Individual,Female,United States,North America - East,Personal use,No,Property Portal,4.0,30.0,0,0,0,<30,5,Cash Home Buyers,-0.9086226139587364,-0.33823197226183843
CL102289,Individual,Male,United Kingdom,Europe - West,Personal use,Yes,Agent Referral,2.0,32.0,0,1,0,30-39,0,Mortgage Home Buyers,-2.460741533109327,0.151922783476866
CL102290,Individual,Female,Brazil,Latin America,Investment,Yes,Website,5.0,56.0,1,1,0,50-59,3,Leveraged Investors,0.19695573065627456,-0.7508389143041606
CL102291,Individual,Male,India,South Asia,Personal use,No,Property Portal,3.0,59.0,0,0,0,50-59,5,Cash Home Buyers,-0.6432017334203562,0.5840263709870508
CL102292,Individual,Male,United Arab Emirates,Middle East,Personal use,Yes,Friend/Family,3.0,44.0,0,1,0,40-49,0,Mortgage Home Buyers,-2.272707153120327,0.499873715183093
CL102293,Individual,Male,United Kingdom,Europe - West,Personal use,No,Friend/Family,3.0,37.0,0,0,0,30-39,5,Cash Home Buyers,-0.8871062520864972,-0.10025576700540959
CL102294,Individual,Female,United Kingdom,Europe - West,Personal use,Yes,Agent Referral,5.0,59.0,0,1,0,50-59,0,Mortgage Home Buyers,-1.9965823247710683,0.9241001361280995
CL102295,Individual,Male,United States,North America - East,Personal use,Yes,Social Media,4.0,30.0,0,1,0,<30,0,Mortgage Home Buyers,-2.372686629524913,0.04541834446651471
CL102296,Individual,Male,India,South Asia,Investment,No,Property Portal,3.0,41.0,1,0,0,40-49,1,Cash Investors,1.3851701155526766,-1.5526695799384336
CL102297,Individual,Male,United States,North America - East,Personal use,No,Agent Referral,4.0,47.0,0,0,0,40-49,5,Cash Home Buyers,-0.7214758317814506,0.19075197085928758
CL102298,Individual,Male,United States,North America - East,Personal use,Yes,Website,4.0,32.0,0,1,0,30-39,0,Mortgage Home Buyers,-2.350994810994969,0.10403100135923943
CL102299,Individual,Female,India,South Asia,Personal use,Yes,Website,4.0,35.0,0,1,0,30-39,0,Mortgage Home Buyers,-2.3178258149435638,0.19716132721181576
CL102300,Individual,Male,Australia,Oceania,Personal use,No,Property Portal,4.0,34.0,0,0,0,30-39,5,Cash Home Buyers,-0.8643972858901962,-0.21405820445840334
CL102301,Individual,Male,India,South Asia,Investment,No,Agent Referral,3.0,57.0,1,0,0,50-59,1,Cash Investors,1.5612605657128271,-1.0547290787681665
CL102302,Corporate,Not Specified,Germany,Europe - West,Investment,Yes,Social Media,4.0,65.0,1,1,1,60+,2,Corporate Investors,1.8794046049731634,2.2758882453732725
CL102303,Corporate,Not Specified,France,Europe - West,Investment,No,Social Media,3.0,39.0,1,0,1,30-39,2,Corporate Investors,2.9997224497228903,1.1079318927924369
CL102304,Individual,Male,Germany,Europe - West,Investment,No,Event,5.0,39.0,1,0,0,30-39,1,Cash Investors,1.4725063693670817,-1.6590230406748956
CL102305,Individual,Male,United Kingdom,Europe - West,Personal use,Yes,Agent Referral,4.0,34.0,0,1,0,30-39,0,Mortgage Home Buyers,-2.3282033731579825,0.17001261403061435
CL102306,Individual,Male,France,Europe - West,Investment,Yes,Social Media,3.0,42.0,1,1,0,40-49,3,Leveraged Investors,-0.06783756799636513,-1.137975821259222
CL102307,Individual,Female,Germany,Europe - West,Investment,No,Event,4.0,34.0,1,0,0,30-39,1,Cash Investors,1.362011961322869,-1.792241723755205
CL102308,Individual,Male,United Arab Emirates,Middle East,Personal use,Yes,Agent Referral,4.0,40.0,0,1,0,30-39,0,Mortgage Home Buyers,-2.261865381055172,0.35627326573576706
CL102309,Individual,Male,Australia,Oceania,Investment,No,Social Media,4.0,46.0,1,0,0,40-49,1,Cash Investors,1.4945957331844884,-1.4186259686622622
CL102310,Individual,Female,Brazil,Latin America,Personal use,Yes,Website,4.0,37.0,0,1,0,30-39,0,Mortgage Home Buyers,-2.2957131509092936,0.2592482111135333
CL102311,Corporate,Not Specified,United States,North America - West,Personal use,No,Agent Referral,5.0,62.0,0,0,1,60+,4,Corporate Buyers,1.1373156850509973,3.3562685018849105
CL102312,Individual,Female,United Kingdom,Europe - West,Personal use,Yes,Website,5.0,39.0,0,1,0,30-39,0,Mortgage Home Buyers,-2.218387738916486,0.2993365683412664
CL102313,Individual,Other,United States,North America - East,Investment,No,Agent Referral,5.0,38.0,1,0,0,30-39,1,Cash Investors,1.461615753304335,-1.6885515291824522
CL102314,Individual,Male,United Kingdom,Europe - West,Investment,Yes,Agent Referral,4.0,36.0,1,1,0,30-39,3,Leveraged Investors,-0.07870488384224827,-1.3458144978776945
CL102315,Individual,Male,United Kingdom,Europe - West,Personal use,No,Property Portal,3.0,50.0,0,0,0,40-49,5,Cash Home Buyers,-0.7427087215745719,0.3046353934293218
CL102316,Individual,Male,United States,North America - East,Investment,No,Unknown,4.0,22.0,1,0,0,<30,1,Cash Investors,1.2292885343676767,-2.1640397073468893
CL102317,Corporate,Not Specified,India,South Asia,Personal use,Yes,Agent Referral,4.0,56.0,0,1,1,50-59,4,Corporate Buyers,-0.4472302801641264,3.5748317653862336
CL102318,Corporate,Not Specified,France,Europe - West,Personal use,No,Friend/Family,4.0,58.0,0,0,1,50-59,4,Corporate Buyers,1.0380232568487613,3.2515214157253665
CL102319,Individual,Female,Australia,Oceania,Investment,No,Event,1.0,48.0,1,0,0,40-49,1,Cash Investors,1.3511623656871483,-1.2916379564212286
CL102320,Individual,Male,United States,North America - East,Personal use,Yes,Agent Referral,4.0,49.0,0,1,0,40-49,0,Mortgage Home Buyers,-2.162358392900956,0.6356642432934961
CL102321,Individual,Male,United States,North America - East,Personal use,No,Website,3.0,34.0,0,0,0,30-39,5,Cash Home Buyers,-0.9210996697654601,-0.19470897659754946
CL102322,Individual,Male,Germany,Europe - West,Personal use,Yes,Website,4.0,31.0,0,1,0,30-39,0,Mortgage Home Buyers,-2.362051143012104,0.07298755940838059
CL102323,Individual,Other,United States,North America - West,Investment,No,Property Portal,5.0,30.0,1,0,0,<30,1,Cash Investors,1.373975959281265,-1.9381444947458493
CL102324,Individual,Female,Canada,North America - East,Personal use,No,Property Portal,4.0,39.0,0,0,0,30-39,5,Cash Home Buyers,-0.8091156258045208,-0.058840994704109306
CL102325,Individual,Male,Brazil,Latin America,Investment,Yes,Social Media,4.0,48.0,1,1,0,40-49,3,Leveraged Investors,0.05371317206498266,-0.9737136962280536
CL102326,Individual,Female,United States,North America - East,Personal use,Yes,Website,4.0,35.0,0,1,0,30-39,0,Mortgage Home Buyers,-2.3178258149435638,0.19716132721181576
CL102327,Individual,Male,United States,North America - East,Personal use,Yes,Social Media,4.0,47.0,0,1,0,40-49,0,Mortgage Home Buyers,-2.1847289852336162,0.573156857631114
CL102328,Corporate,Not Specified,United Arab Emirates,Middle East,Investment,No,Friend/Family,4.0,59.0,1,0,1,50-59,2,Corporate Investors,3.276465414147361,1.7046508618661989
CL102329,Individual,Female,France,Europe - West,Personal use,Yes,Agent Referral,3.0,37.0,0,1,0,30-39,0,Mortgage Home Buyers,-2.3502471250651142,0.28514146655717526
CL102330,Corporate,Not Specified,United Arab Emirates,Middle East,Investment,No,Website,3.0,61.0,1,0,1,60+,2,Corporate Investors,3.2425409085955357,1.7874133887023376
CL102331,Individual,Male,United Kingdom,Europe - West,Personal use,Yes,Agent Referral,5.0,39.0,0,1,0,30-39,0,Mortgage Home Buyers,-2.21770896511377,0.30323129711092384
CL102332,Corporate,Not Specified,Singapore,Southeast Asia,Investment,No,Friend/Family,4.0,48.0,1,0,1,40-49,2,Corporate Investors,3.154845761958875,1.3631730004067524
CL102333,Individual,Other,United States,North America - East,Personal use,Yes,Event,4.0,34.0,0,1,0,30-39,0,Mortgage Home Buyers,-2.328369089112371,0.16849766058731222
CL102334,Individual,Male,Germany,Europe - West,Investment,No,Website,4.0,23.0,1,0,0,<30,1,Cash Investors,1.2398792512860555,-2.136099360541007
CL102335,Individual,Male,India,South Asia,Personal use,Yes,Property Portal,4.0,29.0,0,1,0,<30,0,Mortgage Home Buyers,-2.3826741711296475,0.013549974319793764
CL102336,Corporate,Not Specified,Singapore,Southeast Asia,Investment,No,Social Media,3.0,62.0,1,0,1,60+,2,Corporate Investors,3.254018086116997,1.821931057662189
CL102337,Individual,Female,United Kingdom,Europe - West,Personal use,Yes,Friend/Family,4.0,35.0,0,1,0,30-39,0,Mortgage Home Buyers,-2.317001393316006,0.19848421095137936
CL102338,Individual,Female,United Arab Emirates,Middle East,Personal use,Yes,Property Portal,4.0,36.0,0,1,0,30-39,0,Mortgage Home Buyers,-2.305279847009702,0.23085406797580532
CL102339,Individual,Female,United States,North America - East,Personal use,No,Social Media,5.0,22.0,0,0,0,<30,5,Cash Home Buyers,-0.9429293125496807,-0.6077531063468312
CL102340,Individual,Female,United States,North America - East,Personal use,Yes,Website,5.0,23.0,0,1,0,<30,0,Mortgage Home Buyers,-2.3952890511906473,-0.1973585028724741
CL102341,Corporate,Not Specified,United States,North America - West,Investment,No,Agent Referral,5.0,59.0,1,0,1,50-59,2,Corporate Investors,3.3315325142810566,1.6852241802223082
CL102342,Individual,Female,India,South Asia,Investment,Yes,Property Portal,3.0,47.0,1,1,0,40-49,3,Leveraged Investors,-0.011487117498288962,-0.9835835397007898
CL102343,Individual,Female,United Kingdom,Europe - West,Personal use,Yes,Social Media,3.0,26.0,0,1,0,<30,0,Mortgage Home Buyers,-2.4721247055519906,-0.056756896662935936
CL102344,Individual,Female,India,South Asia,Personal use,No,Agent Referral,3.0,34.0,0,0,0,30-39,5,Cash Home Buyers,-0.9204208959627439,-0.19081424782789203
CL102345,Individual,Male,United States,North America - West,Personal use,Yes,Social Media,3.0,40.0,0,1,0,30-39,0,Mortgage Home Buyers,-2.317336057312099,0.37785129064908696
CL102346,Individual,Male,Singapore,Southeast Asia,Investment,No,Agent Referral,2.0,27.0,1,0,0,<30,1,Cash Investors,1.1743578572402373,-1.9640338106199453
CL102347,Individual,Female,Singapore,Southeast Asia,Investment,Yes,Agent Referral,3.0,22.0,1,1,0,<30,3,Leveraged Investors,-0.2887062800406768,-1.7584241585157327
CL102348,Individual,Male,United States,North America - East,Investment,No,Property Portal,4.0,39.0,1,0,0,30-39,1,Cash Investors,1.4182701994769435,-1.6367549905141359
CL102349,Individual,Male,United States,North America - West,Investment,No,Agent Referral,4.0,48.0,1,0,0,40-49,1,Cash Investors,1.5169663255171486,-1.35611858299988
CL102350,Corporate,Not Specified,United States,North America - East,Investment,Yes,Agent Referral,4.0,48.0,1,1,1,40-49,2,Corporate Investors,1.691704888980257,1.7485702339693372
CL102351,Individual,Male,Singapore,Southeast Asia,Investment,Yes,Agent Referral,3.0,50.0,1,1,0,40-49,3,Leveraged Investors,0.0208710164391056,-0.8892077838916868
CL102352,Individual,Male,Canada,North America - East,Personal use,No,Property Portal,4.0,24.0,0,0,0,<30,5,Cash Home Buyers,-0.9749606060615471,-0.524492623966991
CL102353,Individual,Male,France,Europe - West,Personal use,Yes,Website,4.0,42.0,0,1,0,40-49,0,Mortgage Home Buyers,-2.240431490823618,0.4144654208678272
CL102354,Corporate,Not Specified,Germany,Europe - West,Investment,No,Website,4.0,56.0,1,0,1,50-59,2,Corporate Investors,3.2424719964683977,1.610197652274059
CL102355,Individual,Female,India,South Asia,Personal use,No,Agent Referral,2.0,41.0,0,0,0,40-49,5,Cash Home Buyers,-0.8982393198013355,0.048488372502103964
CL102356,Individual,Male,France,Europe - West,Investment,No,Website,4.0,38.0,1,0,0,30-39,1,Cash Investors,1.4057242315430816,-1.6704477312781252
CL102357,Individual,Male,France,Europe - West,Personal use,No,Website,4.0,34.0,0,0,0,30-39,5,Cash Home Buyers,-0.865886921806923,-0.21670750327153407
CL102358,Corporate,Not Specified,Brazil,Latin America,Investment,No,Website,4.0,40.0,1,0,1,30-39,2,Corporate Investors,3.065570684194236,1.1135025810603185
CL102359,Corporate,Not Specified,United States,North America - East,Investment,No,Website,4.0,52.0,1,0,1,50-59,2,Corporate Investors,3.1982466683998574,1.486023884470624
CL102360,Individual,Male,Singapore,Southeast Asia,Investment,No,Friend/Family,4.0,45.0,1,0,0,40-49,1,Cash Investors,1.483942977290585,-1.45182075388255
CL102361,Corporate,Not Specified,United States,North America - West,Investment,No,Website,4.0,65.0,1,0,1,60+,2,Corporate Investors,3.3419789846226133,1.889588629831788
CL102362,Individual,Female,Germany,Europe - West,Investment,No,Agent Referral,5.0,47.0,1,0,0,40-49,1,Cash Investors,1.5611227414585507,-1.4091605516247232
CL102363,Individual,Male,Australia,Oceania,Investment,No,Friend/Family,3.0,37.0,1,0,0,30-39,1,Cash Investors,1.340279573194967,-1.6781697628154357
CL102364,Individual,Male,United Arab Emirates,Middle East,Personal use,Yes,Website,3.0,36.0,0,1,0,30-39,0,Mortgage Home Buyers,-2.3619822308849656,0.25020329583665907
CL102365,Individual,Male,India,South Asia,Investment,No,Agent Referral,5.0,32.0,1,0,0,30-39,1,Cash Investors,1.3952777612015244,-1.874812180887605
CL102366,Individual,Male,Canada,North America - East,Personal use,Yes,Event,4.0,46.0,0,1,0,40-49,0,Mortgage Home Buyers,-2.19569310490675,0.5410189639976178
CL102367,Corporate,Not Specified,Germany,Europe - West,Investment,No,Social Media,4.0,31.0,1,0,1,30-39,2,Corporate Investors,2.9664845415443466,0.8375858305115822
CL102368,Corporate,Not Specified,United Kingdom,Europe - West,Investment,No,Friend/Family,4.0,56.0,1,0,1,50-59,2,Corporate Investors,3.2432964180959556,1.6115205360136227
CL102369,Individual,Male,France,Europe - West,Investment,Yes,Social Media,3.0,53.0,1,1,0,50-59,3,Leveraged Investors,0.05378208419212088,-0.7964979597997751
CL102370,Individual,Male,Germany,Europe - West,Investment,Yes,Event,4.0,39.0,1,1,0,30-39,3,Leveraged Investors,-0.04570160374523157,-1.2541991254684202
CL102371,Individual,Female,United Kingdom,Europe - West,Personal use,No,Website,4.0,40.0,0,0,0,30-39,5,Cash Home Buyers,-0.7995489297041125,-0.030446851566381314
CL102372,Individual,Male,United Kingdom,Europe - West,Investment,No,Website,4.0,48.0,1,0,0,40-49,1,Cash Investors,1.5162875517144325,-1.3600133117695374
CL102373,Corporate,Not Specified,Canada,North America - East,Personal use,No,Property Portal,5.0,45.0,0,0,1,40-49,4,Corporate Buyers,0.9501689028737114,2.827284558763785
CL102374,Individual,Female,United Kingdom,Europe - West,Investment,No,Website,3.0,36.0,1,0,0,30-39,1,Cash Investors,1.3283988195502743,-1.7105360885058583
CL102375,Individual,Male,United States,North America - West,Investment,No,Social Media,5.0,44.0,1,0,0,40-49,1,Cash Investors,1.5276958171087553,-1.5027113792379643
CL102376,Individual,Male,Singapore,Southeast Asia,Investment,No,Website,3.0,24.0,1,0,0,<30,1,Cash Investors,1.1957228353446532,-2.0830573919161637
CL102377,Corporate,Not Specified,United Arab Emirates,Middle East,Investment,Yes,Unknown,4.0,54.0,1,1,1,50-59,2,Corporate Investors,1.757829722379108,1.9340392520498089
CL102378,Corporate,Not Specified,United States,North America - East,Investment,No,Friend/Family,3.0,33.0,1,0,1,30-39,2,Corporate Investors,2.9337880337433115,0.919519897817855
CL102379,Individual,Female,India,South Asia,Personal use,Yes,Social Media,4.0,50.0,0,1,0,40-49,0,Mortgage Home Buyers,-2.151559989182211,0.6662871834836902
CL102380,Individual,Male,Singapore,Southeast Asia,Investment,Yes,Social Media,4.0,48.0,1,1,0,40-49,3,Leveraged Investors,0.05371317206498266,-0.9737136962280536
CL102381,Individual,Female,Canada,North America - East,Investment,No,Website,4.0,45.0,1,0,0,40-49,1,Cash Investors,1.4831185556630273,-1.4531436376221136
CL102382,Individual,Male,United States,North America - West,Personal use,Yes,Agent Referral,5.0,24.0,0,1,0,<30,0,Mortgage Home Buyers,-2.383553945370796,-0.16242033215195795
CL102383,Individual,Female,United States,North America - East,Personal use,Yes,Friend/Family,3.0,39.0,0,1,0,30-39,0,Mortgage Home Buyers,-2.3279888132060025,0.344656505428799
CL102384,Corporate,Not Specified,United States,North America - West,Personal use,No,Website,2.0,64.0,0,0,1,60+,4,Corporate Buyers,0.9931113314069395,3.4804562370389247
CL102385,Corporate,Not Specified,India,South Asia,Investment,No,Social Media,4.0,33.0,1,0,1,30-39,2,Corporate Investors,2.9885972055786167,0.8996727144132999
CL102386,Corporate,Not Specified,Brazil,Latin America,Investment,No,Social Media,4.0,60.0,1,0,1,50-59,2,Corporate Investors,3.287118170041264,1.737845647086487
CL102387,Individual,Other,United States,North America - West,Investment,Yes,Agent Referral,4.0,24.0,1,1,0,<30,3,Leveraged Investors,-0.2113808680478694,-1.7183358012879997
CL102388,Individual,Male,India,South Asia,Personal use,No,Agent Referral,4.0,55.0,0,0,0,50-59,5,Cash Home Buyers,-0.6330251756443699,0.43909950646615786
CL102389,Corporate,Not Specified,United States,North America - West,Investment,No,Property Portal,4.0,55.0,1,0,1,50-59,2,Corporate Investors,3.2329053003679893,1.5818035091363307
CL102390,Individual,Male,United Arab Emirates,Middle East,Personal use,No,Agent Referral,4.0,38.0,0,0,0,30-39,5,Cash Home Buyers,-0.8209828199356665,-0.08863900669844152
CL102391,Individual,Male,India,South Asia,Investment,Yes,Website,4.0,32.0,1,1,0,30-39,3,Leveraged Investors,-0.12360898571350477,-1.4738829944507867
CL102392,Corporate,Not Specified,United Kingdom,Europe - West,Personal use,Yes,Event,5.0,65.0,0,1,1,60+,4,Corporate Buyers,-0.2926762600057619,3.830709262826676
CL102393,Individual,Male,United States,North America - West,Personal use,Yes,Website,5.0,44.0,0,1,0,40-49,0,Mortgage Home Buyers,-2.1631060788308107,0.45455377809556036
CL102394,Corporate,Not Specified,United Arab Emirates,Middle East,Investment,No,Property Portal,5.0,37.0,1,0,1,30-39,2,Corporate Investors,3.089104072018095,1.001023027346888
CL102395,Individual,Female,Brazil,Latin America,Personal use,Yes,Website,4.0,58.0,0,1,0,50-59,0,Mortgage Home Buyers,-2.0635301785494566,0.9111604920815677
CL102396,Corporate,Not Specified,Canada,North America - East,Investment,No,Agent Referral,4.0,38.0,1,0,1,30-39,2,Corporate Investors,3.044136793962682,1.0553104259282582
CL102397,Individual,Female,United States,North America - West,Personal use,Yes,Social Media,3.0,42.0,0,1,0,40-49,0,Mortgage Home Buyers,-2.295223393277829,0.43993817455080453
CL102398,Individual,Male,United States,North America - West,Personal use,No,Website,4.0,25.0,0,0,0,<30,5,Cash Home Buyers,-0.9653939099611386,-0.496098480829263
CL102399,Corporate,Not Specified,United Arab Emirates,Middle East,Investment,No,Friend/Family,5.0,48.0,1,0,1,40-49,2,Corporate Investors,3.210058509917412,1.3411744737327678
CL102400,Individual,Female,United Arab Emirates,Middle East,Investment,No,Agent Referral,4.0,43.0,1,0,0,40-49,1,Cash Investors,1.461684665431473,-1.511335792754174
CL102401,Individual,Male,India,South Asia,Investment,No,Social Media,4.0,37.0,1,0,0,30-39,1,Cash Investors,1.3950887450302725,-1.6980169462199912
CL102402,Individual,Female,India,South Asia,Investment,No,Property Portal,3.0,36.0,1,0,0,30-39,1,Cash Investors,1.3298884554670012,-1.7078867896927277
CL102403,Corporate,Not Specified,Australia,Oceania,Investment,No,Social Media,5.0,63.0,1,0,1,60+,2,Corporate Investors,3.3754999140512068,1.8089774462650787
CL102404,Corporate,Not Specified,Singapore,Southeast Asia,Investment,Yes,Social Media,3.0,38.0,1,1,1,30-39,2,Corporate Investors,1.5256708925519789,1.4597138393740692
CL102405,Individual,Female,Canada,North America - East,Investment,No,Agent Referral,5.0,42.0,1,0,0,40-49,1,Cash Investors,1.5058410813728753,-1.5643777613790173
CL102406,Individual,Male,United Arab Emirates,Middle East,Personal use,Yes,Website,3.0,53.0,0,1,0,50-59,0,Mortgage Home Buyers,-2.1740245865936694,0.7779418090012584
CL102407,Individual,Female,United Kingdom,Europe - West,Personal use,Yes,Property Portal,3.0,47.0,0,1,0,40-49,0,Mortgage Home Buyers,-2.238872942779753,0.5943304561092366
CL102408,Corporate,Not Specified,United Kingdom,Europe - West,Personal use,Yes,Social Media,5.0,63.0,0,1,1,60+,4,Corporate Buyers,-0.3148811363840337,3.7697168306075963
CL102409,Corporate,Not Specified,Australia,Oceania,Investment,No,Friend/Family,3.0,58.0,1,0,1,50-59,2,Corporate Investors,3.2101963341716884,1.6956059465893247
CL102410,Corporate,Not Specified,India,South Asia,Investment,No,Agent Referral,3.0,54.0,1,0,1,50-59,2,Corporate Investors,3.1658253582783065,1.5740040238159834
CL102411,Individual,Female,Brazil,Latin America,Personal use,Yes,Agent Referral,3.0,38.0,0,1,0,30-39,0,Mortgage Home Buyers,-2.339190793047979,0.3161849085080341
CL102412,Individual,Male,Germany,Europe - West,Investment,No,Website,5.0,47.0,1,0,0,40-49,1,Cash Investors,1.5604439676558346,-1.4130552803943806
CL102413,Individual,Female,France,Europe - West,Personal use,Yes,Website,4.0,50.0,0,1,0,40-49,0,Mortgage Home Buyers,-2.1519808346865372,0.6628129564746974
CL102414,Individual,Female,France,Europe - West,Investment,Yes,Agent Referral,3.0,43.0,1,1,0,40-49,3,Leveraged Investors,-0.056523307680839914,-1.1065118775476983
CL102415,Individual,Male,United States,North America - West,Personal use,Yes,Agent Referral,3.0,50.0,0,1,0,40-49,0,Mortgage Home Buyers,-2.2065148088423583,0.6887062119183395
CL102416,Individual,Male,Canada,North America - East,Investment,No,Website,4.0,35.0,1,0,0,30-39,1,Cash Investors,1.3725552354916764,-1.7635780571307016
CL102417,Individual,Male,France,Europe - West,Personal use,Yes,Social Media,5.0,51.0,0,1,0,50-59,0,Mortgage Home Buyers,-2.085290909206539,0.6753320987605645
CL102418,Individual,Male,United States,North America - East,Personal use,Yes,Social Media,4.0,52.0,0,1,0,50-59,0,Mortgage Home Buyers,-2.129447325147941,0.7283740673854079
CL102419,Individual,Male,Australia,Oceania,Investment,No,Agent Referral,5.0,49.0,1,0,0,40-49,1,Cash Investors,1.5832354054928208,-1.3470736677230057
CL102420,Individual,Male,United States,North America - East,Personal use,Yes,Property Portal,4.0,43.0,0,1,0,40-49,0,Mortgage Home Buyers,-2.227885522889756,0.44815816163181676
CL102421,Individual,Female,United States,North America - East,Personal use,No,Social Media,5.0,48.0,0,0,0,40-49,5,Cash Home Buyers,-0.6554646801041686,0.19937638437549732
CL102422,Corporate,Not Specified,India,South Asia,Investment,No,Website,3.0,55.0,1,0,1,50-59,2,Corporate Investors,3.1762029164927252,1.6011527369971847
CL102423,Individual,Male,United States,North America - West,Investment,No,Friend/Family,3.0,43.0,1,0,0,40-49,1,Cash Investors,1.4066175652977775,-1.4919091111102831
CL102424,Corporate,Not Specified,Australia,Oceania,Investment,Yes,Social Media,3.0,37.0,1,1,1,30-39,2,Corporate Investors,1.5146145605348438,1.4286703974232104
CL102425,Individual,Male,India,South Asia,Personal use,Yes,Social Media,4.0,26.0,0,1,0,<30,0,Mortgage Home Buyers,-2.4169119575934532,-0.0787554233369204
CL102426,Individual,Male,United States,North America - East,Personal use,Yes,Property Portal,3.0,46.0,0,1,0,40-49,0,Mortgage Home Buyers,-2.249929274796888,0.5632870141583777
CL102427,Individual,Female,India,South Asia,Personal use,Yes,Website,4.0,28.0,0,1,0,<30,0,Mortgage Home Buyers,-2.3952201390635093,-0.02014276644419581
CL102428,Individual,Other,United Arab Emirates,Middle East,Investment,No,Social Media,4.0,37.0,1,0,0,30-39,1,Cash Investors,1.3950887450302725,-1.6980169462199912
CL102429,Individual,Female,India,South Asia,Personal use,Yes,Agent Referral,4.0,41.0,0,1,0,40-49,0,Mortgage Home Buyers,-2.2508090490380366,0.3873167076866259
CL102430,Individual,Male,Singapore,Southeast Asia,Investment,No,Website,4.0,32.0,1,0,0,30-39,1,Cash Investors,1.3393862394402711,-1.8567083829832778
CL102431,Corporate,Not Specified,India,South Asia,Investment,No,Agent Referral,5.0,58.0,1,0,1,50-59,2,Corporate Investors,3.3204761822639215,1.6541807382714493
CL102432,Corporate,Not Specified,United Arab Emirates,Middle East,Investment,No,Agent Referral,3.0,51.0,1,0,1,50-59,2,Corporate Investors,3.1326563622269012,1.480873697963407
CL102433,Individual,Female,United Kingdom,Europe - West,Personal use,Yes,Website,3.0,31.0,0,1,0,30-39,0,Mortgage Home Buyers,-2.4172638909706414,0.0949860860823652
CL102434,Individual,Female,India,South Asia,Personal use,No,Social Media,3.0,48.0,0,0,0,40-49,5,Cash Home Buyers,-0.7658901760212431,0.2433734377234663
CL102435,Individual,Female,Brazil,Latin America,Investment,No,Agent Referral,4.0,33.0,1,0,0,30-39,1,Cash Investors,1.3511213452601223,-1.8217702122627617
CL102436,Individual,Male,United Arab Emirates,Middle East,Investment,No,Agent Referral,4.0,66.0,1,0,0,60+,1,Cash Investors,1.7159803018255801,-0.7973366278844218
CL102437,Individual,Male,United Arab Emirates,Middle East,Personal use,Yes,Website,4.0,40.0,0,1,0,30-39,0,Mortgage Home Buyers,-2.2625441548578884,0.3523785369661096
CL102438,Individual,Female,Germany,Europe - West,Investment,No,Agent Referral,4.0,29.0,1,0,0,<30,1,Cash Investors,1.306896017191582,-1.9459439800661968
CL102439,Individual,Female,India,South Asia,Personal use,Yes,Social Media,3.0,30.0,0,1,0,<30,0,Mortgage Home Buyers,-2.4278993774834503,0.06741687114049918
CL102440,Individual,Male,Brazil,Latin America,Personal use,Yes,Social Media,3.0,54.0,0,1,0,50-59,0,Mortgage Home Buyers,-2.162547409072208,0.81245947796111
CL102441,Corporate,Not Specified,United States,North America - East,Investment,No,Friend/Family,5.0,60.0,1,0,1,50-59,2,Corporate Investors,3.3427344941230333,1.7136957771430732
CL102442,Corporate,Not Specified,United States,North America - West,Investment,Yes,Event,2.0,46.0,1,1,1,40-49,2,Corporate Investors,1.559001013074524,1.7289654499722866
CL102443,Individual,Female,France,Europe - West,Personal use,Yes,Website,3.0,51.0,0,1,0,50-59,0,Mortgage Home Buyers,-2.1961372506279395,0.7158549250995407
CL102444,Corporate,Not Specified,France,Europe - West,Personal use,No,Agent Referral,4.0,64.0,0,0,1,60+,4,Corporate Buyers,1.1042156011267303,3.440353912460613
CL102445,Individual,Female,United Arab Emirates,Middle East,Investment,Yes,Property Portal,3.0,48.0,1,1,0,40-49,3,Leveraged Investors,-0.0004307854811538901,-0.952540097749931
CL102446,Individual,Male,United States,North America - East,Personal use,Yes,Social Media,4.0,52.0,0,1,0,50-59,0,Mortgage Home Buyers,-2.129447325147941,0.7283740673854079
CL102447,Corporate,Not Specified,Germany,Europe - West,Personal use,Yes,Event,4.0,60.0,0,1,1,50-59,4,Corporate Buyers,-0.40317066804997465,3.697490579746367
CL102448,Corporate,Not Specified,United Arab Emirates,Middle East,Investment,No,Friend/Family,4.0,56.0,1,0,1,50-59,2,Corporate Investors,3.2432964180959556,1.6115205360136227
CL102449,Corporate,Not Specified,United Arab Emirates,Middle East,Investment,No,Friend/Family,4.0,37.0,1,0,1,30-39,2,Corporate Investors,3.0332261097703888,1.0216951389473057
CL102450,Individual,Female,United Arab Emirates,Middle East,Investment,Yes,Website,4.0,33.0,1,1,0,30-39,3,Leveraged Investors,-0.1125526536963697,-1.442839552499928
CL102451,Corporate,Not Specified,India,South Asia,Investment,No,Agent Referral,3.0,52.0,1,0,1,50-59,2,Corporate Investors,3.1437126942440363,1.5119171399142657
CL102452,Individual,Female,United Arab Emirates,Middle East,Personal use,No,Social Media,4.0,65.0,0,0,0,60+,5,Cash Home Buyers,-0.5227197837714093,0.749113424214081
CL102453,Individual,Male,India,South Asia,Personal use,Yes,Social Media,2.0,60.0,0,1,0,50-59,0,Mortgage Home Buyers,-2.1514221649279346,1.020718656340247
CL102454,Individual,Female,United Arab Emirates,Middle East,Personal use,Yes,Friend/Family,3.0,55.0,0,1,0,50-59,0,Mortgage Home Buyers,-2.1510875009318413,0.8413515766425395
CL102455,Individual,Female,France,Europe - West,Investment,No,Event,4.0,32.0,1,0,0,30-39,1,Cash Investors,1.3398992972885988,-1.8543286076569225
CL102456,Individual,Female,United Arab Emirates,Middle East,Personal use,Yes,Agent Referral,5.0,33.0,0,1,0,30-39,0,Mortgage Home Buyers,-2.2840469572165802,0.1169706454057711
CL102457,Individual,Male,United States,North America - West,Investment,No,Agent Referral,5.0,31.0,1,0,0,30-39,1,Cash Investors,1.3842214291843893,-1.9058556228384638
CL102458,Corporate,Not Specified,Canada,North America - East,Investment,No,Property Portal,4.0,63.0,1,0,1,60+,2,Corporate Investors,3.32135595650507,1.8301510447432012
CL102459,Individual,Male,France,Europe - West,Investment,No,Property Portal,3.0,58.0,1,0,0,50-59,1,Cash Investors,1.573127759843973,-1.0249310667738345
CL102460,Individual,Male,Singapore,Southeast Asia,Personal use,No,Property Portal,4.0,38.0,0,0,0,30-39,5,Cash Home Buyers,-0.8201719578216559,-0.08988443665496822
CL102461,Individual,Male,India,South Asia,Investment,No,Social Media,5.0,40.0,1,0,0,30-39,1,Cash Investors,1.483470489040215,-1.6268851470413994
CL102462,Individual,Male,United States,North America - West,Personal use,Yes,Event,5.0,49.0,0,1,0,40-49,0,Mortgage Home Buyers,-2.1073113608968073,0.6121507631762096
CL102463,Individual,Male,United Arab Emirates,Middle East,Personal use,Yes,Agent Referral,3.0,22.0,0,1,0,<30,0,Mortgage Home Buyers,-2.516092105322141,-0.1805101627057064
CL102464,Individual,Male,Canada,North America - East,Investment,Yes,Website,3.0,41.0,1,1,0,40-49,3,Leveraged Investors,-0.07931474551782626,-1.1724934902190733
CL102465,Individual,Female,India,South Asia,Personal use,No,Website,5.0,29.0,0,0,0,<30,5,Cash Home Buyers,-0.8659558339340612,-0.39392323969981247
CL102466,Individual,Female,Singapore,Southeast Asia,Investment,Yes,Unknown,5.0,38.0,1,1,0,30-39,3,Leveraged Investors,-0.001592630553400475,-1.3065177742746423
CL102467,Individual,Male,United Arab Emirates,Middle East,Investment,No,Property Portal,4.0,34.0,1,0,0,30-39,1,Cash Investors,1.3629885393912682,-1.7919722002684297
CL102468,Corporate,Not Specified,United Arab Emirates,Middle East,Investment,No,Social Media,4.0,44.0,1,0,1,40-49,2,Corporate Investors,3.110216857767103,1.2411505758727464
CL102469,Individual,Female,United Kingdom,Europe - West,Personal use,Yes,Social Media,4.0,44.0,0,1,0,40-49,0,Mortgage Home Buyers,-2.2178979812850215,0.4800265317785376
CL102470,Individual,Female,Germany,Europe - West,Personal use,Yes,Agent Referral,5.0,43.0,0,1,0,40-49,0,Mortgage Home Buyers,-2.1734836370452295,0.42740506491435887
CL102471,Individual,Female,Singapore,Southeast Asia,Personal use,Yes,Friend/Family,3.0,39.0,0,1,0,30-39,0,Mortgage Home Buyers,-2.3279888132060025,0.344656505428799
CL102472,Individual,Other,India,South Asia,Investment,No,Website,5.0,46.0,1,0,0,40-49,1,Cash Investors,1.5493876356386995,-1.4440987223452395
CL102473,Individual,Female,France,Europe - West,Investment,No,Social Media,5.0,31.0,1,0,0,30-39,1,Cash Investors,1.3839635008859992,-1.9062761245991284
CL102474,Individual,Female,United Kingdom,Europe - West,Investment,Yes,Website,3.0,49.0,1,1,0,40-49,3,Leveraged Investors,0.009135910619254319,-0.9241459546122031
CL102475,Individual,Female,United States,North America - East,Personal use,Yes,Social Media,4.0,39.0,0,1,0,30-39,0,Mortgage Home Buyers,-2.2731796413706973,0.32480932202424373
CL102476,Corporate,Not Specified,United States,North America - East,Investment,No,Agent Referral,5.0,45.0,1,0,1,40-49,2,Corporate Investors,3.176743866041165,1.2506159929102854
CL102477,Individual,Female,United States,North America - East,Investment,No,Social Media,5.0,33.0,1,0,0,30-39,1,Cash Investors,1.4060761649202693,-1.844189240697411
CL102478,Individual,Female,United Kingdom,Europe - West,Personal use,Yes,Social Media,5.0,38.0,0,1,0,30-39,0,Mortgage Home Buyers,-2.229023225429295,0.2717673533994004
CL102479,Individual,Female,Australia,Oceania,Personal use,Yes,Event,4.0,61.0,0,1,0,60+,0,Mortgage Home Buyers,-2.0298481246497238,1.0066705932604993
CL102480,Individual,Female,France,Europe - West,Investment,No,Property Portal,4.0,41.0,1,0,0,40-49,1,Cash Investors,1.4403828635112137,-1.5746681066124182
CL102481,Individual,Male,Canada,North America - East,Personal use,Yes,Agent Referral,2.0,28.0,0,1,0,<30,0,Mortgage Home Buyers,-2.5049668611778673,0.027749015673430733
CL102482,Corporate,Not Specified,United States,North America - East,Investment,Yes,Website,4.0,38.0,1,1,1,30-39,2,Corporate Investors,1.58046279500619,1.4342410856910919
CL102483,Individual,Female,United Kingdom,Europe - West,Personal use,Yes,Website,4.0,36.0,0,1,0,30-39,0,Mortgage Home Buyers,-2.3067694829264287,0.2282047691626746
CL102484,Individual,Female,Singapore,Southeast Asia,Investment,No,Website,5.0,44.0,1,0,0,40-49,1,Cash Investors,1.5272749716044294,-1.506185606246957
CL102485,Individual,Female,United Kingdom,Europe - West,Personal use,Yes,Agent Referral,3.0,34.0,0,1,0,30-39,0,Mortgage Home Buyers,-2.3834161211165195,0.19201114070459896
CL102486,Individual,Female,India,South Asia,Investment,No,Property Portal,5.0,56.0,1,0,0,50-59,1,Cash Investors,1.6614405917267776,-1.131015004023521
CL102487,Individual,Female,Singapore,Southeast Asia,Personal use,Yes,Property Portal,4.0,34.0,0,1,0,30-39,0,Mortgage Home Buyers,-2.327392511043972,0.16876718407408764
CL102488,Individual,Female,United States,North America - East,Investment,Yes,Agent Referral,3.0,57.0,1,1,0,50-59,3,Leveraged Investors,0.09826534055905134,-0.6719036902356753
CL102489,Individual,Male,United Arab Emirates,Middle East,Personal use,No,Friend/Family,5.0,29.0,0,0,0,<30,5,Cash Home Buyers,-0.8651314123065035,-0.39260035596024884
CL102490,Corporate,Not Specified,Brazil,Latin America,Investment,No,Property Portal,4.0,36.0,1,0,1,30-39,2,Corporate Investors,3.0228349920424225,0.9919781120700143
CL102491,Individual,Male,Germany,Europe - West,Personal use,Yes,Agent Referral,3.0,57.0,0,1,0,50-59,0,Mortgage Home Buyers,-2.1291204847224128,0.906010305574351
CL102492,Individual,Female,United States,North America - East,Personal use,Yes,Property Portal,4.0,42.0,0,1,0,40-49,0,Mortgage Home Buyers,-2.238941854906891,0.4171147196809579
CL102493,Individual,Male,Australia,Oceania,Personal use,Yes,Event,3.0,65.0,0,1,0,60+,0,Mortgage Home Buyers,-2.040835544539721,1.152842887737919
CL102494,Individual,Female,Australia,Oceania,Personal use,No,Event,3.0,38.0,0,0,0,30-39,5,Cash Home Buyers,-0.8763612838485921,-0.06815543346775904
CL102495,Individual,Male,France,Europe - West,Investment,No,Friend/Family,4.0,43.0,1,0,0,40-49,1,Cash Investors,1.4618303132563146,-1.5139076377842677
CL102496,Individual,Male,United Arab Emirates,Middle East,Personal use,No,Agent Referral,4.0,61.0,0,0,0,60+,5,Cash Home Buyers,-0.5666871835415594,0.6253601581713105
CL102497,Corporate,Not Specified,United States,North America - East,Investment,No,Agent Referral,5.0,64.0,1,0,1,60+,2,Corporate Investors,3.386814174366732,1.8404413899766021
CL102498,Individual,Female,Singapore,Southeast Asia,Investment,Yes,Event,4.0,22.0,1,1,0,<30,3,Leveraged Investors,-0.23365924803652804,-1.7819376386330195
CL102499,Individual,Male,France,Europe - West,Personal use,No,Agent Referral,5.0,32.0,0,0,0,30-39,5,Cash Home Buyers,-0.8321080640799398,-0.29689818507757865
CL102500,Individual,Female,United States,North America - East,Investment,Yes,Agent Referral,4.0,49.0,1,1,0,40-49,3,Leveraged Investors,0.0650274323805079,-0.9422497525165301
CL102501,Individual,Male,India,South Asia,Personal use,Yes,Agent Referral,5.0,24.0,0,1,0,<30,0,Mortgage Home Buyers,-2.383553945370796,-0.16242033215195795
CL102502,Individual,Male,Brazil,Latin America,Investment,No,Social Media,3.0,47.0,1,0,0,40-49,1,Cash Investors,1.450439317243086,-1.3655840000374189
CL102503,Individual,Male,Singapore,Southeast Asia,Investment,No,Website,4.0,46.0,1,0,0,40-49,1,Cash Investors,1.4941748876801624,-1.422100195671255
CL102504,Individual,Female,Canada,North America - East,Personal use,Yes,Property Portal,3.0,63.0,0,1,0,60+,0,Mortgage Home Buyers,-2.061971630505592,1.0910255273229768
CL102505,Individual,Female,United States,North America - West,Personal use,Yes,Social Media,4.0,53.0,0,1,0,50-59,0,Mortgage Home Buyers,-2.118390993130806,0.7594175093362666
CL102506,Corporate,Not Specified,Australia,Oceania,Investment,No,Agent Referral,4.0,46.0,1,0,1,40-49,2,Corporate Investors,3.1325874500997632,1.3036579615351287
CL102507,Corporate,Not Specified,Australia,Oceania,Personal use,No,Agent Referral,4.0,52.0,0,0,1,50-59,4,Corporate Buyers,0.9715396169211091,3.0678326090503076
CL102508,Individual,Female,France,Europe - West,Investment,No,Social Media,4.0,47.0,1,0,0,40-49,1,Cash Investors,1.5056520652016234,-1.3875825267114035
CL102509,Individual,Female,United Arab Emirates,Middle East,Investment,No,Property Portal,5.0,36.0,1,0,0,30-39,1,Cash Investors,1.4403139513840757,-1.7518838430406967
CL102510,Corporate,Not Specified,Germany,Europe - West,Personal use,No,Property Portal,3.0,44.0,0,0,1,40-49,4,Corporate Buyers,0.8286870749395018,2.8402381701608954
CL102511,Corporate,Not Specified,Germany,Europe - West,Investment,No,Property Portal,4.0,58.0,1,0,1,50-59,2,Corporate Investors,3.2660742964193945,1.6749338349889071
CL102512,Corporate,Not Specified,United States,North America - West,Personal use,Yes,Agent Referral,5.0,32.0,0,1,1,30-39,4,Corporate Buyers,-0.6573695006168313,2.8077906318916384
CL102513,Individual,Male,United States,North America - East,Investment,No,Property Portal,4.0,43.0,1,0,0,40-49,1,Cash Investors,1.4624955275454838,-1.5125812227107007
CL102514,Individual,Female,Canada,North America - East,Personal use,No,Social Media,5.0,23.0,0,0,0,<30,5,Cash Home Buyers,-0.9318729805325456,-0.5767096643959724
CL102515,Individual,Female,Singapore,Southeast Asia,Investment,No,Friend/Family,5.0,38.0,1,0,0,30-39,1,Cash Investors,1.4617614011291766,-1.691123374212546
CL102516,Corporate,Not Specified,United States,North America - West,Personal use,No,Friend/Family,4.0,41.0,0,0,1,40-49,4,Corporate Buyers,0.8500656125574648,2.7237829025607674
CL102517,Individual,Female,Canada,North America - East,Investment,No,Agent Referral,4.0,48.0,1,0,0,40-49,1,Cash Investors,1.5169663255171486,-1.35611858299988
CL102518,Individual,Female,France,Europe - West,Personal use,Yes,Social Media,4.0,59.0,0,1,0,50-59,0,Mortgage Home Buyers,-2.0520530010279954,0.9456781610414194
CL102519,Individual,Male,United States,North America - East,Investment,Yes,Friend/Family,4.0,43.0,1,1,0,40-49,3,Leveraged Investors,-0.001164911897461229,-1.1310822492517767
CL102520,Individual,Male,United States,North America - East,Personal use,No,Agent Referral,4.0,30.0,0,0,0,<30,5,Cash Home Buyers,-0.909433476072747,-0.3369865423053117
CL102521,Individual,Male,United Arab Emirates,Middle East,Investment,No,Friend/Family,3.0,22.0,1,0,0,<30,1,Cash Investors,1.1744345929379407,-2.1438213920783173
CL102522,Individual,Male,United Kingdom,Europe - West,Personal use,Yes,Agent Referral,3.0,48.0,0,1,0,40-49,0,Mortgage Home Buyers,-2.2286274728766284,0.626619328016622
CL102523,Individual,Female,United Arab Emirates,Middle East,Personal use,No,Social Media,4.0,32.0,0,0,0,30-39,5,Cash Home Buyers,-0.8875787403368671,-0.27532016016425875
CL102524,Individual,Female,Australia,Oceania,Investment,No,Property Portal,3.0,50.0,1,0,0,40-49,1,Cash Investors,1.4846771037068922,-1.2732786023807046
CL102525,Individual,Male,United States,North America - East,Investment,No,Website,4.0,56.0,1,0,0,50-59,1,Cash Investors,1.604738207851513,-1.1116657761626672
CL102526,Individual,Male,Australia,Oceania,Investment,No,Agent Referral,2.0,24.0,1,0,0,<30,1,Cash Investors,1.1411888611888321,-2.057164136472522
CL102527,Corporate,Not Specified,Australia,Oceania,Investment,No,Social Media,5.0,61.0,1,0,1,60+,2,Corporate Investors,3.3533872500169366,1.746890562363361
CL102528,Individual,Male,Singapore,Southeast Asia,Personal use,Yes,Unknown,5.0,55.0,0,1,0,50-59,0,Mortgage Home Buyers,-2.041020811543568,0.7991347346999835
CL102529,Individual,Male,United Arab Emirates,Middle East,Investment,No,Agent Referral,4.0,53.0,1,0,0,50-59,1,Cash Investors,1.572247985602824,-1.2009013732455862
CL102530,Individual,Female,United Arab Emirates,Middle East,Personal use,No,Friend/Family,5.0,23.0,0,0,0,<30,5,Cash Home Buyers,-0.9314694044093139,-0.5788610076654016
CL102531,Individual,Female,United Arab Emirates,Middle East,Investment,Yes,Website,5.0,32.0,1,1,0,30-39,3,Leveraged Investors,-0.06839623775496763,-1.4958815211247714
CL102532,Individual,Female,India,South Asia,Personal use,Yes,Social Media,4.0,27.0,0,1,0,<30,0,Mortgage Home Buyers,-2.405855625576318,-0.04771198138606159
CL102533,Individual,Male,United States,North America - East,Personal use,No,Website,4.0,47.0,0,0,0,40-49,5,Cash Home Buyers,-0.7221546055841668,0.18685724208963014
CL102534,Individual,Female,Brazil,Latin America,Personal use,No,Website,4.0,45.0,0,0,0,40-49,5,Cash Home Buyers,-0.7442672696184369,0.12477035818791254
CL102535,Individual,Male,United Arab Emirates,Middle East,Investment,No,Agent Referral,5.0,23.0,1,0,0,<30,1,Cash Investors,1.2957707730473087,-2.154203158445334
CL102536,Individual,Male,India,South Asia,Investment,Yes,Event,3.0,38.0,1,1,0,30-39,3,Leveraged Investors,-0.1119706837209039,-1.2632440407452945
CL102537,Individual,Female,United Kingdom,Europe - West,Personal use,Yes,Social Media,4.0,49.0,0,1,0,40-49,0,Mortgage Home Buyers,-2.162616321199346,0.6352437415328315
CL102538,Individual,Female,United States,North America - East,Investment,No,Agent Referral,5.0,42.0,1,0,0,40-49,1,Cash Investors,1.5058410813728753,-1.5643777613790173
CL102539,Individual,Male,France,Europe - West,Personal use,Yes,Agent Referral,4.0,42.0,0,1,0,40-49,0,Mortgage Home Buyers,-2.2397527170209015,0.41836014963748464
CL102540,Individual,Male,France,Europe - West,Personal use,Yes,Social Media,4.0,37.0,0,1,0,30-39,0,Mortgage Home Buyers,-2.2952923054049674,0.26272243812252616
CL102541,Individual,Female,Germany,Europe - West,Personal use,Yes,Social Media,3.0,30.0,0,1,0,<30,0,Mortgage Home Buyers,-2.4278993774834503,0.06741687114049918
CL102542,Individual,Female,United Kingdom,Europe - West,Personal use,No,Agent Referral,4.0,41.0,0,0,0,40-49,5,Cash Home Buyers,-0.787813823884261,0.004491319154134966
CL102543,Corporate,Not Specified,Canada,North America - East,Investment,No,Website,3.0,37.0,1,0,1,30-39,2,Corporate Investors,2.977188940184294,1.0423707818817267
CL102544,Corporate,Not Specified,France,Europe - West,Personal use,Yes,Social Media,3.0,60.0,0,1,1,50-59,4,Corporate Buyers,-0.45847562835251343,3.720583558102989
CL102545,Individual,Male,United Kingdom,Europe - West,Investment,No,Friend/Family,5.0,48.0,1,0,0,40-49,1,Cash Investors,1.5723247213005274,-1.3806889547039582
CL102546,Individual,Male,Brazil,Latin America,Personal use,Yes,Property Portal,3.0,41.0,0,1,0,40-49,0,Mortgage Home Buyers,-2.3052109348825636,0.4080698044040837
CL102547,Individual,Male,United States,North America - East,Investment,No,Social Media,4.0,53.0,1,0,0,50-59,1,Cash Investors,1.5719900573044339,-1.2013218750062509
CL102548,Individual,Female,United Kingdom,Europe - West,Personal use,Yes,Friend/Family,3.0,36.0,0,1,0,30-39,0,Mortgage Home Buyers,-2.3611578092574077,0.2515261795762227
CL102549,Corporate,Not Specified,United Kingdom,Europe - West,Personal use,No,Social Media,2.0,35.0,0,0,1,30-39,4,Corporate Buyers,0.6728985484143479,2.583670647473013
CL102550,Individual,Male,France,Europe - West,Personal use,Yes,Social Media,4.0,47.0,0,1,0,40-49,0,Mortgage Home Buyers,-2.1847289852336162,0.573156857631114
CL102551,Corporate,Not Specified,France,Europe - West,Investment,No,Friend/Family,3.0,51.0,1,0,1,50-59,2,Corporate Investors,3.132802010051743,1.4783018529333132
CL102552,Individual,Female,United Arab Emirates,Middle East,Investment,Yes,Agent Referral,4.0,47.0,1,1,0,40-49,3,Leveraged Investors,0.042914768346237746,-1.0043366364182478
CL102553,Individual,Female,Brazil,Latin America,Personal use,No,Property Portal,5.0,27.0,0,0,0,<30,5,Cash Home Buyers,-0.8865788620516045,-0.4533608247883993
CL102554,Corporate,Not Specified,United Kingdom,Europe - West,Investment,No,Agent Referral,4.0,38.0,1,0,1,30-39,2,Corporate Investors,3.044136793962682,1.0553104259282582
CL102555,Individual,Male,India,South Asia,Investment,No,Social Media,4.0,49.0,1,0,0,40-49,1,Cash Investors,1.5277647292358936,-1.3254956428096858
CL102556,Individual,Male,United States,North America - East,Personal use,Yes,Social Media,3.0,38.0,0,1,0,30-39,0,Mortgage Home Buyers,-2.3394487213463693,0.3157644067473695
CL102557,Individual,Male,Canada,North America - East,Personal use,No,Property Portal,4.0,31.0,0,0,0,30-39,5,Cash Home Buyers,-0.8975662819416014,-0.30718853031097965
CL102558,Corporate,Not Specified,Germany,Europe - West,Personal use,No,Website,4.0,48.0,0,0,1,40-49,4,Corporate Buyers,0.9266355150498526,2.939764112477215
CL102559,Individual,Male,United States,North America - East,Personal use,Yes,Property Portal,2.0,29.0,0,1,0,<30,0,Mortgage Home Buyers,-2.493099667046722,0.05754702766776287
CL102560,Individual,Male,United Arab Emirates,Middle East,Personal use,Yes,Website,4.0,65.0,0,1,0,60+,0,Mortgage Home Buyers,-1.9861358544295111,1.1284645857375792
CL102561,Corporate,Not Specified,India,South Asia,Personal use,No,Website,5.0,57.0,0,0,1,50-59,4,Corporate Buyers,1.081355251162606,3.1971565633609593
CL102562,Individual,Female,India,South Asia,Investment,No,Property Portal,5.0,59.0,1,0,0,50-59,1,Cash Investors,1.6946095877781828,-1.0378846781709448
CL102563,Individual,Female,France,Europe - West,Personal use,No,Agent Referral,5.0,38.0,0,0,0,30-39,5,Cash Home Buyers,-0.7657700719771291,-0.11063753337242602
CL102564,Corporate,Not Specified,United Arab Emirates,Middle East,Investment,No,Social Media,5.0,55.0,1,0,1,50-59,2,Corporate Investors,3.287049257914126,1.5606299106582084
CL102565,Individual,Female,United Kingdom,Europe - West,Personal use,No,Social Media,4.0,33.0,0,0,0,30-39,5,Cash Home Buyers,-0.876522408319732,-0.24427671821339997
CL102566,Corporate,Not Specified,United States,North America - West,Investment,No,Property Portal,5.0,51.0,1,0,1,50-59,2,Corporate Investors,3.243892720257986,1.4356312146589112
CL102567,Individual,Male,United States,North America - West,Personal use,Yes,Property Portal,3.0,49.0,0,1,0,40-49,0,Mortgage Home Buyers,-2.216760278745483,0.6564173400109541
CL102568,Individual,Female,United Arab Emirates,Middle East,Investment,No,Agent Referral,3.0,49.0,1,0,0,40-49,1,Cash Investors,1.4728099095757463,-1.3030766143750367
CL102569,Individual,Male,Brazil,Latin America,Investment,No,Property Portal,4.0,53.0,1,0,0,50-59,1,Cash Investors,1.5730588477168348,-1.202146803202113
CL102570,Individual,Male,United States,North America - West,Investment,Yes,Agent Referral,5.0,36.0,1,1,0,30-39,3,Leveraged Investors,-0.023492135883710914,-1.3678130245516789
CL102571,Corporate,Not Specified,United Arab Emirates,Middle East,Investment,No,Social Media,3.0,48.0,1,0,1,40-49,2,Corporate Investors,3.099229437877106,1.387322870350166
CL102572,Individual,Male,India,South Asia,Personal use,Yes,Friend/Family,4.0,55.0,0,1,0,50-59,0,Mortgage Home Buyers,-2.095874752973304,0.8193530499685551
CL102573,Individual,Female,Singapore,Southeast Asia,Investment,Yes,Friend/Family,4.0,34.0,1,1,0,30-39,3,Leveraged Investors,-0.10067190005167688,-1.4104732268095057
CL102574,Individual,Male,France,Europe - West,Investment,No,Friend/Family,4.0,47.0,1,0,0,40-49,1,Cash Investors,1.5060556413248551,-1.3897338699808326
CL102575,Individual,Male,United Arab Emirates,Middle East,Personal use,Yes,Property Portal,3.0,38.0,0,1,0,30-39,0,Mortgage Home Buyers,-2.338379930933969,0.3149394785515074
CL102576,Individual,Male,India,South Asia,Investment,No,Social Media,4.0,44.0,1,0,0,40-49,1,Cash Investors,1.4724830691502182,-1.4807128525639797
CL102577,Corporate,Not Specified,Singapore,Southeast Asia,Investment,No,Property Portal,4.0,33.0,1,0,1,30-39,2,Corporate Investors,2.9896659959910172,0.8988477862174379
CL102578,Individual,Male,United States,North America - West,Investment,No,Website,5.0,32.0,1,0,0,30-39,1,Cash Investors,1.3945989873988083,-1.8787069096572624
CL102579,Corporate,Not Specified,Australia,Oceania,Investment,No,Agent Referral,5.0,61.0,1,0,1,60+,2,Corporate Investors,3.3536451783153267,1.7473110641240257
CL102580,Individual,Female,United States,North America - West,Personal use,No,Property Portal,4.0,42.0,0,0,0,40-49,5,Cash Home Buyers,-0.7759466297531153,0.034289331148466995
CL102581,Individual,Male,Singapore,Southeast Asia,Personal use,No,Agent Referral,5.0,40.0,0,0,0,30-39,5,Cash Home Buyers,-0.743657407942859,-0.04855064947070837
CL102582,Individual,Female,United States,North America - East,Investment,Yes,Agent Referral,4.0,58.0,1,1,0,50-59,3,Leveraged Investors,0.16453442053472353,-0.6628587749588011
CL102583,Individual,Male,United States,North America - East,Investment,Yes,Property Portal,2.0,52.0,1,1,0,50-59,3,Leveraged Investors,-0.011418205371150741,-0.8063678032725113
CL102584,Individual,Male,United States,North America - East,Personal use,No,Social Media,4.0,45.0,0,0,0,40-49,5,Cash Home Buyers,-0.743846424114111,0.1282445851969054
CL102585,Individual,Male,Germany,Europe - West,Personal use,No,Website,5.0,33.0,0,0,0,30-39,5,Cash Home Buyers,-0.8217305058655207,-0.2697494718963774
CL102586,Individual,Male,United Kingdom,Europe - West,Personal use,No,Website,3.0,31.0,0,0,0,30-39,5,Cash Home Buyers,-0.9542686658168655,-0.28783930245012584
CL102587,Corporate,Not Specified,United States,North America - East,Personal use,No,Agent Referral,4.0,66.0,0,0,1,60+,4,Corporate Buyers,1.1263282651610005,3.5024407963623303
CL102588,Corporate,Not Specified,Germany,Europe - West,Investment,No,Agent Referral,3.0,38.0,1,0,1,30-39,2,Corporate Investors,2.9889240460041453,1.0773089526022428
CL102589,Corporate,Not Specified,Germany,Europe - West,Personal use,Yes,Website,3.0,52.0,0,1,1,50-59,4,Corporate Buyers,-0.5473471299939201,3.4687617954871257
CL102590,Individual,Male,India,South Asia,Investment,No,Property Portal,3.0,45.0,1,0,0,40-49,1,Cash Investors,1.4293954436212168,-1.4284958121349987
CL102591,Corporate,Not Specified,Australia,Oceania,Investment,No,Agent Referral,3.0,53.0,1,0,1,50-59,2,Corporate Investors,3.1547690262611714,1.5429605818651246
CL102592,Individual,Male,United Arab Emirates,Middle East,Investment,No,Property Portal,3.0,29.0,1,0,0,<30,1,Cash Investors,1.2524941313470555,-1.925190883348739
CL102593,Individual,Male,United States,North America - West,Personal use,Yes,Event,5.0,33.0,0,1,0,30-39,0,Mortgage Home Buyers,-2.284212673170969,0.11545569196246896
CL102594,Individual,Female,United Kingdom,Europe - West,Personal use,No,Agent Referral,4.0,34.0,0,0,0,30-39,5,Cash Home Buyers,-0.8652081480042068,-0.21281277450187663
CL102595,Individual,Female,Australia,Oceania,Personal use,No,Event,5.0,33.0,0,0,0,30-39,5,Cash Home Buyers,-0.821217448017193,-0.2673696965700221
CL102596,Individual,Female,United States,North America - East,Investment,Yes,Website,4.0,55.0,1,1,0,50-59,3,Leveraged Investors,0.13068665068060212,-0.7598838295810348
CL102597,Individual,Male,Germany,Europe - West,Investment,No,Friend/Family,3.0,40.0,1,0,0,30-39,1,Cash Investors,1.3734485692463723,-1.5850394369628595
CL102598,Individual,Male,Australia,Oceania,Personal use,Yes,Event,3.0,36.0,0,1,0,30-39,0,Mortgage Home Buyers,-2.361469173036638,0.25258307116301437
CL102599,Individual,Male,Brazil,Latin America,Personal use,Yes,Property Portal,4.0,42.0,0,1,0,40-49,0,Mortgage Home Buyers,-2.238941854906891,0.4171147196809579
CL102600,Corporate,Not Specified,Germany,Europe - West,Investment,No,Agent Referral,4.0,62.0,1,0,1,60+,2,Corporate Investors,3.3094887623739244,1.800353032748869
CL102601,Individual,Male,United Arab Emirates,Middle East,Personal use,Yes,Agent Referral,4.0,38.0,0,1,0,30-39,0,Mortgage Home Buyers,-2.2839780450894422,0.2941863818340495
CL102602,Individual,Male,Germany,Europe - West,Personal use,Yes,Agent Referral,5.0,51.0,0,1,0,50-59,0,Mortgage Home Buyers,-2.085032980908149,0.6757526005212292
CL102603,Individual,Male,India,South Asia,Personal use,Yes,Event,2.0,27.0,0,1,0,<30,0,Mortgage Home Buyers,-2.516188909149391,-0.004809379720730016
CL102604,Corporate,Not Specified,United States,North America - West,Investment,No,Agent Referral,4.0,51.0,1,0,1,50-59,2,Corporate Investors,3.1878691101854386,1.4588751712894226
CL102605,Individual,Female,United States,North America - West,Investment,Yes,Social Media,3.0,40.0,1,1,0,30-39,3,Leveraged Investors,-0.08995023203063528,-1.2000627051609394
CL102606,Individual,Female,United Arab Emirates,Middle East,Personal use,Yes,Agent Referral,3.0,41.0,0,1,0,40-49,0,Mortgage Home Buyers,-2.306021796996574,0.4093152343606104
CL102607,Individual,Male,Canada,North America - East,Personal use,Yes,Agent Referral,3.0,33.0,0,1,0,30-39,0,Mortgage Home Buyers,-2.3944724531336545,0.16096769875374012
CL102608,Individual,Female,United Arab Emirates,Middle East,Personal use,Yes,Agent Referral,4.0,27.0,0,1,0,<30,0,Mortgage Home Buyers,-2.405597697277928,-0.04729147962539699
CL102609,Individual,Male,United Kingdom,Europe - West,Personal use,No,Agent Referral,4.0,23.0,0,0,0,<30,5,Cash Home Buyers,-0.9868278001926926,-0.5542906359613231
CL102610,Individual,Male,Australia,Oceania,Investment,No,Social Media,4.0,33.0,1,0,0,30-39,1,Cash Investors,1.3508634169617322,-1.8221907140234264
CL102611,Individual,Male,Singapore,Southeast Asia,Personal use,No,Agent Referral,5.0,48.0,0,0,0,40-49,5,Cash Home Buyers,-0.6552067518057784,0.19979688613616192
CL102612,Individual,Male,France,Europe - West,Personal use,No,Agent Referral,4.0,31.0,0,0,0,30-39,5,Cash Home Buyers,-0.898377144055612,-0.30594310035445293
CL102613,Individual,Male,India,South Asia,Investment,No,Social Media,5.0,23.0,1,0,0,<30,1,Cash Investors,1.2955128447489186,-2.1546236602059983
CL102614,Individual,Female,Canada,North America - East,Personal use,No,Agent Referral,4.0,31.0,0,0,0,30-39,5,Cash Home Buyers,-0.898377144055612,-0.30594310035445293
CL102615,Individual,Male,France,Europe - West,Investment,Yes,Friend/Family,3.0,37.0,1,1,0,30-39,3,Leveraged Investors,-0.12271565195880892,-1.295344374282945
CL102616,Individual,Male,United States,North America - East,Personal use,No,Social Media,4.0,37.0,0,0,0,30-39,5,Cash Home Buyers,-0.8322970802511918,-0.12010295040996485
CL102617,Individual,Female,Singapore,Southeast Asia,Investment,No,Social Media,4.0,39.0,1,0,0,30-39,1,Cash Investors,1.4172014090645426,-1.6359300623182738
CL102618,Individual,Female,Singapore,Southeast Asia,Investment,Yes,Agent Referral,5.0,53.0,1,1,0,50-59,3,Leveraged Investors,0.16446550840758553,-0.8400745113870794
CL102619,Individual,Male,Australia,Oceania,Personal use,Yes,Website,5.0,54.0,0,1,0,50-59,0,Mortgage Home Buyers,-2.0525427586594596,0.7649881976041482
CL102620,Individual,Female,Singapore,Southeast Asia,Personal use,No,Property Portal,4.0,64.0,0,0,0,60+,5,Cash Home Buyers,-0.5327073253761435,0.7172450540673603
CL102621,Individual,Male,Brazil,Latin America,Personal use,Yes,Property Portal,4.0,24.0,0,1,0,<30,0,Mortgage Home Buyers,-2.437955831215323,-0.14166723543450005
CL102622,Individual,Male,Canada,North America - East,Personal use,Yes,Agent Referral,5.0,32.0,0,1,0,30-39,0,Mortgage Home Buyers,-2.2951032892337153,0.08592720345491237
CL102623,Individual,Female,Australia,Oceania,Investment,No,Agent Referral,4.0,48.0,1,0,0,40-49,1,Cash Investors,1.5169663255171486,-1.35611858299988
CL102624,Individual,Female,United Arab Emirates,Middle East,Personal use,Yes,Agent Referral,4.0,36.0,0,1,0,30-39,0,Mortgage Home Buyers,-2.3060907091237124,0.23209949793233203
CL102625,Individual,Male,Germany,Europe - West,Personal use,No,Friend/Family,5.0,51.0,0,0,0,50-59,5,Cash Home Buyers,-0.6218921079295315,0.2903553669586444
CL102626,Individual,Male,United Arab Emirates,Middle East,Investment,Yes,Website,4.0,43.0,1,1,0,40-49,3,Leveraged Investors,-0.0019893335250189778,-1.1324051329913403
CL102627,Individual,Male,United Kingdom,Europe - West,Personal use,No,Event,4.0,59.0,0,0,0,50-59,5,Cash Home Buyers,-0.5889655635302181,0.561758320826291
CL102628,Individual,Male,United Kingdom,Europe - West,Investment,No,Website,5.0,53.0,1,0,0,50-59,1,Cash Investors,1.6267819597586453,-1.226794628689228
CL102629,Individual,Female,Canada,North America - East,Investment,No,Event,3.0,53.0,1,0,0,50-59,1,Cash Investors,1.5168695216898984,-1.1804178000149037
CL102630,Corporate,Not Specified,United States,North America - West,Investment,No,Website,3.0,51.0,1,0,1,50-59,2,Corporate Investors,3.131977588424185,1.4769789691937496
CL102631,Individual,Female,France,Europe - West,Personal use,Yes,Agent Referral,3.0,39.0,0,1,0,30-39,0,Mortgage Home Buyers,-2.328134461030844,0.34722835045889283
CL102632,Individual,Male,Australia,Oceania,Personal use,Yes,Agent Referral,4.0,37.0,0,1,0,30-39,0,Mortgage Home Buyers,-2.2950343771065773,0.26314293988319076
CL102633,Individual,Female,United Arab Emirates,Middle East,Personal use,Yes,Agent Referral,4.0,24.0,0,1,0,<30,0,Mortgage Home Buyers,-2.4387666933293333,-0.14042180547797334
CL102634,Corporate,Not Specified,France,Europe - West,Investment,No,Event,4.0,62.0,1,0,1,60+,2,Corporate Investors,3.309323046419536,1.798838079305567
CL102635,Corporate,Not Specified,Germany,Europe - West,Personal use,No,Social Media,4.0,55.0,0,0,1,50-59,4,Corporate Buyers,1.0044506846741243,3.16054243314222
CL102636,Individual,Male,Germany,Europe - West,Investment,No,Website,3.0,37.0,1,0,0,30-39,1,Cash Investors,1.3394551515674094,-1.6794926465549993
CL102637,Individual,Male,United States,North America - East,Investment,Yes,Event,4.0,56.0,1,1,0,50-59,3,Leveraged Investors,0.1422560405460649,-0.7264606123038208
CL102638,Individual,Female,Singapore,Southeast Asia,Investment,Yes,Agent Referral,2.0,35.0,1,1,0,30-39,3,Leveraged Investors,-0.2001867117764579,-1.3328608864805842
CL102639,Individual,Female,United States,North America - East,Investment,No,Website,3.0,23.0,1,0,0,<30,1,Cash Investors,1.184666503327518,-2.1141008338670226
CL102640,Individual,Female,India,South Asia,Investment,Yes,Website,3.0,52.0,1,1,0,50-59,3,Leveraged Investors,0.04230490667065953,-0.8310156287596266
CL102641,Individual,Female,India,South Asia,Personal use,Yes,Social Media,3.0,27.0,0,1,0,<30,0,Mortgage Home Buyers,-2.4610683735348555,-0.025713454712077102
CL102642,Individual,Female,United Arab Emirates,Middle East,Personal use,Yes,Unknown,4.0,38.0,0,1,0,30-39,0,Mortgage Home Buyers,-2.284191203793402,0.2933947482093686
CL102643,Corporate,Not Specified,Singapore,Southeast Asia,Investment,No,Website,5.0,35.0,1,0,1,30-39,2,Corporate Investors,3.065501772067098,0.9362868446320401
CL102644,Individual,Female,United Kingdom,Europe - West,Investment,No,Friend/Family,3.0,45.0,1,0,0,40-49,1,Cash Investors,1.4287302293320476,-1.4298222272085657
CL102645,Individual,Female,Australia,Oceania,Personal use,Yes,Agent Referral,3.0,50.0,0,1,0,40-49,0,Mortgage Home Buyers,-2.2065148088423583,0.6887062119183395
CL102646,Individual,Female,India,South Asia,Investment,No,Agent Referral,3.0,48.0,1,0,0,40-49,1,Cash Investors,1.4617535775586112,-1.3341200563258955
CL102647,Individual,Male,India,South Asia,Personal use,Yes,Friend/Family,3.0,48.0,0,1,0,40-49,0,Mortgage Home Buyers,-2.228481825051787,0.6240474829865281
CL102648,Individual,Other,United Arab Emirates,Middle East,Personal use,No,Friend/Family,4.0,33.0,0,0,0,30-39,5,Cash Home Buyers,-0.8761188321965003,-0.2464280614828292
CL102649,Corporate,Not Specified,Singapore,Southeast Asia,Investment,Yes,Social Media,4.0,59.0,1,1,1,50-59,2,Corporate Investors,1.8130666128703528,2.0896275936681197
CL102650,Individual,Male,Brazil,Latin America,Personal use,Yes,Agent Referral,2.0,24.0,0,1,0,<30,0,Mortgage Home Buyers,-2.5491921892464076,-0.09642475213000437
CL102651,Individual,Female,Germany,Europe - West,Personal use,Yes,Website,4.0,58.0,0,1,0,50-59,0,Mortgage Home Buyers,-2.0635301785494566,0.9111604920815677
CL102652,Individual,Male,Singapore,Southeast Asia,Investment,No,Friend/Family,3.0,25.0,1,0,0,<30,1,Cash Investors,1.207603588989346,-2.050691066225741
CL102653,Corporate,Not Specified,India,South Asia,Investment,No,Social Media,3.0,53.0,1,0,1,50-59,2,Corporate Investors,3.1545110979627813,1.54254008010446
CL102654,Corporate,Not Specified,Germany,Europe - West,Personal use,Yes,Agent Referral,4.0,49.0,0,1,1,40-49,4,Corporate Buyers,-0.524624604284072,3.3575276717302223
CL102655,Individual,Male,Australia,Oceania,Personal use,No,Agent Referral,5.0,33.0,0,0,0,30-39,5,Cash Home Buyers,-0.8210517320628045,-0.2658547431267199
CL102656,Individual,Female,United Kingdom,Europe - West,Investment,No,Friend/Family,4.0,41.0,1,0,0,40-49,1,Cash Investors,1.4397176492220445,-1.5759945216859852
CL102657,Individual,Female,United Arab Emirates,Middle East,Personal use,Yes,Website,3.0,36.0,0,1,0,30-39,0,Mortgage Home Buyers,-2.3619822308849656,0.25020329583665907
CL102658,Corporate,Not Specified,United States,North America - East,Personal use,Yes,Friend/Family,4.0,34.0,0,1,1,30-39,4,Corporate Buyers,-0.6903239367162568,2.8893041974372466
CL102659,Corporate,Not Specified,Canada,North America - East,Investment,No,Friend/Family,3.0,37.0,1,0,1,30-39,2,Corporate Investors,2.978013361811852,1.0436936656212903
CL102660,Corporate,Not Specified,Singapore,Southeast Asia,Investment,Yes,Agent Referral,4.0,54.0,1,1,1,50-59,2,Corporate Investors,1.7580428810830675,1.9348308856744898
CL102661,Individual,Female,United Kingdom,Europe - West,Investment,No,Social Media,5.0,39.0,1,0,0,30-39,1,Cash Investors,1.47241415702308,-1.6579285889922581
CL102662,Individual,Male,United Kingdom,Europe - West,Personal use,Yes,Social Media,4.0,54.0,0,1,0,50-59,0,Mortgage Home Buyers,-2.1073346611136707,0.7904609512871253
CL102663,Individual,Male,Canada,North America - East,Personal use,Yes,Social Media,4.0,51.0,0,1,0,50-59,0,Mortgage Home Buyers,-2.140503657165076,0.6973306254345492
CL102664,Individual,Male,France,Europe - West,Personal use,No,Property Portal,5.0,29.0,0,0,0,<30,5,Cash Home Buyers,-0.8644661980173344,-0.3912739408866817
CL102665,Individual,Male,Singapore,Southeast Asia,Personal use,Yes,Social Media,3.0,33.0,0,1,0,30-39,0,Mortgage Home Buyers,-2.3947303814320446,0.1605471969930755
CL102666,Individual,Female,Australia,Oceania,Personal use,No,Website,5.0,46.0,0,0,0,40-49,5,Cash Home Buyers,-0.6779981896427647,0.13381527346478692
CL102667,Individual,Male,United States,North America - East,Personal use,Yes,Agent Referral,3.0,45.0,0,1,0,40-49,0,Mortgage Home Buyers,-2.2617964689280337,0.5334890021640456
CL102668,Corporate,Not Specified,United Arab Emirates,Middle East,Investment,No,Social Media,2.0,33.0,1,0,1,30-39,2,Corporate Investors,2.8781717096615425,0.9436697677612689
CL102669,Corporate,Not Specified,Germany,Europe - West,Investment,No,Agent Referral,5.0,57.0,1,0,1,50-59,2,Corporate Investors,3.3094198502467864,1.6231372963205906
CL102670,Corporate,Not Specified,United Arab Emirates,Middle East,Investment,No,Friend/Family,3.0,47.0,1,0,1,40-49,2,Corporate Investors,3.0885766819832026,1.354128085129878
CL102671,Individual,Male,Germany,Europe - West,Personal use,No,Website,4.0,56.0,0,0,0,50-59,5,Cash Home Buyers,-0.622647617429951,0.46624821964735913
CL102672,Individual,Female,United Kingdom,Europe - West,Investment,No,Website,3.0,47.0,1,0,0,40-49,1,Cash Investors,1.45001847173876,-1.3690582270464116
CL102673,Individual,Female,Germany,Europe - West,Personal use,No,Agent Referral,5.0,28.0,0,0,0,<30,5,Cash Home Buyers,-0.87633339214848,-0.42107195288101384
CL102674,Individual,Male,United Arab Emirates,Middle East,Personal use,No,Property Portal,5.0,36.0,0,0,0,30-39,5,Cash Home Buyers,-0.7870718738973886,-0.17396984723067027
CL102675,Individual,Other,France,Europe - West,Investment,No,Friend/Family,5.0,34.0,1,0,0,30-39,1,Cash Investors,1.4175360730606361,-1.8152971420159814
CL102676,Individual,Female,Germany,Europe - West,Investment,No,Social Media,4.0,42.0,1,0,0,40-49,1,Cash Investors,1.4503704051159478,-1.5427997364656973
CL102677,Individual,Female,Singapore,Southeast Asia,Investment,No,Agent Referral,5.0,38.0,1,0,0,30-39,1,Cash Investors,1.461615753304335,-1.6885515291824522
CL102678,Corporate,Not Specified,India,South Asia,Investment,Yes,Property Portal,4.0,51.0,1,1,1,50-59,2,Corporate Investors,1.725684747145673,1.8404551298653868
CL102679,Individual,Female,United Kingdom,Europe - West,Investment,No,Property Portal,5.0,26.0,1,0,0,<30,1,Cash Investors,1.3297506312127247,-2.0623182625492844
CL102680,Corporate,Not Specified,Singapore,Southeast Asia,Investment,No,Agent Referral,4.0,47.0,1,0,1,40-49,2,Corporate Investors,3.1436437821168983,1.3347014034859874
CL102681,Corporate,Not Specified,Singapore,Southeast Asia,Investment,No,Friend/Family,5.0,45.0,1,0,1,40-49,2,Corporate Investors,3.1768895138660067,1.2480441478801916
CL102682,Corporate,Not Specified,United States,North America - West,Investment,No,Property Portal,4.0,54.0,1,0,1,50-59,2,Corporate Investors,3.221848968350854,1.550760067185472
CL102683,Individual,Female,United Arab Emirates,Middle East,Investment,Yes,Agent Referral,4.0,43.0,1,1,0,40-49,3,Leveraged Investors,-0.0013105597223027692,-1.128510404221683
CL102684,Corporate,Not Specified,United Kingdom,Europe - West,Investment,No,Agent Referral,4.0,47.0,1,0,1,40-49,2,Corporate Investors,3.1436437821168983,1.3347014034859874
CL102685,Corporate,Not Specified,India,South Asia,Investment,No,Social Media,4.0,59.0,1,0,1,50-59,2,Corporate Investors,3.276061838024129,1.706802205135628
CL102686,Corporate,Not Specified,Canada,North America - East,Investment,No,Agent Referral,4.0,48.0,1,0,1,40-49,2,Corporate Investors,3.1547001141340334,1.3657448454368462
CL102687,Individual,Female,India,South Asia,Investment,No,Friend/Family,4.0,53.0,1,0,0,50-59,1,Cash Investors,1.5723936334276656,-1.20347321827568
CL102688,Individual,Female,Canada,North America - East,Personal use,Yes,Social Media,3.0,37.0,0,1,0,30-39,0,Mortgage Home Buyers,-2.3505050533635043,0.28472096479651066
CL102689,Corporate,Not Specified,France,Europe - West,Investment,No,Agent Referral,5.0,61.0,1,0,1,60+,2,Corporate Investors,3.3536451783153267,1.7473110641240257
CL102690,Individual,Male,Australia,Oceania,Personal use,Yes,Agent Referral,5.0,22.0,0,1,0,<30,0,Mortgage Home Buyers,-2.405666609405066,-0.22450721605367552
CL102691,Individual,Male,United Kingdom,Europe - West,Personal use,Yes,Friend/Family,4.0,52.0,0,1,0,50-59,0,Mortgage Home Buyers,-2.129043749024709,0.7262227241159787
CL102692,Individual,Female,Singapore,Southeast Asia,Personal use,Yes,Website,5.0,50.0,0,1,0,40-49,0,Mortgage Home Buyers,-2.0967680867280003,0.640814429800713
CL102693,Individual,Male,Brazil,Latin America,Personal use,Yes,Agent Referral,5.0,35.0,0,1,0,30-39,0,Mortgage Home Buyers,-2.26193429318231,0.1790575293074887
CL102694,Individual,Female,Singapore,Southeast Asia,Personal use,Yes,Website,5.0,25.0,0,1,0,<30,0,Mortgage Home Buyers,-2.373176387156377,-0.13527161897075654
CL102695,Corporate,Not Specified,United States,North America - East,Investment,No,Property Portal,4.0,59.0,1,0,1,50-59,2,Corporate Investors,3.2771306284365296,1.7059772769397659
CL102696,Corporate,Not Specified,Singapore,Southeast Asia,Investment,No,Website,3.0,54.0,1,0,1,50-59,2,Corporate Investors,3.16514658447559,1.570109295046326
CL102697,Corporate,Not Specified,United States,North America - East,Investment,No,Website,3.0,61.0,1,0,1,60+,2,Corporate Investors,3.2425409085955357,1.7874133887023376
CL102698,Individual,Female,United Kingdom,Europe - West,Investment,Yes,Property Portal,3.0,48.0,1,1,0,40-49,3,Leveraged Investors,-0.0004307854811538901,-0.952540097749931
CL102699,Individual,Male,Singapore,Southeast Asia,Investment,No,Website,3.0,41.0,1,0,0,40-49,1,Cash Investors,1.3836804796359496,-1.5553188787515642
CL102700,Individual,Male,India,South Asia,Investment,Yes,Friend/Family,2.0,51.0,1,1,0,50-59,3,Leveraged Investors,-0.023139751677454932,-0.8387376602969373
CL102701,Individual,Male,France,Europe - West,Investment,Yes,Agent Referral,5.0,45.0,1,1,0,40-49,3,Leveraged Investors,0.07601485227050475,-1.0884220469939498
CL102702,Individual,Male,United Kingdom,Europe - West,Personal use,No,Property Portal,2.0,51.0,0,0,0,50-59,5,Cash Home Buyers,-0.7868651375159742,0.3576773620541651
CL102703,Individual,Male,Singapore,Southeast Asia,Personal use,Yes,Website,4.0,22.0,0,1,0,<30,0,Mortgage Home Buyers,-2.4615581311663197,-0.20640341814934834
CL102704,Corporate,Not Specified,India,South Asia,Investment,No,Website,5.0,51.0,1,0,1,50-59,2,Corporate Investors,3.2424030843412592,1.4329819158457806
CL102705,Individual,Male,Germany,Europe - West,Personal use,Yes,Agent Referral,3.0,36.0,0,1,0,30-39,0,Mortgage Home Buyers,-2.3613034570822493,0.25409802460631653
CL102706,Individual,Male,Australia,Oceania,Investment,No,Property Portal,4.0,53.0,1,0,0,50-59,1,Cash Investors,1.5730588477168348,-1.202146803202113
CL102707,Individual,Male,Canada,North America - East,Personal use,No,Property Portal,4.0,61.0,0,0,0,60+,5,Cash Home Buyers,-0.5658763214275488,0.6241147282147839
CL102708,Individual,Male,United States,North America - East,Personal use,No,Agent Referral,5.0,39.0,0,0,0,30-39,5,Cash Home Buyers,-0.754713739959994,-0.07959409142156718
CL102709,Individual,Other,United Arab Emirates,Middle East,Investment,No,Agent Referral,3.0,35.0,1,0,0,30-39,1,Cash Investors,1.3180212613358553,-1.7376848016870596
CL102710,Individual,Male,Brazil,Latin America,Investment,No,Website,4.0,22.0,1,0,0,<30,1,Cash Investors,1.2288229192689202,-2.167142802491866
CL102711,Individual,Male,Canada,North America - East,Personal use,Yes,Agent Referral,5.0,50.0,0,1,0,40-49,0,Mortgage Home Buyers,-2.096089312925284,0.6447091585703705
CL102712,Individual,Female,Canada,North America - East,Personal use,Yes,Agent Referral,4.0,34.0,0,1,0,30-39,0,Mortgage Home Buyers,-2.3282033731579825,0.17001261403061435
CL102713,Corporate,Not Specified,United States,North America - East,Investment,No,Property Portal,3.0,35.0,1,0,1,30-39,2,Corporate Investors,2.9565659120667505,0.98293319679314
CL102714,Individual,Female,Singapore,Southeast Asia,Investment,No,Website,5.0,33.0,1,0,0,30-39,1,Cash Investors,1.4056553194159433,-1.8476634677064037
CL102715,Individual,Female,Canada,North America - East,Investment,Yes,Property Portal,3.0,65.0,1,1,0,60+,3,Leveraged Investors,0.18752685881014255,-0.4248015845853318
CL102716,Individual,Female,France,Europe - West,Investment,No,Website,4.0,50.0,1,0,0,40-49,1,Cash Investors,1.5384002157487027,-1.2979264278678198
CL102717,Individual,Female,Brazil,Latin America,Personal use,No,Property Portal,4.0,30.0,0,0,0,<30,5,Cash Home Buyers,-0.9086226139587364,-0.33823197226183843
CL102718,Individual,Other,United States,North America - West,Investment,No,Unknown,4.0,43.0,1,0,0,40-49,1,Cash Investors,1.4614715067275135,-1.5121274263788549
CL102719,Corporate,Not Specified,United Arab Emirates,Middle East,Investment,No,Website,5.0,61.0,1,0,1,60+,2,Corporate Investors,3.3529664045126104,1.7434163353543684
CL102720,Corporate,Not Specified,France,Europe - West,Personal use,No,Property Portal,4.0,34.0,0,0,1,30-39,4,Corporate Buyers,0.7733365027266882,2.5078052239783233
CL102721,Individual,Female,Singapore,Southeast Asia,Investment,Yes,Agent Referral,4.0,51.0,1,1,0,50-59,3,Leveraged Investors,0.08714009641477805,-0.8801628686148125
CL102722,Individual,Female,United Kingdom,Europe - West,Investment,No,Unknown,4.0,50.0,1,0,0,40-49,1,Cash Investors,1.5388658308474592,-1.2948233327228433
CL102723,Individual,Male,Germany,Europe - West,Personal use,Yes,Friend/Family,4.0,48.0,0,1,0,40-49,0,Mortgage Home Buyers,-2.1732690770932495,0.6020489563125435
CL102724,Individual,Female,United States,North America - West,Personal use,No,Event,4.0,40.0,0,0,0,30-39,5,Cash Home Buyers,-0.7990358718557848,-0.028067076240026006
CL102725,Individual,Male,India,South Asia,Personal use,No,Property Portal,4.0,29.0,0,0,0,<30,5,Cash Home Buyers,-0.9196789459758715,-0.3692754142126972
CL102726,Corporate,Not Specified,India,South Asia,Investment,No,Agent Referral,4.0,41.0,1,0,1,40-49,2,Corporate Investors,3.0773057900140874,1.1484407517808346
CL102727,Individual,Male,United States,North America - East,Personal use,No,Agent Referral,4.0,43.0,0,0,0,40-49,5,Cash Home Buyers,-0.7657011598499909,0.06657820305585252
CL102728,Individual,Female,United Kingdom,Europe - West,Investment,Yes,Friend/Family,3.0,23.0,1,1,0,<30,3,Leveraged Investors,-0.2775043001987001,-1.7299525615949678
CL102729,Individual,Female,Australia,Oceania,Personal use,Yes,Agent Referral,2.0,42.0,0,1,0,40-49,0,Mortgage Home Buyers,-2.3501782129379762,0.46235720298545374
CL102730,Individual,Male,United States,North America - West,Personal use,Yes,Social Media,5.0,40.0,0,1,0,30-39,0,Mortgage Home Buyers,-2.206910561395025,0.33385423730111796
CL102731,Corporate,Not Specified,United Kingdom,Europe - West,Investment,No,Agent Referral,4.0,37.0,1,0,1,30-39,2,Corporate Investors,3.033080461945547,1.0242669839773995
CL102732,Individual,Male,United Arab Emirates,Middle East,Personal use,Yes,Friend/Family,4.0,37.0,0,1,0,30-39,0,Mortgage Home Buyers,-2.2948887292817357,0.26057109485309693
CL102733,Individual,Female,United Kingdom,Europe - West,Personal use,Yes,Agent Referral,3.0,38.0,0,1,0,30-39,0,Mortgage Home Buyers,-2.339190793047979,0.3161849085080341
CL102734,Individual,Female,Canada,North America - East,Investment,No,Website,3.0,62.0,1,0,0,60+,1,Cash Investors,1.6158634519957864,-0.9034065977835299
CL102735,Corporate,Not Specified,Germany,Europe - West,Investment,No,Event,3.0,65.0,1,0,1,60+,2,Corporate Investors,3.2872792945124036,1.913966931832128
CL102736,Individual,Male,United States,North America - East,Investment,Yes,Property Portal,4.0,53.0,1,1,0,50-59,3,Leveraged Investors,0.11006362256305885,-0.8193214146696216
CL102737,Individual,Female,France,Europe - West,Personal use,Yes,Agent Referral,5.0,39.0,0,1,0,30-39,0,Mortgage Home Buyers,-2.21770896511377,0.30323129711092384
CL102738,Individual,Female,India,South Asia,Investment,Yes,Website,4.0,22.0,1,1,0,<30,3,Leveraged Investors,-0.23417230588485574,-1.7843174139593747
CL102739,Individual,Male,United Arab Emirates,Middle East,Personal use,Yes,Unknown,3.0,49.0,0,1,0,40-49,0,Mortgage Home Buyers,-2.217784299563453,0.6568711363427999
CL102740,Corporate,Not Specified,United States,North America - East,Investment,No,Agent Referral,3.0,46.0,1,0,1,40-49,2,Corporate Investors,3.077374702141226,1.325656488209113
CL102741,Individual,Male,Singapore,Southeast Asia,Personal use,No,Social Media,5.0,37.0,0,0,0,30-39,5,Cash Home Buyers,-0.7770843322926544,-0.14210147708394932
CL102742,Individual,Male,United States,North America - West,Personal use,Yes,Property Portal,3.0,30.0,0,1,0,<30,0,Mortgage Home Buyers,-2.42683058707105,0.06659194294463709
CL102743,Individual,Male,India,South Asia,Personal use,Yes,Agent Referral,3.0,42.0,0,1,0,40-49,0,Mortgage Home Buyers,-2.294965464979439,0.44035867631146913
CL102744,Individual,Male,United Kingdom,Europe - West,Personal use,Yes,Agent Referral,4.0,52.0,0,1,0,50-59,0,Mortgage Home Buyers,-2.1291893968495508,0.7287945691460725
CL102745,Individual,Male,India,South Asia,Personal use,Yes,Website,3.0,51.0,0,1,0,50-59,0,Mortgage Home Buyers,-2.1961372506279395,0.7158549250995407
CL102746,Corporate,Not Specified,United States,North America - East,Investment,Yes,Agent Referral,3.0,47.0,1,1,1,40-49,2,Corporate Investors,1.6254358090045846,1.7395253186924629
CL102747,Individual,Male,United States,North America - East,Investment,Yes,Social Media,2.0,61.0,1,1,0,60+,3,Leveraged Investors,0.08701999237066411,-0.5261518975189203
CL102748,Individual,Female,France,Europe - West,Investment,No,Website,4.0,23.0,1,0,0,<30,1,Cash Investors,1.2398792512860555,-2.136099360541007
CL102749,Individual,Female,United States,North America - East,Personal use,Yes,Event,3.0,27.0,0,1,0,<30,0,Mortgage Home Buyers,-2.460976161190854,-0.026807906394714625
CL102750,Individual,Male,Canada,North America - East,Personal use,No,Friend/Family,4.0,23.0,0,0,0,<30,5,Cash Home Buyers,-0.9866821523678511,-0.556862480991417
CL102751,Individual,Female,India,South Asia,Personal use,No,Agent Referral,4.0,48.0,0,0,0,40-49,5,Cash Home Buyers,-0.7104194997643155,0.22179541281014642
CL102752,Individual,Female,Singapore,Southeast Asia,Personal use,Yes,Social Media,4.0,33.0,0,1,0,30-39,0,Mortgage Home Buyers,-2.3395176334735077,0.13854867031909102
CL102753,Individual,Male,United States,North America - East,Personal use,Yes,Agent Referral,3.0,35.0,0,1,0,30-39,0,Mortgage Home Buyers,-2.3723597890993844,0.2230545826554577
CL102754,Individual,Male,Australia,Oceania,Personal use,No,Agent Referral,4.0,38.0,0,0,0,30-39,5,Cash Home Buyers,-0.8209828199356665,-0.08863900669844152
CL102755,Corporate,Not Specified,India,South Asia,Investment,No,Social Media,4.0,49.0,1,0,1,40-49,2,Corporate Investors,3.1654985178527784,1.3963677856270402
CL102756,Individual,Female,Singapore,Southeast Asia,Personal use,No,Website,3.0,25.0,0,0,0,<30,5,Cash Home Buyers,-1.020606657919676,-0.4740999541552785
CL102757,Individual,Male,India,South Asia,Investment,Yes,Agent Referral,5.0,27.0,1,1,0,<30,3,Leveraged Investors,-0.12299912403792679,-1.6472040021094079
CL102758,Individual,Male,India,South Asia,Investment,No,Website,3.0,41.0,1,0,0,40-49,1,Cash Investors,1.3836804796359496,-1.5553188787515642
CL102759,Individual,Female,France,Europe - West,Investment,Yes,Website,3.0,54.0,1,1,0,50-59,3,Leveraged Investors,0.06441757070492991,-0.7689287448579092
CL102760,Individual,Other,United Arab Emirates,Middle East,Investment,No,Friend/Family,3.0,41.0,1,0,0,40-49,1,Cash Investors,1.3845049012635073,-1.5539959950120006
CL102761,Individual,Male,Australia,Oceania,Personal use,Yes,Event,3.0,32.0,0,1,0,30-39,0,Mortgage Home Buyers,-2.4056945011051787,0.12840930335957926
CL102762,Individual,Female,United States,North America - West,Personal use,No,Friend/Family,4.0,23.0,0,0,0,<30,5,Cash Home Buyers,-0.9866821523678511,-0.556862480991417
CL102763,Corporate,Not Specified,United Kingdom,Europe - West,Investment,No,Event,5.0,36.0,1,0,1,30-39,2,Corporate Investors,3.077071161932561,0.9697100619092542
CL102764,Corporate,Not Specified,United States,North America - East,Investment,Yes,Social Media,3.0,45.0,1,1,1,40-49,2,Corporate Investors,1.6030652166719244,1.6770179330300807
CL102765,Individual,Female,Australia,Oceania,Personal use,No,Agent Referral,4.0,29.0,0,0,0,<30,5,Cash Home Buyers,-0.9204898080898821,-0.3680299842561705
CL102766,Corporate,Not Specified,Germany,Europe - West,Personal use,Yes,Property Portal,2.0,55.0,0,1,1,50-59,4,Corporate Buyers,-0.5679012459843255,3.5865399468268175
CL102767,Corporate,Not Specified,India,South Asia,Investment,No,Website,3.0,31.0,1,0,1,30-39,2,Corporate Investors,2.910850948081483,0.856110130176574
CL102768,Individual,Male,Singapore,Southeast Asia,Investment,Yes,Website,4.0,31.0,1,1,0,30-39,3,Leveraged Investors,-0.13466531773063997,-1.5049264364016457
CL102769,Individual,Female,Brazil,Latin America,Investment,No,Event,5.0,38.0,1,0,0,30-39,1,Cash Investors,1.4614500373499466,-1.6900664826257543
CL102770,Individual,Male,United States,North America - East,Personal use,No,Friend/Family,4.0,28.0,0,0,0,<30,5,Cash Home Buyers,-0.9314004922821757,-0.4016452712371232
CL102771,Individual,Other,India,South Asia,Personal use,Yes,Property Portal,5.0,44.0,0,1,0,40-49,0,Mortgage Home Buyers,-2.161616442914084,0.4572030769086911
CL102772,Individual,Male,Australia,Oceania,Personal use,No,Website,3.0,39.0,0,0,0,30-39,5,Cash Home Buyers,-0.8658180096797847,-0.03949176684325554
CL102773,Individual,Male,United States,North America - East,Personal use,No,Friend/Family,4.0,65.0,0,0,0,60+,5,Cash Home Buyers,-0.5223162076481775,0.7469620809446518
CL102774,Corporate,Not Specified,India,South Asia,Investment,No,Agent Referral,4.0,30.0,1,0,1,<30,2,Corporate Investors,2.9556861378256016,0.8069628903213881
CL102775,Individual,Male,United Kingdom,Europe - West,Investment,Yes,Agent Referral,5.0,42.0,1,1,0,40-49,3,Leveraged Investors,0.042845856219099525,-1.1815523728465263
CL102776,Individual,Female,United Arab Emirates,Middle East,Investment,No,Property Portal,4.0,43.0,1,0,0,40-49,1,Cash Investors,1.4624955275454838,-1.5125812227107007
CL102777,Individual,Male,France,Europe - West,Investment,Yes,Agent Referral,2.0,30.0,1,1,0,<30,3,Leveraged Investors,-0.25546837186213334,-1.4880780962348779
CL102778,Individual,Female,Canada,North America - East,Investment,No,Friend/Family,5.0,42.0,1,0,0,40-49,1,Cash Investors,1.505986729197717,-1.566949606409111
CL102779,Corporate,Not Specified,United States,North America - West,Investment,No,Property Portal,5.0,57.0,1,0,1,50-59,2,Corporate Investors,3.310230712360797,1.6218918663640638
CL102780,Individual,Female,United States,North America - West,Investment,No,Property Portal,4.0,42.0,1,0,0,40-49,1,Cash Investors,1.4514391955283488,-1.5436246646615595
CL102781,Individual,Female,United States,North America - West,Personal use,Yes,Website,3.0,57.0,0,1,0,50-59,0,Mortgage Home Buyers,-2.129799258525129,0.9021155768046936
CL102782,Individual,Female,United Arab Emirates,Middle East,Investment,No,Website,5.0,23.0,1,0,0,<30,1,Cash Investors,1.2950919992445926,-2.1580978872149914
CL102783,Individual,Female,United Kingdom,Europe - West,Personal use,Yes,Property Portal,5.0,32.0,0,1,0,30-39,0,Mortgage Home Buyers,-2.294292427119705,0.08468177349838567
CL102784,Individual,Male,United States,North America - West,Investment,Yes,Social Media,4.0,57.0,1,1,0,50-59,3,Leveraged Investors,0.15322016021919832,-0.6943227186703246
CL102785,Individual,Female,India,South Asia,Investment,No,Social Media,3.0,51.0,1,0,0,50-59,1,Cash Investors,1.4946646453116263,-1.2414102322339837
CL102786,Individual,Female,India,South Asia,Investment,No,Website,5.0,46.0,1,0,0,40-49,1,Cash Investors,1.5493876356386995,-1.4440987223452395
CL102787,Individual,Male,France,Europe - West,Investment,No,Website,4.0,55.0,1,0,0,50-59,1,Cash Investors,1.593681875834378,-1.1427092181135259
CL102788,Individual,Female,Australia,Oceania,Personal use,Yes,Event,3.0,23.0,0,1,0,<30,0,Mortgage Home Buyers,-2.5052014892593943,-0.1509816741981497
CL102789,Individual,Male,United Kingdom,Europe - West,Personal use,Yes,Social Media,5.0,50.0,0,1,0,40-49,0,Mortgage Home Buyers,-2.096347241223674,0.6442886568097058
CL102790,Individual,Female,Singapore,Southeast Asia,Personal use,Yes,Property Portal,4.0,52.0,0,1,0,50-59,0,Mortgage Home Buyers,-2.1283785347355404,0.7275491391895459
CL102791,Individual,Male,United States,North America - West,Investment,No,Agent Referral,5.0,33.0,1,0,0,30-39,1,Cash Investors,1.4063340932186594,-1.8437687389367463
CL102792,Individual,Female,India,South Asia,Investment,Yes,Agent Referral,3.0,69.0,1,1,0,60+,3,Leveraged Investors,0.2309413247646722,-0.29938238682537005
CL102793,Individual,Male,Brazil,Latin America,Investment,No,Social Media,4.0,44.0,1,0,0,40-49,1,Cash Investors,1.4724830691502182,-1.4807128525639797
CL102794,Individual,Female,Singapore,Southeast Asia,Personal use,Yes,Property Portal,3.0,22.0,0,1,0,<30,0,Mortgage Home Buyers,-2.5152812432081304,-0.18175559266223312
CL102795,Individual,Male,United Arab Emirates,Middle East,Investment,Yes,Agent Referral,4.0,45.0,1,1,0,40-49,3,Leveraged Investors,0.0208021043119676,-1.0664235203199655
CL102796,Individual,Female,United Arab Emirates,Middle East,Investment,Yes,Agent Referral,5.0,34.0,1,1,0,30-39,3,Leveraged Investors,-0.04560479991798128,-1.4298999084533965
CL102797,Corporate,Not Specified,United Kingdom,Europe - West,Personal use,No,Social Media,3.0,45.0,0,0,1,40-49,4,Corporate Buyers,0.838674616544236,2.8721065403076165
CL102798,Individual,Female,India,South Asia,Personal use,No,Website,3.0,47.0,0,0,0,40-49,5,Cash Home Buyers,-0.7773673535427041,0.20885576876361475
CL102799,Individual,Male,India,South Asia,Personal use,Yes,Agent Referral,5.0,35.0,0,1,0,30-39,0,Mortgage Home Buyers,-2.26193429318231,0.1790575293074887
CL102800,Individual,Male,Brazil,Latin America,Investment,No,Social Media,4.0,57.0,1,0,0,50-59,1,Cash Investors,1.6162153853729742,-1.0771481072028157
CL102801,Individual,Male,France,Europe - West,Investment,No,Website,5.0,51.0,1,0,0,50-59,1,Cash Investors,1.6046692957243749,-1.2888815125909454
CL102802,Individual,Female,United States,North America - West,Investment,No,Friend/Family,3.0,32.0,1,0,0,30-39,1,Cash Investors,1.2849979131092915,-1.8333869725697298
CL102803,Individual,Male,United Arab Emirates,Middle East,Personal use,Yes,Website,4.0,39.0,0,1,0,30-39,0,Mortgage Home Buyers,-2.2736004868750235,0.32133509501525087
CL102804,Individual,Female,United States,North America - West,Personal use,Yes,Friend/Family,4.0,46.0,0,1,0,40-49,0,Mortgage Home Buyers,-2.1953817411275196,0.539962072410826
CL102805,Individual,Male,Canada,North America - East,Investment,Yes,Property Portal,4.0,36.0,1,1,0,30-39,3,Leveraged Investors,-0.07789402172823762,-1.3470599278342212
CL102806,Individual,Female,United Kingdom,Europe - West,Personal use,No,Property Portal,2.0,38.0,0,0,0,30-39,5,Cash Home Buyers,-0.9305974537387304,-0.04588738330699904
CL102807,Individual,Male,India,South Asia,Investment,No,Friend/Family,5.0,42.0,1,0,0,40-49,1,Cash Investors,1.505986729197717,-1.566949606409111
CL102808,Individual,Male,United States,North America - East,Personal use,Yes,Social Media,4.0,29.0,0,1,0,<30,0,Mortgage Home Buyers,-2.383742961542048,0.014374902515655862
CL102809,Corporate,Not Specified,United States,North America - East,Investment,No,Agent Referral,3.0,60.0,1,0,1,50-59,2,Corporate Investors,3.232163350381117,1.7602646755211362
CL102810,Individual,Male,United States,North America - East,Investment,Yes,Agent Referral,4.0,43.0,1,1,0,40-49,3,Leveraged Investors,-0.0013105597223027692,-1.128510404221683
CL102811,Corporate,Not Specified,Singapore,Southeast Asia,Investment,Yes,Website,4.0,57.0,1,1,1,50-59,2,Corporate Investors,1.7905331033317566,2.0240664827574086
CL102812,Individual,Male,India,South Asia,Personal use,Yes,Friend/Family,4.0,30.0,0,1,0,<30,0,Mortgage Home Buyers,-2.372283053401681,0.04326700119708548
CL102813,Individual,Female,United States,North America - East,Investment,Yes,Website,4.0,22.0,1,1,0,<30,3,Leveraged Investors,-0.23417230588485574,-1.7843174139593747
CL102814,Individual,Other,United States,North America - East,Investment,Yes,Agent Referral,4.0,23.0,1,1,0,<30,3,Leveraged Investors,-0.22243720006500436,-1.7493792432388584
CL102815,Individual,Male,United Arab Emirates,Middle East,Personal use,Yes,Social Media,2.0,46.0,0,1,0,40-49,0,Mortgage Home Buyers,-2.306210813167826,0.5861104690282243
CL102816,Individual,Female,United Kingdom,Europe - West,Personal use,Yes,Friend/Family,4.0,39.0,0,1,0,30-39,0,Mortgage Home Buyers,-2.2727760652474656,0.3226579787548145
CL102817,Individual,Male,United Arab Emirates,Middle East,Personal use,Yes,Agent Referral,3.0,38.0,0,1,0,30-39,0,Mortgage Home Buyers,-2.339190793047979,0.3161849085080341
CL102818,Individual,Male,Germany,Europe - West,Personal use,Yes,Agent Referral,5.0,27.0,0,1,0,<30,0,Mortgage Home Buyers,-2.3503849493193907,-0.06929000629938156
CL102819,Individual,Male,Australia,Oceania,Personal use,Yes,Social Media,3.0,33.0,0,1,0,30-39,0,Mortgage Home Buyers,-2.3947303814320446,0.1605471969930755
CL102820,Corporate,Not Specified,United Kingdom,Europe - West,Investment,No,Property Portal,4.0,44.0,1,0,1,40-49,2,Corporate Investors,3.1112856481795035,1.2403256476768842
CL102821,Individual,Male,India,South Asia,Investment,No,Friend/Family,3.0,40.0,1,0,0,30-39,1,Cash Investors,1.3734485692463723,-1.5850394369628595
CL102822,Individual,Female,United States,North America - West,Investment,No,Agent Referral,4.0,50.0,1,0,0,40-49,1,Cash Investors,1.5390789895514188,-1.2940316990981624
CL102823,Individual,Female,Brazil,Latin America,Investment,Yes,Property Portal,3.0,52.0,1,1,0,50-59,3,Leveraged Investors,0.0437945425873864,-0.8283663299464958
CL102824,Individual,Female,Brazil,Latin America,Investment,No,Website,4.0,39.0,1,0,0,30-39,1,Cash Investors,1.4167805635602166,-1.6394042893272665
CL102825,Corporate,Not Specified,India,South Asia,Investment,No,Agent Referral,4.0,39.0,1,0,1,30-39,2,Corporate Investors,3.0551931259798173,1.086353867879117
CL102826,Individual,Male,Germany,Europe - West,Personal use,Yes,Website,4.0,32.0,0,1,0,30-39,0,Mortgage Home Buyers,-2.350994810994969,0.10403100135923943
CL102827,Individual,Female,United States,North America - West,Investment,No,Agent Referral,4.0,40.0,1,0,0,30-39,1,Cash Investors,1.4285156693800678,-1.6044661186067501
CL102828,Individual,Male,Singapore,Southeast Asia,Personal use,No,Friend/Family,4.0,32.0,0,0,0,30-39,5,Cash Home Buyers,-0.8871751642136354,-0.277471503433688
CL102829,Individual,Male,India,South Asia,Personal use,No,Social Media,4.0,30.0,0,0,0,<30,5,Cash Home Buyers,-0.9096914043711373,-0.3374070440659763
CL102830,Individual,Male,Canada,North America - East,Personal use,Yes,Property Portal,4.0,41.0,0,1,0,40-49,0,Mortgage Home Buyers,-2.249998186924026,0.3860712777300992
CL102831,Corporate,Not Specified,Germany,Europe - West,Personal use,Yes,Social Media,3.0,53.0,0,1,1,50-59,4,Corporate Buyers,-0.535869952472459,3.503279464446978
CL102832,Individual,Female,Germany,Europe - West,Investment,No,Agent Referral,5.0,35.0,1,0,0,30-39,1,Cash Investors,1.4284467572529296,-1.7816818550350286
CL102833,Individual,Male,Singapore,Southeast Asia,Investment,Yes,Social Media,3.0,41.0,1,1,0,40-49,3,Leveraged Investors,-0.0788939000135002,-1.1690192632100807
CL102834,Individual,Male,India,South Asia,Investment,No,Friend/Family,4.0,26.0,1,0,0,<30,1,Cash Investors,1.2738726689650184,-2.041646150948867
CL102835,Individual,Female,United Arab Emirates,Middle East,Personal use,No,Social Media,4.0,54.0,0,0,0,50-59,5,Cash Home Buyers,-0.6443394359598953,0.4076355627546344
CL102836,Corporate,Not Specified,United Arab Emirates,Middle East,Investment,No,Agent Referral,5.0,56.0,1,0,1,50-59,2,Corporate Investors,3.2983635182296513,1.5920938543697318
CL102837,Individual,Male,Canada,North America - East,Personal use,Yes,Social Media,3.0,49.0,0,1,0,40-49,0,Mortgage Home Buyers,-2.2178290691578835,0.6572422682068161
CL102838,Individual,Male,United Kingdom,Europe - West,Investment,Yes,Social Media,3.0,55.0,1,1,0,50-59,3,Leveraged Investors,0.07589474822639104,-0.7344110758980575
CL102839,Individual,Female,United States,North America - East,Personal use,Yes,Agent Referral,4.0,37.0,0,1,0,30-39,0,Mortgage Home Buyers,-2.2950343771065773,0.26314293988319076
CL102840,Individual,Male,India,South Asia,Investment,No,Property Portal,4.0,38.0,1,0,0,30-39,1,Cash Investors,1.4072138674598085,-1.6677984324649946
CL102841,Individual,Male,Germany,Europe - West,Investment,Yes,Agent Referral,5.0,59.0,1,1,0,50-59,3,Leveraged Investors,0.23080350051039597,-0.6538138596819268
CL102842,Individual,Male,Germany,Europe - West,Personal use,Yes,Website,4.0,47.0,0,1,0,40-49,0,Mortgage Home Buyers,-2.1851498307379424,0.5696826306221212
CL102843,Corporate,Not Specified,Canada,North America - East,Investment,No,Friend/Family,3.0,37.0,1,0,1,30-39,2,Corporate Investors,2.978013361811852,1.0436936656212903
CL102844,Individual,Other,United States,North America - East,Personal use,Yes,Property Portal,3.0,47.0,0,1,0,40-49,0,Mortgage Home Buyers,-2.238872942779753,0.5943304561092366
CL102845,Individual,Female,United Arab Emirates,Middle East,Personal use,Yes,Friend/Family,3.0,35.0,0,1,0,30-39,0,Mortgage Home Buyers,-2.3722141412745428,0.22048273762536386
CL102846,Individual,Other,Canada,North America - East,Personal use,Yes,Social Media,4.0,50.0,0,1,0,40-49,0,Mortgage Home Buyers,-2.151559989182211,0.6662871834836902
CL102847,Individual,Female,United States,North America - East,Investment,No,Event,5.0,45.0,1,0,0,40-49,1,Cash Investors,1.5388443614698921,-1.472762388969743
CL102848,Individual,Female,India,South Asia,Personal use,Yes,Agent Referral,4.0,22.0,0,1,0,<30,0,Mortgage Home Buyers,-2.4608793573636034,-0.2025086893796909
CL102849,Individual,Female,United Kingdom,Europe - West,Investment,No,Agent Referral,4.0,44.0,1,0,0,40-49,1,Cash Investors,1.4727409974486083,-1.480292350803315
CL102850,Individual,Female,United Kingdom,Europe - West,Investment,Yes,Social Media,4.0,44.0,1,1,0,40-49,3,Leveraged Investors,0.009487843996442374,-1.0978874640314888
CL102851,Corporate,Not Specified,Germany,Europe - West,Investment,No,Agent Referral,5.0,53.0,1,0,1,50-59,2,Corporate Investors,3.265194522178246,1.4989635285171554
CL102852,Individual,Male,Singapore,Southeast Asia,Personal use,Yes,Social Media,4.0,48.0,0,1,0,40-49,0,Mortgage Home Buyers,-2.173672653216481,0.6042002995819727
CL102853,Individual,Female,United Kingdom,Europe - West,Investment,Yes,Event,4.0,57.0,1,1,0,50-59,3,Leveraged Investors,0.15331237256319996,-0.695417170352962
CL102854,Individual,Male,India,South Asia,Personal use,No,Agent Referral,4.0,46.0,0,0,0,40-49,5,Cash Home Buyers,-0.7325321637985857,0.15970852890842885
CL102855,Individual,Male,Australia,Oceania,Investment,No,Website,3.0,41.0,1,0,0,40-49,1,Cash Investors,1.3836804796359496,-1.5553188787515642
CL102856,Individual,Male,United Arab Emirates,Middle East,Investment,Yes,Agent Referral,4.0,53.0,1,1,0,50-59,3,Leveraged Investors,0.10925276044904819,-0.818075984713095
CL102857,Corporate,Not Specified,Germany,Europe - West,Investment,No,Social Media,5.0,46.0,1,0,1,40-49,2,Corporate Investors,3.18754226975991,1.2812389331004794
CL102858,Individual,Male,India,South Asia,Investment,No,Friend/Family,5.0,51.0,1,0,0,50-59,1,Cash Investors,1.6054937173519326,-1.2875586288513818
CL102859,Individual,Male,Germany,Europe - West,Investment,Yes,Event,5.0,43.0,1,1,0,40-49,3,Leveraged Investors,0.05373647228184609,-1.1520238843389696
CL102860,Corporate,Not Specified,Germany,Europe - West,Investment,No,Friend/Family,4.0,35.0,1,0,1,30-39,2,Corporate Investors,3.0111134457361186,0.9596082550455881
CL102861,Individual,Male,France,Europe - West,Investment,No,Event,3.0,43.0,1,0,0,40-49,1,Cash Investors,1.4063062015185475,-1.4908522195234915
CL102862,Individual,Female,United Kingdom,Europe - West,Investment,No,Agent Referral,3.0,41.0,1,0,0,40-49,1,Cash Investors,1.3843592534386657,-1.5514241499819068
CL102863,Individual,Male,United States,North America - West,Investment,No,Agent Referral,5.0,64.0,1,0,0,60+,1,Cash Investors,1.7490803857498474,-0.8814220384601239
CL102864,Individual,Male,Germany,Europe - West,Investment,No,Agent Referral,3.0,33.0,1,0,0,30-39,1,Cash Investors,1.2959085973015851,-1.7997716855887773
CL102865,Individual,Male,United States,North America - East,Personal use,No,Property Portal,5.0,53.0,0,0,0,50-59,5,Cash Home Buyers,-0.5991142296060922,0.3537686659339292
CL102866,Individual,Female,Germany,Europe - West,Investment,Yes,Website,3.0,39.0,1,1,0,30-39,3,Leveraged Investors,-0.1014274095520964,-1.2345803741207908
CL102867,Individual,Female,United Arab Emirates,Middle East,Personal use,No,Website,5.0,24.0,0,0,0,<30,5,Cash Home Buyers,-0.9212374940197365,-0.5491404494541064
CL102868,Individual,Male,Australia,Oceania,Personal use,Yes,Agent Referral,4.0,39.0,0,1,0,30-39,0,Mortgage Home Buyers,-2.272921713072307,0.32522982378490833
CL102869,Individual,Male,United States,North America - East,Personal use,No,Agent Referral,5.0,35.0,0,0,0,30-39,5,Cash Home Buyers,-0.7989390680285343,-0.2037678592250023
CL102870,Corporate,Not Specified,United Arab Emirates,Middle East,Investment,No,Friend/Family,5.0,57.0,1,0,1,50-59,2,Corporate Investors,3.309565498071628,1.6205654512904968
CL102871,Individual,Female,Germany,Europe - West,Investment,Yes,Property Portal,3.0,43.0,1,1,0,40-49,3,Leveraged Investors,-0.055712445566829256,-1.107757307504225
CL102872,Individual,Male,United States,North America - East,Personal use,Yes,Website,3.0,29.0,0,1,0,<30,0,Mortgage Home Buyers,-2.4393765550049116,0.032899202180647645
CL102873,Individual,Male,Canada,North America - East,Personal use,No,Social Media,3.0,58.0,0,0,0,50-59,5,Cash Home Buyers,-0.6553268558498921,0.5538078572320541
CL102874,Individual,Male,United States,North America - West,Investment,No,Website,3.0,52.0,1,0,0,50-59,1,Cash Investors,1.5053001318244355,-1.2138410172921177
CL102875,Individual,Male,United States,North America - East,Personal use,Yes,Agent Referral,4.0,58.0,0,1,0,50-59,0,Mortgage Home Buyers,-2.0628514047467403,0.9150552208512251
CL102876,Individual,Female,Canada,North America - East,Investment,Yes,Agent Referral,3.0,44.0,1,1,0,40-49,3,Leveraged Investors,-0.04546697566370484,-1.0754684355968396
CL102877,Individual,Other,Germany,Europe - West,Personal use,Yes,Social Media,3.0,40.0,0,1,0,30-39,0,Mortgage Home Buyers,-2.317336057312099,0.37785129064908696
CL102878,Individual,Other,France,Europe - West,Personal use,Yes,Social Media,3.0,49.0,0,1,0,40-49,0,Mortgage Home Buyers,-2.2178290691578835,0.6572422682068161
CL102879,Individual,Female,United States,North America - West,Investment,No,Friend/Family,4.0,34.0,1,0,0,30-39,1,Cash Investors,1.362323325102099,-1.7932986153419967
CL102880,Individual,Male,United States,North America - West,Investment,Yes,Property Portal,3.0,42.0,1,1,0,40-49,3,Leveraged Investors,-0.06676877758396432,-1.138800749455084
CL102881,Individual,Other,United States,North America - East,Personal use,Yes,Website,3.0,39.0,0,1,0,30-39,0,Mortgage Home Buyers,-2.3288132348335604,0.34333362168923537
CL102882,Individual,Male,France,Europe - West,Investment,Yes,Friend/Family,4.0,25.0,1,1,0,<30,3,Leveraged Investors,-0.20017888820589266,-1.6898642043672347
CL102883,Individual,Male,United Kingdom,Europe - West,Personal use,Yes,Friend/Family,2.0,43.0,0,1,0,40-49,0,Mortgage Home Buyers,-2.3389762330959996,0.49082879990621864
CL102884,Individual,Female,France,Europe - West,Investment,No,Website,5.0,37.0,1,0,0,30-39,1,Cash Investors,1.4498806474844839,-1.7234896999029685
CL102885,Individual,Male,Canada,North America - East,Investment,No,Agent Referral,4.0,38.0,1,0,0,30-39,1,Cash Investors,1.4064030053457977,-1.6665530025084678
CL102886,Individual,Female,United States,North America - West,Personal use,No,Website,4.0,46.0,0,0,0,40-49,5,Cash Home Buyers,-0.7332109376013018,0.1558138001387714
CL102887,Individual,Other,Australia,Oceania,Personal use,Yes,Website,5.0,55.0,0,1,0,50-59,0,Mortgage Home Buyers,-2.0414864266423245,0.7960316395550069
CL102888,Individual,Female,United States,North America - West,Personal use,Yes,Agent Referral,5.0,32.0,0,1,0,30-39,0,Mortgage Home Buyers,-2.2951032892337153,0.08592720345491237
CL102889,Individual,Female,United States,North America - West,Personal use,No,Agent Referral,5.0,37.0,0,0,0,30-39,5,Cash Home Buyers,-0.7768264039942642,-0.14168097532328472
CL102890,Individual,Male,United States,North America - East,Investment,Yes,Property Portal,3.0,33.0,1,1,0,30-39,3,Leveraged Investors,-0.16627576573818012,-1.418191727012813
CL102891,Corporate,Not Specified,Brazil,Latin America,Investment,No,Property Portal,3.0,66.0,1,0,1,60+,2,Corporate Investors,3.2993122045979377,1.945279897269762
CL102892,Individual,Female,United Arab Emirates,Middle East,Investment,Yes,Social Media,3.0,34.0,1,1,0,30-39,3,Leveraged Investors,-0.15628822413344584,-1.386323356866092
CL102893,Corporate,Not Specified,United Arab Emirates,Middle East,Investment,No,Friend/Family,5.0,62.0,1,0,1,60+,2,Corporate Investors,3.3648471581573034,1.7757826610447907
CL102894,Individual,Female,Brazil,Latin America,Investment,No,Event,4.0,47.0,1,0,0,40-49,1,Cash Investors,1.5057442775456251,-1.388676978394041
CL102895,Individual,Male,United States,North America - West,Personal use,No,Agent Referral,4.0,45.0,0,0,0,40-49,5,Cash Home Buyers,-0.7435884958157207,0.12866508695757
CL102896,Individual,Male,Brazil,Latin America,Investment,Yes,Social Media,3.0,29.0,1,1,0,<30,3,Leveraged Investors,-0.21156988421912132,-1.5415405666203859
CL102897,Individual,Male,United States,North America - West,Investment,No,Friend/Family,3.0,56.0,1,0,0,50-59,1,Cash Investors,1.5503498815205337,-1.088344365749119
CL102898,Individual,Female,United Arab Emirates,Middle East,Personal use,No,Property Portal,4.0,52.0,0,0,0,50-59,5,Cash Home Buyers,-0.6653833095817646,0.34472375065705485
CL102899,Corporate,Not Specified,Germany,Europe - West,Investment,No,Property Portal,4.0,32.0,1,0,1,30-39,2,Corporate Investors,2.978609663973882,0.8678043442665792
CL102900,Individual,Female,United Kingdom,Europe - West,Personal use,Yes,Website,3.0,55.0,0,1,0,50-59,0,Mortgage Home Buyers,-2.1519119225593992,0.8400286929029759
CL102901,Individual,Male,Australia,Oceania,Investment,No,Friend/Family,3.0,45.0,1,0,0,40-49,1,Cash Investors,1.4287302293320476,-1.4298222272085657
CL102902,Individual,Male,United States,North America - East,Investment,No,Agent Referral,4.0,40.0,1,0,0,30-39,1,Cash Investors,1.4285156693800678,-1.6044661186067501
CL102903,Individual,Male,Brazil,Latin America,Personal use,No,Agent Referral,5.0,44.0,0,0,0,40-49,5,Cash Home Buyers,-0.6994320798743187,0.07562311833272675
CL102904,Corporate,Not Specified,United Kingdom,Europe - West,Investment,No,Social Media,3.0,40.0,1,0,1,30-39,2,Corporate Investors,3.0107787817400253,1.1389753347432956
CL102905,Individual,Male,United Arab Emirates,Middle East,Personal use,Yes,Friend/Family,4.0,46.0,0,1,0,40-49,0,Mortgage Home Buyers,-2.1953817411275196,0.539962072410826
CL102906,Individual,Female,Brazil,Latin America,Investment,Yes,Website,1.0,43.0,1,1,0,40-49,3,Leveraged Investors,-0.16762757740063064,-1.0664095529693867
CL102907,Corporate,Not Specified,United States,North America - East,Investment,No,Agent Referral,4.0,49.0,1,0,1,40-49,2,Corporate Investors,3.1657564461511685,1.3967882873877049
CL102908,Corporate,Not Specified,Australia,Oceania,Investment,No,Unknown,2.0,63.0,1,0,1,60+,2,Corporate Investors,3.2099064397700254,1.874601894423016
CL102909,Individual,Female,United Arab Emirates,Middle East,Investment,No,Website,5.0,46.0,1,0,0,40-49,1,Cash Investors,1.5493876356386995,-1.4440987223452395
CL102910,Individual,Female,India,South Asia,Personal use,No,Property Portal,5.0,37.0,0,0,0,30-39,5,Cash Home Buyers,-0.7760155418802536,-0.14292640527981143
CL102911,Corporate,Not Specified,United States,North America - West,Investment,No,Social Media,3.0,36.0,1,0,1,30-39,2,Corporate Investors,2.966553453671485,1.0148015669398605
CL102912,Individual,Male,France,Europe - West,Investment,No,Social Media,4.0,47.0,1,0,0,40-49,1,Cash Investors,1.5056520652016234,-1.3875825267114035
CL102913,Individual,Female,India,South Asia,Investment,No,Website,5.0,37.0,1,0,0,30-39,1,Cash Investors,1.4498806474844839,-1.7234896999029685
CL102914,Individual,Female,Germany,Europe - West,Personal use,Yes,Event,5.0,53.0,0,1,0,50-59,0,Mortgage Home Buyers,-2.063086032828267,0.7363245309796448
CL102915,Corporate,Not Specified,United States,North America - West,Investment,No,Property Portal,4.0,37.0,1,0,1,30-39,2,Corporate Investors,3.0338913240595575,1.0230215540208727
CL102916,Corporate,Not Specified,Canada,North America - East,Personal use,No,Website,2.0,36.0,0,0,1,30-39,4,Corporate Buyers,0.683534034927157,2.611239862414879
CL102917,Individual,Female,Singapore,Southeast Asia,Investment,No,Friend/Family,3.0,39.0,1,0,0,30-39,1,Cash Investors,1.3623922372292372,-1.6160828789137183
CL102918,Individual,Female,United States,North America - West,Personal use,No,Property Portal,5.0,60.0,0,0,0,50-59,5,Cash Home Buyers,-0.5217199054861466,0.5710727595899405
CL102919,Individual,Male,India,South Asia,Investment,No,Website,5.0,34.0,1,0,0,30-39,1,Cash Investors,1.4167116514330784,-1.816620025755545
CL102920,Individual,Male,Brazil,Latin America,Personal use,Yes,Social Media,4.0,38.0,0,1,0,30-39,0,Mortgage Home Buyers,-2.2842359733878324,0.2937658800733849
CL102921,Corporate,Not Specified,United States,North America - West,Personal use,No,Property Portal,3.0,61.0,0,0,1,60+,4,Corporate Buyers,1.0166447192307986,3.367976683325495
CL102922,Individual,Male,United States,North America - East,Personal use,Yes,Unknown,5.0,48.0,0,1,0,40-49,0,Mortgage Home Buyers,-2.118415135663514,0.5818306410439722
CL102923,Individual,Female,India,South Asia,Investment,No,Property Portal,4.0,34.0,1,0,0,30-39,1,Cash Investors,1.3629885393912682,-1.7919722002684297
CL102924,Individual,Female,United States,North America - East,Personal use,Yes,Website,3.0,36.0,0,1,0,30-39,0,Mortgage Home Buyers,-2.3619822308849656,0.25020329583665907
CL102925,Individual,Male,United Arab Emirates,Middle East,Investment,No,Property Portal,4.0,36.0,1,0,0,30-39,1,Cash Investors,1.3851012034255383,-1.729885316366712
CL102926,Corporate,Not Specified,India,South Asia,Investment,No,Event,5.0,33.0,1,0,1,30-39,2,Corporate Investors,3.0439021658811556,0.8765797360566778
CL102927,Individual,Male,United Arab Emirates,Middle East,Personal use,No,Website,4.0,27.0,0,0,0,<30,5,Cash Home Buyers,-0.9432812459268685,-0.4340115969275455
CL102928,Corporate,Not Specified,United Kingdom,Europe - West,Investment,No,Agent Referral,5.0,35.0,1,0,1,30-39,2,Corporate Investors,3.0661805458698144,0.9401815734016976
CL102929,Individual,Female,India,South Asia,Personal use,Yes,Social Media,2.0,46.0,0,1,0,40-49,0,Mortgage Home Buyers,-2.306210813167826,0.5861104690282243
CL102930,Individual,Female,United Arab Emirates,Middle East,Personal use,No,Property Portal,3.0,22.0,0,0,0,<30,5,Cash Home Buyers,-1.0522860180543543,-0.5645809811947241
CL102931,Individual,Male,United States,North America - West,Investment,No,Website,3.0,51.0,1,0,0,50-59,1,Cash Investors,1.4942437998073004,-1.2448844592429764
CL102932,Individual,Female,United Arab Emirates,Middle East,Investment,Yes,Agent Referral,4.0,58.0,1,1,0,50-59,3,Leveraged Investors,0.16453442053472353,-0.6628587749588011
CL102933,Individual,Female,Australia,Oceania,Investment,Yes,Property Portal,4.0,40.0,1,1,0,30-39,3,Leveraged Investors,-0.03366869365969733,-1.222886160030786
CL102934,Individual,Female,United Arab Emirates,Middle East,Personal use,Yes,Agent Referral,4.0,56.0,0,1,0,50-59,0,Mortgage Home Buyers,-2.0849640687810105,0.8529683369495077
CL102935,Individual,Female,Germany,Europe - West,Personal use,Yes,Social Media,5.0,40.0,0,1,0,30-39,0,Mortgage Home Buyers,-2.206910561395025,0.33385423730111796
CL102936,Individual,Male,United Kingdom,Europe - West,Personal use,Yes,Social Media,3.0,59.0,0,1,0,50-59,0,Mortgage Home Buyers,-2.1072657489865327,0.9676766877154038
CL102937,Individual,Female,United States,North America - East,Investment,Yes,Event,3.0,36.0,1,1,0,30-39,3,Leveraged Investors,-0.13408334775517405,-1.325330924647012
CL102938,Individual,Male,Canada,North America - East,Investment,Yes,Website,3.0,22.0,1,1,0,<30,3,Leveraged Investors,-0.289385053843393,-1.76231888728539
CL102939,Individual,Male,United States,North America - East,Investment,No,Event,5.0,40.0,1,0,0,30-39,1,Cash Investors,1.4835627013842168,-1.6279795987240369
CL102940,Individual,Female,Brazil,Latin America,Investment,No,Social Media,5.0,59.0,1,0,0,50-59,1,Cash Investors,1.693540797365782,-1.0370597499750827
CL102941,Individual,Female,Canada,North America - East,Investment,Yes,Property Portal,3.0,46.0,1,1,0,40-49,3,Leveraged Investors,-0.022543449515424037,-1.0146269816516487
CL102942,Individual,Other,Singapore,Southeast Asia,Investment,Yes,Website,5.0,36.0,1,1,0,30-39,3,Leveraged Investors,-0.02417090968642712,-1.3717077533213362
CL102943,Individual,Male,United States,North America - West,Personal use,Yes,Friend/Family,3.0,45.0,0,1,0,40-49,0,Mortgage Home Buyers,-2.261650821103192,0.5309171571339517
CL102944,Individual,Male,United Kingdom,Europe - West,Personal use,No,Property Portal,5.0,51.0,0,0,0,50-59,5,Cash Home Buyers,-0.6212268936403624,0.2916817820322115
CL102945,Corporate,Not Specified,Germany,Europe - West,Investment,No,Property Portal,5.0,51.0,1,0,1,50-59,2,Corporate Investors,3.243892720257986,1.4356312146589112
CL102946,Individual,Male,United Kingdom,Europe - West,Personal use,Yes,Website,3.0,70.0,0,1,0,60+,0,Mortgage Home Buyers,-1.986066942302373,1.3056803221658577
CL102947,Individual,Female,India,South Asia,Investment,No,Social Media,4.0,35.0,1,0,0,30-39,1,Cash Investors,1.3729760809960023,-1.760103830121709
CL102948,Corporate,Not Specified,Brazil,Latin America,Investment,No,Website,2.0,31.0,1,0,1,30-39,2,Corporate Investors,2.855638200122946,0.8781086568505586
CL102949,Individual,Male,Singapore,Southeast Asia,Personal use,Yes,Website,4.0,49.0,0,1,0,40-49,0,Mortgage Home Buyers,-2.1630371667036723,0.6317695145238387
CL102950,Corporate,Not Specified,United States,North America - East,Investment,No,Friend/Family,3.0,53.0,1,0,1,50-59,2,Corporate Investors,3.154914674086013,1.5403887368350309
CL102951,Individual,Male,India,South Asia,Investment,No,Event,4.0,37.0,1,0,0,30-39,1,Cash Investors,1.3951809573742742,-1.6991113979026287
CL102952,Corporate,Not Specified,United States,North America - East,Investment,No,Friend/Family,5.0,53.0,1,0,1,50-59,2,Corporate Investors,3.2653401700030877,1.4963916834870616
CL102953,Corporate,Not Specified,Australia,Oceania,Investment,No,Website,5.0,33.0,1,0,1,30-39,2,Corporate Investors,3.043389108032828,0.8741999607303225
CL102954,Corporate,Not Specified,France,Europe - West,Investment,No,Agent Referral,5.0,53.0,1,0,1,50-59,2,Corporate Investors,3.265194522178246,1.4989635285171554
CL102955,Individual,Male,United Kingdom,Europe - West,Personal use,No,Agent Referral,4.0,23.0,0,0,0,<30,5,Cash Home Buyers,-0.9868278001926926,-0.5542906359613231
CL102956,Corporate,Not Specified,United States,North America - East,Investment,No,Website,4.0,30.0,1,0,1,<30,2,Corporate Investors,2.9550073640228853,0.8030681615517307
CL102957,Corporate,Not Specified,United States,North America - East,Investment,No,Property Portal,4.0,57.0,1,0,1,50-59,2,Corporate Investors,3.2550179644022594,1.6438903930380484
CL102958,Individual,Female,Canada,North America - East,Personal use,Yes,Website,3.0,40.0,0,1,0,30-39,0,Mortgage Home Buyers,-2.3177569028164253,0.3743770636400941
CL102959,Individual,Female,Australia,Oceania,Personal use,No,Website,4.0,45.0,0,0,0,40-49,5,Cash Home Buyers,-0.7442672696184369,0.12477035818791254
CL102960,Corporate,Not Specified,India,South Asia,Investment,No,Friend/Family,4.0,55.0,1,0,1,50-59,2,Corporate Investors,3.2322400860788205,1.5804770940627637
CL102961,Individual,Female,Brazil,Latin America,Personal use,Yes,Website,3.0,34.0,0,1,0,30-39,0,Mortgage Home Buyers,-2.3840948949192358,0.18811641193494152
CL102962,Individual,Male,United States,North America - East,Personal use,No,Agent Referral,3.0,39.0,0,0,0,30-39,5,Cash Home Buyers,-0.8651392358770685,-0.035597038073598104
CL102963,Individual,Male,United Arab Emirates,Middle East,Investment,No,Social Media,3.0,36.0,1,0,0,30-39,1,Cash Investors,1.3288196650546003,-1.7070618614968656
CL102964,Individual,Female,Canada,North America - East,Investment,No,Website,1.0,65.0,1,0,0,60+,1,Cash Investors,1.5386069521301171,-0.7662792185829844
CL102965,Individual,Male,France,Europe - West,Investment,Yes,Social Media,3.0,51.0,1,1,0,50-59,3,Leveraged Investors,0.031669420157850514,-0.8585848437014927
CL102966,Individual,Male,United Kingdom,Europe - West,Personal use,Yes,Social Media,4.0,31.0,0,1,0,30-39,0,Mortgage Home Buyers,-2.361630297507778,0.07646178641737342
CL102967,Individual,Female,United Kingdom,Europe - West,Personal use,Yes,Friend/Family,1.0,63.0,0,1,0,60+,0,Mortgage Home Buyers,-2.173062340711835,1.133696165597379
CL102968,Corporate,Not Specified,United Arab Emirates,Middle East,Investment,No,Agent Referral,4.0,51.0,1,0,1,50-59,2,Corporate Investors,3.1878691101854386,1.4588751712894226
CL102969,Individual,Male,United States,North America - East,Personal use,No,Agent Referral,4.0,41.0,0,0,0,40-49,5,Cash Home Buyers,-0.787813823884261,0.004491319154134966
CL102970,Individual,Female,Germany,Europe - West,Investment,No,Friend/Family,3.0,50.0,1,0,0,40-49,1,Cash Investors,1.484011889417723,-1.2746050174542716
CL102971,Individual,Male,United Arab Emirates,Middle East,Personal use,No,Website,4.0,22.0,0,0,0,<30,5,Cash Home Buyers,-0.998562906012544,-0.5892288066818394
CL102972,Corporate,Not Specified,United States,North America - East,Investment,No,Website,5.0,38.0,1,0,1,30-39,2,Corporate Investors,3.0986707681185033,1.0294171704846165
CL102973,Corporate,Not Specified,Australia,Oceania,Investment,No,Agent Referral,3.0,54.0,1,0,1,50-59,2,Corporate Investors,3.1658253582783065,1.5740040238159834
CL102974,Individual,Female,France,Europe - West,Investment,No,Website,4.0,43.0,1,0,0,40-49,1,Cash Investors,1.461005891628757,-1.5152305215238313
CL102975,Individual,Male,Singapore,Southeast Asia,Investment,Yes,Website,4.0,46.0,1,1,0,40-49,3,Leveraged Investors,0.031179662526386466,-1.0392748071387639
CL102976,Individual,Female,United Arab Emirates,Middle East,Personal use,Yes,Event,3.0,41.0,0,1,0,40-49,0,Mortgage Home Buyers,-2.3061875129509626,0.40780028091730824
CL102977,Individual,Female,India,South Asia,Investment,No,Social Media,5.0,40.0,1,0,0,30-39,1,Cash Investors,1.483470489040215,-1.6268851470413994
CL102978,Individual,Male,India,South Asia,Personal use,Yes,Social Media,4.0,53.0,0,1,0,50-59,0,Mortgage Home Buyers,-2.118390993130806,0.7594175093362666
CL102979,Individual,Female,Singapore,Southeast Asia,Investment,Yes,Agent Referral,4.0,44.0,1,1,0,40-49,3,Leveraged Investors,0.009745772294832526,-1.0974669622708242
CL102980,Individual,Male,United Arab Emirates,Middle East,Investment,Yes,Website,5.0,42.0,1,1,0,40-49,3,Leveraged Investors,0.04216708241638331,-1.1854471016161836
CL102981,Individual,Female,Canada,North America - East,Personal use,No,Friend/Family,5.0,42.0,0,0,0,40-49,5,Cash Home Buyers,-0.7213990960837473,0.010964389400915363
CL102982,Individual,Male,United States,North America - East,Personal use,Yes,Friend/Family,2.0,61.0,0,1,0,60+,0,Mortgage Home Buyers,-2.139962256787568,1.0496107550216767
CL102983,Corporate,Not Specified,United Arab Emirates,Middle East,Investment,No,Event,4.0,57.0,1,0,1,50-59,2,Corporate Investors,3.2540413863338604,1.643620869551273
CL102984,Individual,Female,United States,North America - West,Personal use,Yes,Website,5.0,35.0,0,1,0,30-39,0,Mortgage Home Buyers,-2.2626130669850264,0.17516280053783126
CL102985,Individual,Male,Canada,North America - East,Investment,No,Website,3.0,22.0,1,0,0,<30,1,Cash Investors,1.173610171310383,-2.145144275817881
CL102986,Individual,Female,United States,North America - West,Investment,No,Friend/Family,4.0,25.0,1,0,0,<30,1,Cash Investors,1.2628163369478833,-2.0726895928997258
CL102987,Corporate,Not Specified,France,Europe - West,Investment,Yes,Agent Referral,5.0,42.0,1,1,1,40-49,2,Corporate Investors,1.6805796448359838,1.5403110555901998
CL102988,Individual,Male,United States,North America - West,Personal use,Yes,Website,4.0,40.0,0,1,0,30-39,0,Mortgage Home Buyers,-2.2625441548578884,0.3523785369661096
CL102989,Individual,Male,United Arab Emirates,Middle East,Investment,No,Agent Referral,5.0,35.0,1,0,0,30-39,1,Cash Investors,1.4284467572529296,-1.7816818550350286
CL102990,Individual,Female,India,South Asia,Investment,No,Website,4.0,44.0,1,0,0,40-49,1,Cash Investors,1.4720622236458922,-1.4841870795729724
CL102991,Individual,Female,Singapore,Southeast Asia,Investment,No,Property Portal,4.0,35.0,1,0,0,30-39,1,Cash Investors,1.3740448714084033,-1.760928758317571
CL102992,Corporate,Not Specified,United Kingdom,Europe - West,Investment,No,Property Portal,3.0,33.0,1,0,1,30-39,2,Corporate Investors,2.9344532480324803,0.9208463128914223
CL102993,Individual,Male,France,Europe - West,Personal use,No,Friend/Family,4.0,48.0,0,0,0,40-49,5,Cash Home Buyers,-0.710273851939474,0.2192235677800526
CL102994,Individual,Female,United Arab Emirates,Middle East,Personal use,No,Agent Referral,4.0,56.0,0,0,0,50-59,5,Cash Home Buyers,-0.6219688436272348,0.4701429484170166
CL102995,Individual,Female,Germany,Europe - West,Personal use,No,Friend/Family,4.0,28.0,0,0,0,<30,5,Cash Home Buyers,-0.9314004922821757,-0.4016452712371232
CL102996,Individual,Female,United Arab Emirates,Middle East,Investment,No,Friend/Family,5.0,43.0,1,0,0,40-49,1,Cash Investors,1.517043061214852,-1.5359061644582521
CL102997,Individual,Male,United States,North America - West,Investment,No,Property Portal,4.0,22.0,1,0,0,<30,1,Cash Investors,1.230312555185647,-2.164493503678735
CL102998,Individual,Female,Brazil,Latin America,Personal use,Yes,Social Media,5.0,25.0,0,1,0,<30,0,Mortgage Home Buyers,-2.372755541652051,-0.1317973919617637
CL102999,Individual,Female,United States,North America - East,Investment,No,Event,4.0,34.0,1,0,0,30-39,1,Cash Investors,1.362011961322869,-1.792241723755205
