client_id,client_type,gender,country,region,date_of_birth,acquisition_purpose,loan_applied,referral_channel,satisfaction_score
CL100000,Individual,Female,India,South Asia,1997-06-14,Personal use,Yes,Property Portal,3.0
CL100001,Individual,Female,Germany,Europe - West,1989-03-11,Investment,No,Agent Referral,5.0
CL100002,Corporate,Not Specified,Singapore,Southeast Asia,1990-03-16,Investment,Yes,Event,3.0
CL100003,Individual,Female,India,South Asia,2004-05-31,Personal use,No,Event,4.0
CL100004,Individual,Male,United States,North America - West,1980-10-04,Investment,Yes,Social Media,4.0
CL100005,Individual,Male,Brazil,Latin America,1970-10-25,Personal use,Yes,Agent Referral,4.0
CL100006,Individual,Female,India,South Asia,1979-02-23,Investment,No,Property Portal,5.0
CL100007,Corporate,Not Specified,India,South Asia,1966-01-06,Investment,No,Agent Referral,5.0
CL100008,Individual,Female,United States,North America - West,1994-04-25,Personal use,Yes,Social Media,3.0
CL100009,Individual,Male,Germany,Europe - West,1982-04-02,Personal use,No,Website,5.0
CL100010,Individual,Female,United Kingdom,Europe - West,1987-04-24,Personal use,No,Property Portal,3.0
CL100011,Individual,Female,Australia,Oceania,1981-05-01,Investment,No,Event,3.0
CL100012,Individual,Female,United Arab Emirates,Middle East,1979-02-03,Personal use,Yes,Website,4.0
CL100013,Individual,Female,Singapore,Southeast Asia,1972-10-08,Personal use,Yes,Friend/Family,4.0
CL100014,Individual,Male,Germany,Europe - West,1997-12-21,Personal use,Yes,Property Portal,4.0
CL100015,Individual,Male,Canada,North America - East,1983-02-03,Personal use,Yes,Website,3.0
CL100016,Individual,Male,United Arab Emirates,Middle East,1989-09-28,Personal use,Yes,Agent Referral,4.0
CL100017,Individual,Male,United States,North America - West,1987-03-30,Investment,No,Agent Referral,5.0
CL100018,Individual,Female,Singapore,Southeast Asia,1975-10-23,Investment,No,Property Portal,4.0
CL100019,Individual,Male,United Arab Emirates,Middle East,1975-05-14,Investment,Yes,Social Media,3.0
CL100020,Individual,Male,India,South Asia,1970-03-21,Personal use,No,Website,3.0
CL100021,Individual,Male,United Kingdom,Europe - West,1981-06-08,Personal use,Yes,Agent Referral,5.0
CL100022,Individual,Female,Brazil,Latin America,1987-07-26,Personal use,Yes,Social Media,3.0
CL100023,Individual,Female,Australia,Oceania,1988-01-19,Investment,No,Website,4.0
CL100024,Individual,Male,India,South Asia,2004-06-06,Personal use,Yes,Friend/Family,5.0
CL100025,Individual,Female,United States,North America - West,1971-03-07,Personal use,Yes,Website,4.0
CL100026,Individual,Male,Germany,Europe - West,1989-02-28,Investment,No,Property Portal,3.0
CL100027,Individual,Male,United States,North America - East,1979-11-30,Personal use,No,Friend/Family,3.0
CL100028,Individual,Male,United States,North America - East,1977-10-28,Investment,Yes,Property Portal,5.0
CL100029,Individual,Female,India,South Asia,1999-03-12,Personal use,Yes,Website,3.0
CL100030,Individual,Female,India,South Asia,1996-09-12,Personal use,Yes,Social Media,3.0
CL100031,Corporate,Not Specified,Brazil,Latin America,1972-03-08,Personal use,Yes,Property Portal,4.0
CL100032,Individual,Male,United Kingdom,Europe - West,1981-11-16,Investment,Yes,Social Media,3.0
CL100033,Corporate,Not Specified,United Kingdom,Europe - West,1985-04-12,Investment,No,Website,4.0
CL100034,Individual,Female,Germany,Europe - West,1987-03-11,Personal use,No,Website,3.0
CL100035,Individual,Male,United States,North America - East,1974-01-01,Personal use,Yes,Social Media,3.0
CL100036,Individual,Male,United States,North America - West,1975-04-29,Investment,No,Social Media,4.0
CL100037,Individual,Male,Germany,Europe - West,2002-05-01,Investment,No,Property Portal,4.0
CL100038,Corporate,Not Specified,Canada,North America - East,1976-04-13,Personal use,No,Property Portal,3.0
CL100039,Individual,Male,United Arab Emirates,Middle East,1974-11-30,Personal use,No,Friend/Family,3.0
CL100040,Corporate,Not Specified,Germany,Europe - West,1968-04-12,Investment,No,Event,4.0
CL100041,Individual,Female,Singapore,Southeast Asia,1999-06-03,Investment,No,Friend/Family,3.0
CL100042,Corporate,Not Specified,India,South Asia,1970-03-04,Investment,No,Website,5.0
CL100043,Corporate,Not Specified,United Kingdom,Europe - West,1986-01-24,Investment,No,Website,4.0
CL100044,Individual,Female,Singapore,Southeast Asia,2001-10-31,Personal use,Yes,Property Portal,3.0
CL100045,Individual,Male,Singapore,Southeast Asia,1987-11-12,Personal use,Yes,Agent Referral,3.0
CL100046,Individual,Female,United Kingdom,Europe - West,1950-12-31,Investment,No,Property Portal,3.0
CL100047,Individual,Male,United Kingdom,Europe - West,1984-12-27,Personal use,No,Website,3.0
CL100048,Corporate,Not Specified,India,South Asia,1976-04-24,Investment,No,Website,4.0
CL100049,Individual,Other,United States,North America - East,1997-05-28,Personal use,Yes,Property Portal,3.0
CL100050,Individual,Male,United States,North America - East,1966-03-17,Investment,Yes,Property Portal,4.0
CL100051,Individual,Male,United States,North America - East,1976-01-22,Investment,No,Property Portal,4.0
CL100052,Individual,Female,India,South Asia,1970-04-01,Investment,No,Website,5.0
CL100053,Corporate,Not Specified,United Arab Emirates,Middle East,1987-07-20,Investment,No,Agent Referral,4.0
CL100054,Individual,Male,India,South Asia,1972-10-01,Investment,No,Friend/Family,5.0
CL100055,Individual,Female,India,South Asia,1995-09-10,Personal use,No,Property Portal,5.0
CL100056,Corporate,Not Specified,Germany,Europe - West,1982-05-02,Personal use,No,Agent Referral,4.0
CL100057,Individual,Female,United Arab Emirates,Middle East,1981-12-20,Investment,No,Social Media,4.0
CL100058,Individual,Male,United States,North America - West,1969-12-23,Personal use,Yes,Website,3.0
CL100059,Individual,Female,United States,North America - West,1981-12-14,Investment,No,Friend/Family,3.0
CL100060,Individual,Female,United Arab Emirates,Middle East,1992-01-17,Personal use,Yes,Website,5.0
CL100061,Individual,Male,Germany,Europe - West,1985-09-25,Investment,No,Event,4.0
CL100062,Corporate,Not Specified,United Arab Emirates,Middle East,1988-11-14,Investment,Yes,Website,4.0
CL100063,Individual,Male,India,South Asia,2003-10-19,Investment,No,Friend/Family,3.0
CL100064,Corporate,Not Specified,United Arab Emirates,Middle East,1960-12-03,Investment,No,Property Portal,5.0
CL100065,Corporate,Not Specified,United Arab Emirates,Middle East,1993-04-22,Investment,No,Agent Referral,4.0
CL100066,Corporate,Not Specified,United Arab Emirates,Middle East,1993-07-15,Investment,No,Agent Referral,4.0
CL100067,Individual,Female,United Kingdom,Europe - West,1975-11-10,Investment,No,Social Media,3.0
CL100068,Individual,Male,United States,North America - West,1970-08-01,Personal use,Yes,Friend/Family,5.0
CL100069,Individual,Female,Germany,Europe - West,1979-12-22,Investment,No,Friend/Family,3.0
CL100070,Individual,Male,United States,North America - West,1963-10-22,Personal use,Yes,Social Media,3.0
CL100071,Individual,Male,Germany,Europe - West,1979-11-11,Investment,No,Website,5.0
CL100072,Individual,Female,Singapore,Southeast Asia,1982-03-28,Personal use,Yes,Property Portal,4.0
CL100073,Individual,Male,Canada,North America - East,1982-12-04,Personal use,Yes,Website,3.0
CL100074,Individual,Female,United States,North America - East,1999-12-01,Investment,No,Social Media,3.0
CL100075,Individual,Female,United Kingdom,Europe - West,1974-10-16,Personal use,Yes,Property Portal,2.0
CL100076,Individual,Male,United Kingdom,Europe - West,2004-05-20,Personal use,No,Property Portal,4.0
CL100077,Individual,Male,United Arab Emirates,Middle East,1992-02-15,Investment,Yes,Website,4.0
CL100078,Corporate,Not Specified,United Arab Emirates,Middle East,1990-12-08,Investment,No,Agent Referral,5.0
CL100079,Individual,Female,India,South Asia,1994-07-11,Personal use,Yes,Social Media,2.0
CL100080,Corporate,Not Specified,United Arab Emirates,Middle East,1992-07-11,Investment,No,Agent Referral,3.0
CL100081,Corporate,Not Specified,Germany,Europe - West,1990-05-13,Investment,No,Friend/Family,4.0
CL100082,Individual,Female,Singapore,Southeast Asia,1973-05-28,Investment,No,Social Media,5.0
CL100083,Individual,Female,United States,North America - East,1992-12-31,Personal use,Yes,Agent Referral,5.0
CL100084,Individual,Female,United States,North America - East,1990-10-26,Personal use,No,Agent Referral,4.0
CL100085,Individual,Male,United States,North America - West,2000-08-03,Personal use,Yes,Friend/Family,3.0
CL100086,Individual,Male,India,South Asia,1978-06-09,Personal use,Yes,Property Portal,2.0
CL100087,Individual,Male,Germany,Europe - West,1987-10-29,Investment,No,Agent Referral,4.0
CL100088,Corporate,Not Specified,United States,North America - West,1980-03-01,Investment,No,Website,4.0
CL100089,Corporate,Not Specified,France,Europe - West,1963-07-27,Personal use,No,Agent Referral,4.0
CL100090,Corporate,Not Specified,United States,North America - East,1995-02-23,Investment,No,Friend/Family,4.0
CL100091,Individual,Male,India,South Asia,1974-11-21,Investment,No,Friend/Family,3.0
CL100092,Individual,Male,Germany,Europe - West,1986-05-20,Investment,No,Property Portal,3.0
CL100093,Corporate,Not Specified,United Kingdom,Europe - West,1978-04-12,Investment,No,,5.0
CL100094,Individual,Female,United Kingdom,Europe - West,1964-02-28,Personal use,Yes,Social Media,3.0
CL100095,Individual,Female,United Arab Emirates,Middle East,1984-12-01,Personal use,No,Property Portal,4.0
CL100096,Individual,Male,United Kingdom,Europe - West,1978-03-13,Investment,Yes,Agent Referral,4.0
CL100097,Individual,Male,United States,North America - East,1990-10-18,Investment,No,Social Media,4.0
CL100098,Individual,Male,United States,North America - East,1978-01-03,Investment,No,Social Media,
CL100099,Individual,Female,Brazil,Latin America,2002-04-28,Personal use,Yes,Friend/Family,4.0
CL100100,Individual,Female,Australia,Oceania,1991-04-08,Personal use,No,Property Portal,3.0
CL100101,Individual,Male,India,South Asia,1999-01-19,Investment,No,Agent Referral,4.0
CL100102,Individual,Female,Canada,North America - East,1992-09-06,Personal use,Yes,Property Portal,5.0
CL100103,Individual,Female,Brazil,Latin America,1972-07-16,Investment,No,Property Portal,3.0
CL100104,Individual,Female,India,South Asia,1992-07-07,Personal use,Yes,Event,4.0
CL100105,Corporate,Not Specified,India,South Asia,1965-12-20,Investment,No,Social Media,5.0
CL100106,Individual,Male,Germany,Europe - West,1968-12-11,Investment,Yes,,4.0
CL100107,Individual,Female,Canada,North America - East,1985-12-08,Personal use,Yes,Property Portal,4.0
CL100108,Individual,Male,United States,North America - West,1975-08-29,Personal use,Yes,Friend/Family,5.0
CL100109,Individual,Female,Australia,Oceania,1980-06-19,Investment,Yes,Agent Referral,4.0
CL100110,Corporate,Not Specified,Germany,Europe - West,1990-06-11,Investment,No,Property Portal,4.0
CL100111,Individual,Male,United States,North America - East,1977-09-27,Personal use,Yes,Friend/Family,3.0
CL100112,Individual,Male,United Kingdom,Europe - West,1965-07-06,Investment,Yes,Social Media,
CL100113,Individual,Male,United Arab Emirates,Middle East,1993-04-27,Personal use,No,Event,5.0
CL100114,Individual,Male,United States,North America - West,1995-11-12,Personal use,No,Agent Referral,4.0
CL100115,Corporate,Not Specified,Singapore,Southeast Asia,1976-08-04,Investment,Yes,Friend/Family,2.0
CL100116,Corporate,Not Specified,India,South Asia,1964-11-28,Personal use,No,Agent Referral,5.0
CL100117,Corporate,Not Specified,India,South Asia,1964-12-14,Investment,No,Social Media,3.0
CL100118,Corporate,Not Specified,Germany,Europe - West,1996-08-04,Investment,Yes,Agent Referral,4.0
CL100119,Individual,Male,United Arab Emirates,Middle East,2004-06-25,Personal use,Yes,Agent Referral,4.0
CL100120,Corporate,Not Specified,United Arab Emirates,Middle East,1962-04-25,Investment,No,Agent Referral,5.0
CL100121,Individual,Male,United Arab Emirates,Middle East,1978-10-26,Personal use,Yes,Website,3.0
CL100122,Corporate,Not Specified,United States,North America - East,1989-12-20,Personal use,Yes,Website,3.0
CL100123,Individual,Female,Germany,Europe - West,1983-10-15,Investment,No,Friend/Family,4.0
CL100124,Individual,Male,United States,North America - West,1991-06-10,Personal use,Yes,Agent Referral,3.0
CL100125,Individual,Female,France,Europe - West,1973-11-09,Investment,No,Website,5.0
CL100126,Corporate,Not Specified,United Kingdom,Europe - West,1980-10-21,Investment,No,Website,3.0
CL100127,Individual,Male,United States,North America - West,1979-03-01,Personal use,No,Website,5.0
CL100128,Individual,Female,United States,North America - East,1984-08-08,Investment,No,Website,4.0
CL100129,Individual,Female,United Arab Emirates,Middle East,1980-06-29,Personal use,Yes,Event,3.0
CL100130,Corporate,Not Specified,United States,North America - West,1969-08-22,Investment,No,Social Media,4.0
CL100131,Individual,Male,Australia,Oceania,1995-12-11,Personal use,Yes,Agent Referral,4.0
CL100132,Individual,Female,United Arab Emirates,Middle East,1981-06-12,Personal use,Yes,Social Media,3.0
CL100133,Individual,Other,United Kingdom,Europe - West,1977-01-22,Personal use,Yes,Website,4.0
CL100134,Individual,Female,United Arab Emirates,Middle East,1973-07-01,Investment,Yes,Friend/Family,4.0
CL100135,Individual,Male,United States,North America - West,1980-10-13,Personal use,Yes,Event,3.0
CL100136,Individual,Male,Brazil,Latin America,1995-12-23,Personal use,Yes,Website,4.0
CL100137,Corporate,Not Specified,France,Europe - West,1992-05-17,Investment,No,Website,2.0
CL100138,Corporate,Not Specified,India,South Asia,1983-04-13,Investment,No,Social Media,2.0
CL100139,Corporate,Not Specified,United States,North America - West,1971-09-16,Personal use,No,Website,4.0
CL100140,Individual,Male,France,Europe - West,1987-08-15,Investment,Yes,Website,3.0
CL100141,Individual,Female,France,Europe - West,1997-10-01,Investment,Yes,Friend/Family,3.0
CL100142,Individual,Male,Australia,Oceania,1997-12-07,Personal use,No,Social Media,4.0
CL100143,Corporate,Not Specified,United Arab Emirates,Middle East,1983-12-03,Investment,No,Agent Referral,4.0
CL100144,Individual,Female,Germany,Europe - West,2004-02-07,Personal use,No,Property Portal,3.0
CL100145,Individual,Other,Canada,North America - East,1987-07-15,Personal use,Yes,Website,2.0
CL100146,Individual,Female,United Kingdom,Europe - West,1960-09-01,Personal use,Yes,Agent Referral,2.0
CL100147,Individual,Male,France,Europe - West,1966-01-17,Personal use,Yes,Friend/Family,4.0
CL100148,Individual,Female,Germany,Europe - West,1996-06-01,Personal use,Yes,Social Media,
CL100149,Individual,Male,United States,North America - West,1984-10-03,Personal use,Yes,Social Media,4.0
CL100150,Individual,Other,Singapore,Southeast Asia,2002-09-21,Personal use,Yes,,3.0
CL100151,Individual,Male,Australia,Oceania,2000-03-10,Personal use,No,Friend/Family,4.0
CL100152,Individual,Female,United States,North America - East,1998-11-28,Investment,No,Property Portal,4.0
CL100153,Corporate,Not Specified,United Arab Emirates,Middle East,1976-05-26,Investment,No,Social Media,4.0
CL100154,Individual,Male,United States,North America - East,1987-10-04,Personal use,Yes,Agent Referral,4.0
CL100155,Individual,Female,India,South Asia,1983-05-18,Investment,No,Friend/Family,4.0
CL100156,Corporate,Not Specified,United Kingdom,Europe - West,1981-01-10,Investment,No,Agent Referral,3.0
CL100157,Individual,Male,United Arab Emirates,Middle East,1989-07-05,Investment,No,Friend/Family,5.0
CL100158,Individual,Male,India,South Asia,1985-02-24,Investment,No,Agent Referral,5.0
CL100159,Individual,Male,India,South Asia,1998-06-22,Personal use,Yes,Social Media,5.0
CL100160,Corporate,Not Specified,United States,North America - West,1980-12-24,Investment,Yes,Friend/Family,
CL100161,Individual,Female,Australia,Oceania,2002-04-17,Personal use,No,Social Media,3.0
CL100162,Individual,Male,Canada,North America - East,1978-09-20,Personal use,Yes,Website,3.0
CL100163,Individual,Female,United States,North America - East,1989-07-04,Investment,Yes,Agent Referral,4.0
CL100164,Individual,Female,United Arab Emirates,Middle East,2004-05-23,Investment,No,Property Portal,4.0
CL100165,Individual,Female,United Kingdom,Europe - West,1986-04-16,Personal use,Yes,Event,3.0
CL100166,Individual,Male,Singapore,Southeast Asia,1999-06-24,Investment,No,Social Media,3.0
CL100167,Individual,Female,Singapore,Southeast Asia,1967-03-12,Personal use,Yes,Website,4.0
CL100168,Corporate,Not Specified,United Kingdom,Europe - West,1981-10-18,Investment,No,Agent Referral,1.0
CL100169,Individual,Female,Brazil,Latin America,1978-01-19,Investment,Yes,Social Media,4.0
CL100170,Individual,Female,United Kingdom,Europe - West,1974-06-15,Investment,Yes,Website,3.0
CL100171,Corporate,Not Specified,France,Europe - West,1975-02-01,Investment,Yes,Property Portal,4.0
CL100172,Individual,Male,Canada,North America - East,1984-10-16,Personal use,Yes,Social Media,4.0
CL100173,Corporate,Not Specified,Australia,Oceania,1968-07-11,Investment,No,,5.0
CL100174,Corporate,Not Specified,United States,North America - East,1977-07-13,Investment,No,Agent Referral,4.0
CL100175,Corporate,Not Specified,United States,North America - East,1992-09-17,Investment,No,Website,3.0
CL100176,Individual,Male,Germany,Europe - West,1999-11-27,Personal use,Yes,Social Media,3.0
CL100177,Individual,Female,Brazil,Latin America,1978-12-06,Personal use,Yes,Social Media,4.0
CL100178,Individual,Female,Australia,Oceania,1991-05-04,Investment,Yes,Agent Referral,3.0
CL100179,Individual,Male,India,South Asia,1981-11-20,Investment,Yes,Friend/Family,5.0
CL100180,Individual,Male,Australia,Oceania,1975-02-11,Investment,Yes,Agent Referral,4.0
CL100181,Individual,Female,Australia,Oceania,1977-10-13,Personal use,Yes,Social Media,4.0
CL100182,Corporate,Not Specified,France,Europe - West,1986-11-01,Investment,No,Property Portal,2.0
CL100183,Individual,Male,United Kingdom,Europe - West,1977-10-20,Investment,No,Agent Referral,3.0
CL100184,Individual,Male,India,South Asia,1978-05-15,Investment,Yes,Agent Referral,2.0
CL100185,Individual,Male,United Arab Emirates,Middle East,1969-02-18,Personal use,Yes,Property Portal,4.0
CL100186,Individual,Other,United Kingdom,Europe - West,1986-08-03,Investment,No,Agent Referral,4.0
CL100187,Individual,Male,United States,North America - East,1983-11-12,Personal use,Yes,Agent Referral,4.0
CL100188,Individual,Male,India,South Asia,1975-06-12,Investment,Yes,Property Portal,4.0
CL100189,Corporate,Not Specified,Canada,North America - East,1980-04-24,Investment,No,Social Media,4.0
CL100190,Individual,Male,Australia,Oceania,2000-02-26,Personal use,Yes,Property Portal,3.0
CL100191,Individual,Male,Canada,North America - East,1979-12-22,Investment,No,Social Media,4.0
CL100192,Individual,Other,United States,North America - East,1988-01-09,Personal use,No,Social Media,4.0
CL100193,Individual,Female,Singapore,Southeast Asia,1998-10-17,Investment,No,Website,4.0
CL100194,Individual,Male,United States,North America - East,1980-01-18,Investment,No,Website,4.0
CL100195,Individual,Male,United States,North America - West,1969-12-21,Personal use,Yes,Social Media,5.0
CL100196,Corporate,Not Specified,United Arab Emirates,Middle East,1977-03-11,Investment,No,Website,5.0
CL100197,Individual,Male,Singapore,Southeast Asia,1974-05-08,Personal use,Yes,Social Media,2.0
CL100198,Individual,Female,United States,North America - West,2003-10-31,Personal use,Yes,Agent Referral,4.0
CL100199,Individual,Male,United Kingdom,Europe - West,1990-05-18,Personal use,Yes,Website,3.0
CL100200,Individual,Female,India,South Asia,1965-02-24,Investment,No,Social Media,5.0
CL100201,Corporate,Not Specified,Brazil,Latin America,1990-06-18,Investment,No,Friend/Family,4.0
CL100202,Individual,Male,France,Europe - West,1985-04-10,Investment,No,Agent Referral,
CL100203,Corporate,Not Specified,United States,North America - East,1976-05-25,Personal use,Yes,Property Portal,2.0
CL100204,Individual,Male,United States,North America - East,2004-06-26,Personal use,No,Website,3.0
CL100205,Individual,Male,Canada,North America - East,1984-12-08,Investment,Yes,Website,5.0
CL100206,Individual,Female,United States,North America - West,1984-12-27,Personal use,Yes,Property Portal,4.0
CL100207,Individual,Male,India,South Asia,1965-01-25,Investment,No,Property Portal,3.0
CL100208,Corporate,Not Specified,United States,North America - East,1982-09-04,Investment,No,Agent Referral,4.0
CL100209,Individual,Female,France,Europe - West,1990-07-03,Personal use,Yes,Agent Referral,3.0
CL100210,Corporate,Not Specified,India,South Asia,1979-07-18,Investment,No,Property Portal,4.0
CL100211,Corporate,Not Specified,United Arab Emirates,Middle East,1971-01-21,Investment,No,Social Media,3.0
CL100212,Individual,Male,United States,North America - East,1972-11-15,Investment,No,Website,3.0
CL100213,Individual,Female,Singapore,Southeast Asia,1985-05-18,Personal use,Yes,Website,3.0
CL100214,Individual,Male,India,South Asia,1992-06-03,Personal use,No,Website,5.0
CL100215,Individual,Male,India,South Asia,1991-03-13,Investment,No,Property Portal,4.0
CL100216,Corporate,Not Specified,United States,North America - East,1971-10-12,Personal use,Yes,Social Media,4.0
CL100217,Individual,Female,United States,North America - East,1991-05-20,Personal use,No,Agent Referral,4.0
CL100218,Corporate,Not Specified,Australia,Oceania,1987-06-24,Personal use,No,Website,5.0
CL100219,Individual,Female,United Kingdom,Europe - West,1988-03-26,Personal use,No,Website,3.0
CL100220,Individual,Male,United Kingdom,Europe - West,1988-11-02,Investment,No,Friend/Family,3.0
CL100221,Individual,Male,France,Europe - West,1994-01-08,Personal use,Yes,Property Portal,4.0
CL100222,Individual,Male,United Arab Emirates,Middle East,1984-03-28,Investment,No,Social Media,4.0
CL100223,Corporate,Not Specified,Brazil,Latin America,1963-01-16,Investment,No,Property Portal,4.0
CL100224,Individual,Female,United Kingdom,Europe - West,1992-09-26,Personal use,Yes,Agent Referral,4.0
CL100225,Corporate,Not Specified,Australia,Oceania,1987-01-02,Investment,No,Social Media,5.0
CL100226,Corporate,Not Specified,United States,North America - East,1975-09-01,Investment,No,Agent Referral,5.0
CL100227,Corporate,Not Specified,United Arab Emirates,Middle East,1968-05-18,Personal use,No,Website,3.0
CL100228,Individual,Male,United Arab Emirates,Middle East,1997-05-26,Investment,No,Social Media,2.0
CL100229,Corporate,Not Specified,United States,North America - East,1972-01-28,Investment,No,Property Portal,3.0
CL100230,Individual,Female,United States,North America - West,1997-07-05,Personal use,No,Website,3.0
CL100231,Individual,Female,Germany,Europe - West,1974-07-11,Personal use,Yes,Social Media,4.0
CL100232,Individual,Female,Brazil,Latin America,1989-11-14,Investment,Yes,Property Portal,4.0
CL100233,Individual,Female,United Arab Emirates,Middle East,1983-04-13,Personal use,Yes,Property Portal,3.0
CL100234,Individual,Female,Australia,Oceania,1964-01-12,Personal use,No,Social Media,3.0
CL100235,Individual,Male,Singapore,Southeast Asia,1986-03-05,Personal use,No,Website,3.0
CL100236,Individual,Female,Germany,Europe - West,1978-02-21,Investment,Yes,Property Portal,4.0
CL100237,Corporate,Not Specified,India,South Asia,1990-01-25,Investment,No,Website,4.0
CL100238,Individual,Female,United States,North America - West,1992-02-01,Personal use,Yes,Agent Referral,5.0
CL100239,Individual,Female,United States,North America - East,1973-11-08,Investment,No,Website,
CL100240,Individual,Female,Singapore,Southeast Asia,1994-12-19,Personal use,Yes,Social Media,4.0
CL100241,Individual,Female,India,South Asia,1971-06-18,Personal use,Yes,Social Media,2.0
CL100242,Corporate,Not Specified,Canada,North America - East,1983-08-04,Investment,No,Property Portal,3.0
CL100243,Individual,Female,France,Europe - West,1990-11-28,Personal use,Yes,Social Media,4.0
CL100244,Individual,Male,United Arab Emirates,Middle East,1997-05-18,Personal use,Yes,Event,3.0
CL100245,Corporate,Not Specified,Singapore,Southeast Asia,1996-06-09,Personal use,No,Social Media,3.0
CL100246,Corporate,Not Specified,United Arab Emirates,Middle East,1993-08-22,Investment,No,Social Media,5.0
CL100247,Individual,Male,Germany,Europe - West,2004-03-11,Investment,Yes,Website,3.0
CL100248,Individual,Female,United Kingdom,Europe - West,1988-03-30,Personal use,Yes,Website,4.0
CL100249,Individual,Female,Germany,Europe - West,1990-12-04,Personal use,Yes,Social Media,
CL100250,Individual,Male,United Arab Emirates,Middle East,1977-01-05,Personal use,No,Friend/Family,4.0
CL100251,Corporate,Not Specified,Singapore,Southeast Asia,1961-01-19,Investment,No,Agent Referral,5.0
CL100252,Individual,Female,Germany,Europe - West,1993-03-19,Investment,No,Social Media,3.0
CL100253,Corporate,Not Specified,Canada,North America - East,1987-11-23,Investment,No,Agent Referral,5.0
CL100254,Individual,Female,Canada,North America - East,1987-10-10,Investment,No,Agent Referral,4.0
CL100255,Individual,Other,India,South Asia,1968-12-14,Personal use,Yes,Agent Referral,4.0
CL100256,Corporate,Not Specified,Singapore,Southeast Asia,1967-06-03,Investment,No,Website,4.0
CL100257,Corporate,Not Specified,United States,North America - West,1974-06-28,Investment,No,Agent Referral,
CL100258,Corporate,Not Specified,United States,North America - West,1963-10-09,Investment,Yes,Property Portal,3.0
CL100259,Corporate,Not Specified,United Arab Emirates,Middle East,1975-10-09,Investment,No,Property Portal,4.0
CL100260,Individual,Male,United States,North America - East,1982-01-10,Investment,Yes,Website,3.0
CL100261,Individual,Male,Singapore,Southeast Asia,1982-10-27,Personal use,No,Website,5.0
CL100262,Individual,Male,United Kingdom,Europe - West,1970-12-24,Personal use,Yes,Social Media,3.0
CL100263,Individual,Male,United States,North America - East,1974-05-02,Personal use,No,Agent Referral,5.0
CL100264,Individual,Male,Australia,Oceania,1959-08-19,Personal use,Yes,Property Portal,4.0
CL100265,Corporate,Not Specified,United States,North America - West,1993-09-14,Investment,Yes,Social Media,4.0
CL100266,Individual,Male,United Kingdom,Europe - West,1987-12-18,Personal use,Yes,Property Portal,3.0
CL100267,Individual,Female,United States,North America - East,2000-06-11,Investment,No,Website,4.0
CL100268,Individual,Male,United States,North America - East,1978-05-20,Investment,Yes,Event,4.0
CL100269,Individual,Male,United States,North America - East,1983-12-03,Personal use,Yes,Friend/Family,4.0
CL100270,Individual,Male,United States,North America - East,1978-04-13,Investment,No,Friend/Family,3.0
CL100271,Individual,Female,United States,North America - East,1997-10-18,Investment,No,Event,2.0
CL100272,Individual,Male,United States,North America - East,1982-03-19,Personal use,Yes,Social Media,5.0
CL100273,Individual,Male,United Arab Emirates,Middle East,1982-12-05,Investment,Yes,Website,1.0
CL100274,Corporate,Not Specified,India,South Asia,1971-08-23,Investment,No,Social Media,4.0
CL100275,Individual,Other,United Kingdom,Europe - West,1993-05-10,Personal use,Yes,Property Portal,3.0
CL100276,Individual,Male,United Kingdom,Europe - West,1972-08-01,Personal use,Yes,Property Portal,4.0
CL100277,Individual,Male,France,Europe - West,1963-09-19,Personal use,Yes,Social Media,3.0
CL100278,Individual,Female,Singapore,Southeast Asia,1997-10-04,Personal use,No,Friend/Family,4.0
CL100279,Individual,Male,Singapore,Southeast Asia,1978-03-31,Personal use,Yes,Agent Referral,4.0
CL100280,Corporate,Not Specified,United States,North America - East,1961-06-02,Investment,No,Agent Referral,5.0
CL100281,Individual,Female,United States,North America - West,1978-05-21,Personal use,Yes,Social Media,4.0
CL100282,Individual,Male,Canada,North America - East,2004-07-03,Investment,No,Agent Referral,5.0
CL100283,Individual,Male,Canada,North America - East,1991-08-19,Personal use,Yes,Website,2.0
CL100284,Corporate,Not Specified,United Arab Emirates,Middle East,1976-11-06,Personal use,No,,5.0
CL100285,Individual,Male,Germany,Europe - West,1988-08-25,Investment,No,Social Media,4.0
CL100286,Individual,Female,United States,North America - East,1976-05-18,Personal use,Yes,Social Media,4.0
CL100287,Corporate,Not Specified,United Kingdom,Europe - West,1961-08-15,Investment,Yes,Website,4.0
CL100288,Individual,Female,France,Europe - West,1988-10-28,Investment,No,Agent Referral,5.0
CL100289,Individual,Male,United States,North America - West,1991-07-19,Personal use,Yes,Friend/Family,4.0
CL100290,Individual,Female,Singapore,Southeast Asia,1968-05-17,Personal use,Yes,Property Portal,3.0
CL100291,Individual,Female,United States,North America - West,1981-01-02,Investment,No,Website,3.0
CL100292,Corporate,Not Specified,Australia,Oceania,1961-03-15,Investment,No,Property Portal,5.0
CL100293,Individual,Female,United States,North America - West,1991-05-16,Personal use,Yes,Property Portal,4.0
CL100294,Individual,Female,Singapore,Southeast Asia,1968-03-16,Investment,No,Property Portal,3.0
CL100295,Individual,Female,Australia,Oceania,1978-04-29,Investment,Yes,Social Media,4.0
CL100296,Individual,Male,Brazil,Latin America,1996-06-17,Personal use,Yes,Agent Referral,3.0
CL100297,Corporate,Not Specified,Singapore,Southeast Asia,1978-03-01,Investment,No,Property Portal,4.0
CL100298,Individual,Female,India,South Asia,1988-05-22,Investment,No,Social Media,3.0
CL100299,Corporate,Not Specified,United Arab Emirates,Middle East,1961-10-24,Investment,No,Agent Referral,4.0
CL100300,Individual,Male,India,South Asia,2004-04-12,Personal use,Yes,Agent Referral,3.0
CL100301,Individual,Male,United States,North America - West,1992-12-29,Personal use,Yes,Social Media,5.0
CL100302,Individual,Female,France,Europe - West,1970-07-14,Personal use,Yes,Social Media,4.0
CL100303,Corporate,Not Specified,France,Europe - West,1982-02-11,Personal use,No,Property Portal,5.0
CL100304,Individual,Male,Singapore,Southeast Asia,1987-03-13,Investment,No,Agent Referral,5.0
CL100305,Individual,Female,Germany,Europe - West,1984-01-06,Personal use,No,Agent Referral,4.0
CL100306,Individual,Male,United Kingdom,Europe - West,1961-04-24,Personal use,No,Event,5.0
CL100307,Individual,Male,United Arab Emirates,Middle East,1985-01-14,Personal use,Yes,Agent Referral,3.0
CL100308,Individual,Male,Canada,North America - East,1973-09-15,Investment,No,Website,5.0
CL100309,Individual,Female,United States,North America - East,1992-01-24,Investment,No,Property Portal,3.0
CL100310,Corporate,Not Specified,Germany,Europe - West,1972-01-05,Investment,No,Event,4.0
CL100311,Individual,Female,Germany,Europe - West,1985-04-05,Personal use,Yes,Friend/Family,4.0
CL100312,Individual,Other,Canada,North America - East,1994-09-19,Personal use,Yes,Agent Referral,4.0
CL100313,Individual,Female,United Kingdom,Europe - West,1988-03-10,Investment,No,Social Media,3.0
CL100314,Individual,Female,United Kingdom,Europe - West,1975-12-25,Personal use,Yes,Property Portal,3.0
CL100315,Individual,Female,United Kingdom,Europe - West,1994-04-16,Investment,No,Property Portal,4.0
CL100316,Individual,Male,United Kingdom,Europe - West,1985-08-30,Personal use,No,Website,4.0
CL100317,Individual,Female,India,South Asia,1978-05-14,Personal use,No,Property Portal,3.0
CL100318,Individual,Female,United Kingdom,Europe - West,1994-10-04,Personal use,Yes,Social Media,4.0
CL100319,Corporate,Not Specified,Australia,Oceania,1961-07-03,Investment,No,Website,
CL100320,Individual,Male,Australia,Oceania,1985-03-24,Personal use,Yes,Website,4.0
CL100321,Individual,Male,France,Europe - West,1987-05-27,Investment,Yes,Website,4.0
CL100322,Corporate,Not Specified,United Kingdom,Europe - West,1980-01-18,Investment,Yes,Event,4.0
CL100323,Corporate,Not Specified,France,Europe - West,1972-05-03,Investment,No,Agent Referral,4.0
CL100324,Individual,Female,Singapore,Southeast Asia,1981-05-17,Personal use,Yes,Friend/Family,3.0
CL100325,Individual,Male,United Arab Emirates,Middle East,1966-03-11,Personal use,Yes,Website,4.0
CL100326,Individual,Female,Singapore,Southeast Asia,1979-03-11,Personal use,No,Property Portal,3.0
CL100327,Individual,Female,France,Europe - West,1973-04-07,Investment,No,Social Media,4.0
CL100328,Individual,Male,United Arab Emirates,Middle East,1999-06-28,Investment,No,Property Portal,3.0
CL100329,Individual,Male,United Kingdom,Europe - West,1987-08-25,Personal use,Yes,Social Media,4.0
CL100330,Individual,Female,India,South Asia,1972-01-28,Personal use,Yes,Property Portal,4.0
CL100331,Individual,Male,United States,North America - East,1995-05-30,Personal use,Yes,Social Media,2.0
CL100332,Individual,Male,India,South Asia,1975-02-25,Investment,Yes,Social Media,3.0
CL100333,Individual,Male,Singapore,Southeast Asia,1977-05-21,Investment,Yes,Event,2.0
CL100334,Individual,Male,United States,North America - East,1981-11-27,Personal use,No,Social Media,
CL100335,Corporate,Not Specified,United Arab Emirates,Middle East,1976-01-21,Investment,No,Property Portal,2.0
CL100336,Corporate,Not Specified,United States,North America - West,1972-05-12,Investment,Yes,Website,4.0
CL100337,Individual,Male,India,South Asia,1966-06-09,Personal use,Yes,Friend/Family,4.0
CL100338,Individual,Female,United States,North America - West,1979-01-05,Investment,No,Property Portal,4.0
CL100339,Individual,Male,Australia,Oceania,1982-10-02,Investment,No,Property Portal,4.0
CL100340,Individual,Male,United States,North America - West,1990-09-11,Investment,Yes,Social Media,4.0
CL100341,Individual,Female,Brazil,Latin America,1985-09-03,Personal use,Yes,Social Media,4.0
CL100342,Individual,Female,Singapore,Southeast Asia,1984-05-30,Investment,Yes,Property Portal,4.0
CL100343,Individual,Female,United Arab Emirates,Middle East,1981-04-06,Investment,No,Agent Referral,2.0
CL100344,Individual,Female,India,South Asia,1977-06-21,Personal use,Yes,Property Portal,5.0
CL100345,Individual,Male,India,South Asia,1994-07-25,Investment,No,Agent Referral,5.0
CL100346,Individual,Male,Australia,Oceania,2002-06-07,Personal use,Yes,Website,4.0
CL100347,Individual,Female,Canada,North America - East,1985-04-06,Investment,No,Property Portal,2.0
CL100348,Corporate,Not Specified,United Arab Emirates,Middle East,1996-06-14,Investment,No,Agent Referral,4.0
CL100349,Individual,Female,United States,North America - East,1989-03-07,Investment,Yes,Agent Referral,3.0
CL100350,Individual,Male,United Arab Emirates,Middle East,1991-05-16,Personal use,No,Agent Referral,3.0
CL100351,Individual,Male,United States,North America - East,1979-10-30,Personal use,Yes,Event,3.0
CL100352,Individual,Male,United Arab Emirates,Middle East,1963-10-12,Personal use,No,Social Media,3.0
CL100353,Individual,Female,United Arab Emirates,Middle East,2004-02-02,Personal use,Yes,Event,3.0
CL100354,Individual,Female,Germany,Europe - West,1960-03-21,Investment,No,Agent Referral,5.0
CL100355,Individual,Male,France,Europe - West,1988-09-21,Personal use,Yes,Agent Referral,4.0
CL100356,Individual,Male,India,South Asia,1982-02-19,Investment,No,Agent Referral,4.0
CL100357,Individual,Male,India,South Asia,2001-05-14,Personal use,Yes,Agent Referral,3.0
CL100358,Individual,Male,France,Europe - West,1975-06-23,Personal use,Yes,Website,3.0
CL100359,Individual,Female,United Arab Emirates,Middle East,1984-12-18,Investment,Yes,Website,3.0
CL100360,Individual,Female,Australia,Oceania,1986-09-18,Personal use,Yes,Social Media,4.0
CL100361,Corporate,Not Specified,United States,North America - West,1992-06-28,Investment,Yes,Friend/Family,3.0
CL100362,Individual,Female,United States,North America - West,1984-12-25,Investment,Yes,Agent Referral,5.0
CL100363,Individual,Other,United States,North America - West,1975-11-03,Investment,No,Social Media,4.0
CL100364,Individual,Male,United Arab Emirates,Middle East,1988-03-29,Personal use,No,Agent Referral,2.0
CL100365,Individual,Male,Germany,Europe - West,1973-03-27,Personal use,Yes,Social Media,4.0
CL100366,Individual,Male,India,South Asia,1972-10-19,Investment,Yes,Property Portal,4.0
CL100367,Individual,Male,India,South Asia,1993-08-29,Personal use,Yes,Property Portal,4.0
CL100368,Individual,Female,United Kingdom,Europe - West,1968-04-15,Investment,Yes,Property Portal,3.0
CL100369,Individual,Female,Australia,Oceania,1985-07-07,Personal use,Yes,Agent Referral,4.0
CL100370,Individual,Male,India,South Asia,1985-04-12,Investment,Yes,Social Media,4.0
CL100371,Corporate,Not Specified,Canada,North America - East,1992-11-05,Investment,No,Property Portal,5.0
CL100372,Individual,Female,United Kingdom,Europe - West,1985-02-28,Personal use,No,Event,
CL100373,Corporate,Not Specified,United Kingdom,Europe - West,1975-10-10,Investment,No,Social Media,3.0
CL100374,Individual,Female,United States,North America - East,1988-04-01,Personal use,No,Social Media,5.0
CL100375,Corporate,Not Specified,United States,North America - East,1977-11-24,Personal use,No,Friend/Family,
CL100376,Corporate,Not Specified,Australia,Oceania,1995-08-01,Investment,No,Event,5.0
CL100377,Individual,Female,Germany,Europe - West,1968-06-12,Personal use,Yes,Agent Referral,5.0
CL100378,Corporate,Not Specified,United Kingdom,Europe - West,1977-06-28,Investment,No,Website,4.0
CL100379,Corporate,Not Specified,India,South Asia,1967-01-01,Investment,No,Property Portal,3.0
CL100380,Individual,Male,United Arab Emirates,Middle East,1997-03-27,Personal use,Yes,Friend/Family,3.0
CL100381,Individual,Male,Australia,Oceania,1993-07-12,Investment,No,Website,5.0
CL100382,Individual,Male,India,South Asia,1964-08-06,Personal use,Yes,Agent Referral,5.0
CL100383,Corporate,Not Specified,Germany,Europe - West,1977-05-18,Investment,No,Social Media,5.0
CL100384,Individual,Male,United Kingdom,Europe - West,2004-08-03,Personal use,Yes,Friend/Family,4.0
CL100385,Corporate,Not Specified,Brazil,Latin America,1973-01-25,Investment,No,Property Portal,4.0
CL100386,Corporate,Not Specified,India,South Asia,1978-11-30,Personal use,Yes,Website,3.0
CL100387,Corporate,Not Specified,Brazil,Latin America,1961-10-21,Investment,No,Agent Referral,2.0
CL100388,Individual,Male,United States,North America - East,1974-07-12,Personal use,Yes,Friend/Family,4.0
CL100389,Individual,Female,Singapore,Southeast Asia,1972-04-29,Personal use,No,Website,3.0
CL100390,Individual,Female,United Arab Emirates,Middle East,1985-04-03,Investment,Yes,Social Media,4.0
CL100391,Corporate,Not Specified,United States,North America - West,1963-04-12,Investment,No,Social Media,2.0
CL100392,Corporate,Not Specified,United Arab Emirates,Middle East,1966-04-26,Investment,No,Agent Referral,4.0
CL100393,Individual,Female,India,South Asia,1979-07-17,Personal use,No,Property Portal,4.0
CL100394,Individual,Female,United States,North America - East,1987-08-24,Personal use,No,Website,4.0
CL100395,Individual,Male,Germany,Europe - West,1987-05-09,Investment,No,Property Portal,4.0
CL100396,Corporate,Not Specified,Singapore,Southeast Asia,1986-08-31,Personal use,Yes,Friend/Family,5.0
CL100397,Individual,Male,United Kingdom,Europe - West,1997-09-07,Investment,No,Social Media,5.0
CL100398,Individual,Female,Germany,Europe - West,1965-03-31,Personal use,No,Property Portal,3.0
CL100399,Corporate,Not Specified,Germany,Europe - West,1970-11-28,Investment,No,Agent Referral,5.0
CL100400,Individual,Male,United Kingdom,Europe - West,1986-03-20,Investment,Yes,Property Portal,5.0
CL100401,Individual,Female,Australia,Oceania,1982-09-26,Investment,No,Website,4.0
CL100402,Individual,Male,India,South Asia,1995-11-29,Personal use,No,Event,4.0
CL100403,Corporate,Not Specified,United States,North America - West,1961-02-02,Personal use,Yes,,4.0
CL100404,Individual,Male,Brazil,Latin America,1966-06-20,Investment,No,Social Media,3.0
CL100405,Individual,Male,Singapore,Southeast Asia,2002-06-22,Personal use,No,Website,3.0
CL100406,Individual,Male,United Kingdom,Europe - West,1979-11-11,Personal use,Yes,Agent Referral,5.0
CL100407,Individual,Female,Singapore,Southeast Asia,1980-04-14,Investment,Yes,Website,4.0
CL100408,Corporate,Not Specified,United States,North America - East,1979-08-15,Investment,No,Website,3.0
CL100409,Individual,Male,Brazil,Latin America,1967-06-28,Personal use,Yes,Website,3.0
CL100410,Individual,Female,United Arab Emirates,Middle East,1963-07-05,Personal use,Yes,Website,3.0
CL100411,Individual,Male,United Arab Emirates,Middle East,1988-05-09,Personal use,Yes,Friend/Family,3.0
CL100412,Individual,Male,United States,North America - East,1978-06-01,Investment,No,Social Media,5.0
CL100413,Individual,Female,Australia,Oceania,1985-03-18,Personal use,No,Website,3.0
CL100414,Individual,Female,United States,North America - East,1992-06-06,Investment,No,Property Portal,5.0
CL100415,Individual,Male,Canada,North America - East,1983-02-13,Personal use,No,Friend/Family,4.0
CL100416,Individual,Male,United States,North America - West,1978-04-09,Personal use,Yes,Agent Referral,4.0
CL100417,Individual,Female,India,South Asia,1982-10-26,Investment,Yes,Agent Referral,5.0
CL100418,Individual,Female,United States,North America - West,1994-12-03,Personal use,No,Social Media,5.0
CL100419,Corporate,Not Specified,Australia,Oceania,1978-06-06,Investment,Yes,Social Media,2.0
CL100420,Individual,Male,United Arab Emirates,Middle East,1991-09-17,Personal use,Yes,Property Portal,3.0
CL100421,Corporate,Not Specified,United States,North America - West,1991-03-03,Personal use,Yes,Social Media,3.0
CL100422,Individual,Female,United States,North America - West,1982-06-03,Personal use,Yes,Event,4.0
CL100423,Individual,Female,United States,North America - East,1980-11-09,Personal use,Yes,Friend/Family,5.0
CL100424,Individual,Female,United Arab Emirates,Middle East,1975-05-11,Personal use,Yes,Event,4.0
CL100425,Individual,Male,Singapore,Southeast Asia,1995-06-18,Investment,No,Social Media,5.0
CL100426,Corporate,Not Specified,Canada,North America - East,1991-06-01,Investment,Yes,Friend/Family,3.0
CL100427,Individual,Female,Singapore,Southeast Asia,1967-11-27,Personal use,Yes,Friend/Family,3.0
CL100428,Individual,Male,United States,North America - East,1987-08-23,Investment,No,Friend/Family,4.0
CL100429,Individual,Female,Singapore,Southeast Asia,1984-10-19,Investment,No,Website,3.0
CL100430,Individual,Male,Australia,Oceania,1987-07-10,Investment,No,Website,5.0
CL100431,Corporate,Not Specified,India,South Asia,1990-11-27,Personal use,No,Agent Referral,2.0
CL100432,Corporate,Not Specified,India,South Asia,1994-03-17,Personal use,Yes,Agent Referral,3.0
CL100433,Individual,Male,Singapore,Southeast Asia,1973-03-13,Investment,Yes,Property Portal,5.0
CL100434,Corporate,Not Specified,United States,North America - West,1971-07-25,Investment,No,Friend/Family,4.0
CL100435,Corporate,Not Specified,United States,North America - East,1983-01-14,Investment,No,Website,5.0
CL100436,Individual,Male,United States,North America - East,1964-02-15,Personal use,Yes,Agent Referral,
CL100437,Individual,Male,France,Europe - West,1976-04-13,Personal use,No,Agent Referral,4.0
CL100438,Individual,Female,India,South Asia,1991-04-18,Personal use,Yes,Property Portal,5.0
CL100439,Individual,Male,United Arab Emirates,Middle East,1970-03-04,Personal use,Yes,Property Portal,5.0
CL100440,Corporate,Not Specified,Singapore,Southeast Asia,1979-04-16,Investment,No,Website,4.0
CL100441,Individual,Male,United States,North America - West,1969-10-17,Personal use,Yes,Agent Referral,4.0
CL100442,Corporate,Not Specified,India,South Asia,1974-09-21,Personal use,No,Event,5.0
CL100443,Corporate,Not Specified,United States,North America - West,1972-07-07,Investment,No,Friend/Family,5.0
CL100444,Individual,Male,Canada,North America - East,1978-11-29,Personal use,Yes,Property Portal,4.0
CL100445,Individual,Female,India,South Asia,1976-12-20,Investment,No,Agent Referral,4.0
CL100446,Corporate,Not Specified,Brazil,Latin America,1977-05-31,Personal use,No,Agent Referral,5.0
CL100447,Corporate,Not Specified,United Arab Emirates,Middle East,1994-03-31,Investment,No,Friend/Family,4.0
CL100448,Individual,Female,United States,North America - East,1970-09-28,Investment,Yes,Website,5.0
CL100449,Individual,Female,United Arab Emirates,Middle East,1985-07-31,Investment,Yes,Property Portal,4.0
CL100450,Individual,Female,United States,North America - West,1998-10-21,Investment,No,Friend/Family,5.0
CL100451,Individual,Male,Australia,Oceania,1987-02-11,Investment,Yes,,3.0
CL100452,Individual,Male,India,South Asia,1985-09-19,Personal use,Yes,Social Media,3.0
CL100453,Individual,Female,United States,North America - West,1996-12-15,Investment,No,Property Portal,5.0
CL100454,Individual,Female,United States,North America - West,1982-05-10,Personal use,Yes,Property Portal,3.0
CL100455,Individual,Female,United States,North America - West,1975-03-13,Investment,No,Agent Referral,4.0
CL100456,Individual,Female,Brazil,Latin America,1982-11-26,Personal use,Yes,Property Portal,5.0
CL100457,Individual,Female,Germany,Europe - West,1990-12-01,Personal use,Yes,Website,2.0
CL100458,Individual,Male,India,South Asia,1987-08-15,Personal use,Yes,Property Portal,4.0
CL100459,Individual,Female,United Arab Emirates,Middle East,1986-05-23,Personal use,Yes,Friend/Family,5.0
CL100460,Individual,Male,United Arab Emirates,Middle East,1983-06-27,Personal use,Yes,Website,4.0
CL100461,Individual,Male,United States,North America - East,1972-11-07,Personal use,Yes,Friend/Family,3.0
CL100462,Individual,Female,Australia,Oceania,1982-12-24,Personal use,Yes,Friend/Family,
CL100463,Individual,Male,United Kingdom,Europe - West,2001-02-05,Investment,Yes,Friend/Family,3.0
CL100464,Individual,Male,United Arab Emirates,Middle East,1992-09-10,Investment,No,Agent Referral,4.0
CL100465,Individual,Female,India,South Asia,1983-12-15,Investment,No,Friend/Family,4.0
CL100466,Individual,Female,United Arab Emirates,Middle East,1973-03-16,Personal use,Yes,Property Portal,3.0
CL100467,Individual,Female,Australia,Oceania,1971-06-30,Personal use,Yes,Agent Referral,4.0
CL100468,Individual,Female,United States,North America - East,1966-04-30,Personal use,Yes,Agent Referral,5.0
CL100469,Corporate,Not Specified,France,Europe - West,1971-04-28,Personal use,No,Property Portal,4.0
CL100470,Corporate,Not Specified,Germany,Europe - West,1970-06-21,Investment,No,Social Media,5.0
CL100471,Individual,Male,Germany,Europe - West,2000-11-01,Personal use,Yes,Social Media,5.0
CL100472,Individual,Male,United States,North America - West,1980-11-04,Investment,No,Property Portal,
CL100473,Individual,Male,United States,North America - East,1997-09-12,Investment,Yes,Website,4.0
CL100474,Individual,Male,Canada,North America - East,1985-10-27,Personal use,Yes,Property Portal,3.0
CL100475,Individual,Male,United Kingdom,Europe - West,1952-05-17,Investment,No,Social Media,3.0
CL100476,Individual,Male,Germany,Europe - West,1981-12-17,Personal use,Yes,Website,4.0
CL100477,Individual,Female,United Arab Emirates,Middle East,1994-12-21,Personal use,No,Event,3.0
CL100478,Individual,Male,United Arab Emirates,Middle East,1981-02-28,Personal use,Yes,Property Portal,4.0
CL100479,Individual,Male,Germany,Europe - West,1991-01-04,Investment,No,Agent Referral,3.0
CL100480,Corporate,Not Specified,Germany,Europe - West,1975-01-31,Investment,No,Property Portal,4.0
CL100481,Individual,Female,United States,North America - East,1961-12-03,Investment,No,Property Portal,3.0
CL100482,Individual,Female,United Arab Emirates,Middle East,1974-05-05,Investment,No,Property Portal,4.0
CL100483,Individual,Male,United Kingdom,Europe - West,1982-01-08,Investment,No,Website,4.0
CL100484,Individual,Male,United States,North America - West,1989-10-10,Investment,Yes,Website,3.0
CL100485,Individual,Female,Germany,Europe - West,1988-10-22,Personal use,Yes,Friend/Family,5.0
CL100486,Individual,Female,Germany,Europe - West,1969-08-14,Personal use,No,Property Portal,4.0
CL100487,Individual,Male,Canada,North America - East,1982-04-06,Personal use,Yes,Agent Referral,4.0
CL100488,Individual,Female,United Arab Emirates,Middle East,2004-03-26,Investment,No,Social Media,4.0
CL100489,Corporate,Not Specified,United Arab Emirates,Middle East,1967-02-23,Investment,Yes,Website,4.0
CL100490,Individual,Female,India,South Asia,1983-02-10,Investment,Yes,Social Media,4.0
CL100491,Individual,Male,United Arab Emirates,Middle East,1981-11-29,Investment,Yes,Friend/Family,4.0
CL100492,Individual,Female,United Arab Emirates,Middle East,1974-03-26,Investment,No,Website,4.0
CL100493,Individual,Male,United Kingdom,Europe - West,1980-01-22,Personal use,Yes,Friend/Family,5.0
CL100494,Individual,Other,India,South Asia,1976-11-11,Personal use,Yes,Friend/Family,3.0
CL100495,Individual,Male,France,Europe - West,1990-08-26,Investment,No,Social Media,3.0
CL100496,Individual,Male,Germany,Europe - West,1999-02-08,Personal use,No,Property Portal,4.0
CL100497,Individual,Male,United Arab Emirates,Middle East,1982-05-24,Personal use,No,Website,5.0
CL100498,Individual,Female,United Kingdom,Europe - West,1969-11-11,Investment,Yes,Website,3.0
CL100499,Corporate,Not Specified,France,Europe - West,1969-03-20,Personal use,Yes,Social Media,4.0
CL100500,Individual,Female,India,South Asia,1994-02-23,Investment,No,Social Media,4.0
CL100501,Individual,Female,Australia,Oceania,1972-01-05,Investment,Yes,Agent Referral,4.0
CL100502,Individual,Other,Australia,Oceania,1991-07-06,Personal use,Yes,Event,4.0
CL100503,Individual,Female,France,Europe - West,1990-03-18,Investment,No,Agent Referral,4.0
CL100504,Individual,Male,France,Europe - West,1989-12-24,Personal use,Yes,Agent Referral,5.0
CL100505,Corporate,Not Specified,India,South Asia,1992-12-22,Investment,No,Property Portal,4.0
CL100506,Individual,Male,United Kingdom,Europe - West,2003-07-08,Personal use,Yes,Property Portal,4.0
CL100507,Individual,Male,Singapore,Southeast Asia,1990-12-01,Personal use,Yes,Social Media,5.0
CL100508,Individual,Male,France,Europe - West,1983-08-06,Personal use,Yes,Website,4.0
CL100509,Individual,Male,United States,North America - East,1983-06-30,Personal use,No,Agent Referral,5.0
CL100510,Individual,Female,United States,North America - West,1972-11-28,Personal use,Yes,Agent Referral,2.0
CL100511,Individual,Other,Singapore,Southeast Asia,1965-02-26,Investment,No,Social Media,4.0
CL100512,Individual,Male,United States,North America - East,1969-03-24,Investment,Yes,Friend/Family,4.0
CL100513,Individual,Female,United Kingdom,Europe - West,1975-03-17,Personal use,No,Agent Referral,5.0
CL100514,Individual,Male,United Kingdom,Europe - West,1986-10-15,Personal use,Yes,Social Media,4.0
CL100515,Individual,Male,United States,North America - East,1992-07-11,Investment,No,Friend/Family,4.0
CL100516,Individual,Male,United Kingdom,Europe - West,1985-06-16,Personal use,No,Agent Referral,5.0
CL100517,Corporate,Not Specified,India,South Asia,1984-04-08,Investment,No,,4.0
CL100518,Individual,Male,United States,North America - West,1975-12-02,Investment,No,Property Portal,2.0
CL100519,Individual,Male,Singapore,Southeast Asia,1979-03-19,Personal use,Yes,Website,5.0
CL100520,Individual,Male,Singapore,Southeast Asia,1987-01-12,Personal use,No,Website,3.0
CL100521,Individual,Male,United Kingdom,Europe - West,1976-12-11,Personal use,Yes,Website,4.0
CL100522,Individual,Female,United States,North America - West,1971-11-16,Investment,No,Social Media,4.0
CL100523,Individual,Male,United Arab Emirates,Middle East,1976-04-20,Investment,No,Social Media,4.0
CL100524,Individual,Male,United States,North America - East,1986-04-19,Personal use,Yes,Social Media,3.0
CL100525,Corporate,Not Specified,United Kingdom,Europe - West,1989-09-03,Investment,No,Agent Referral,3.0
CL100526,Individual,Male,Brazil,Latin America,1995-09-02,Personal use,Yes,Social Media,3.0
CL100527,Individual,Male,Brazil,Latin America,1993-04-07,Investment,No,Website,5.0
CL100528,Individual,Male,India,South Asia,1983-01-04,Investment,No,Property Portal,3.0
CL100529,Individual,Female,United Kingdom,Europe - West,1979-12-04,Investment,No,Event,3.0
CL100530,Individual,Female,India,South Asia,2001-05-03,Investment,Yes,Social Media,4.0
CL100531,Individual,Female,India,South Asia,1991-03-08,Investment,No,Agent Referral,3.0
CL100532,Individual,Female,United Kingdom,Europe - West,1982-12-12,Personal use,No,Property Portal,3.0
CL100533,Individual,Male,United Arab Emirates,Middle East,1995-06-07,Personal use,No,Website,4.0
CL100534,Individual,Male,United States,North America - East,1981-08-08,Investment,No,Agent Referral,4.0
CL100535,Corporate,Not Specified,United States,North America - East,1977-11-03,Investment,No,Property Portal,3.0
CL100536,Individual,Male,France,Europe - West,1993-03-16,Investment,Yes,Website,4.0
CL100537,Individual,Male,United States,North America - East,1985-08-08,Investment,No,Website,4.0
CL100538,Corporate,Not Specified,United States,North America - West,1975-07-07,Personal use,No,Social Media,3.0
CL100539,Individual,Female,Singapore,Southeast Asia,1995-06-04,Personal use,Yes,Social Media,4.0
CL100540,Individual,Male,Brazil,Latin America,1988-07-21,Personal use,Yes,Social Media,3.0
CL100541,Individual,Male,United Arab Emirates,Middle East,1980-04-28,Investment,No,Website,4.0
CL100542,Corporate,Not Specified,Singapore,Southeast Asia,1972-12-14,Investment,No,Friend/Family,4.0
CL100543,Individual,Male,Brazil,Latin America,2004-01-03,Personal use,Yes,Agent Referral,4.0
CL100544,Individual,Female,United States,North America - East,2001-10-30,Personal use,Yes,Event,4.0
CL100545,Corporate,Not Specified,Germany,Europe - West,1970-12-06,Investment,No,Agent Referral,5.0
CL100546,Individual,Female,United Kingdom,Europe - West,2000-06-08,Personal use,Yes,Website,4.0
CL100547,Corporate,Not Specified,United States,North America - East,1974-09-15,Investment,No,Social Media,4.0
CL100548,Corporate,Not Specified,India,South Asia,1981-08-10,Investment,No,Agent Referral,5.0
CL100549,Corporate,Not Specified,Germany,Europe - West,1987-12-18,Investment,No,Social Media,4.0
CL100550,Individual,Female,Germany,Europe - West,1989-05-31,Investment,No,Agent Referral,3.0
CL100551,Individual,Female,United States,North America - East,1962-01-20,Investment,No,Agent Referral,4.0
CL100552,Individual,Male,United States,North America - East,1981-04-20,Personal use,Yes,Website,3.0
CL100553,Individual,Male,Australia,Oceania,1989-11-10,Investment,No,Agent Referral,4.0
CL100554,Individual,Male,United States,North America - West,1987-04-01,Personal use,Yes,Website,4.0
CL100555,Corporate,Not Specified,Canada,North America - East,1995-11-07,Investment,Yes,Agent Referral,3.0
CL100556,Individual,Male,United Kingdom,Europe - West,1967-07-09,Personal use,Yes,Website,5.0
CL100557,Individual,Female,France,Europe - West,1990-12-23,Personal use,Yes,Property Portal,4.0
CL100558,Individual,Male,United Arab Emirates,Middle East,1994-03-24,Personal use,Yes,Friend/Family,4.0
CL100559,Individual,Female,France,Europe - West,2001-07-22,Personal use,Yes,Website,3.0
CL100560,Individual,Female,United States,North America - East,1984-07-10,Personal use,No,Website,3.0
CL100561,Individual,Male,Canada,North America - East,2001-06-07,Investment,Yes,Website,3.0
CL100562,Corporate,Not Specified,Singapore,Southeast Asia,1995-08-06,Personal use,No,Agent Referral,4.0
CL100563,Individual,Female,United Arab Emirates,Middle East,1994-10-25,Investment,No,Social Media,4.0
CL100564,Individual,Male,United Arab Emirates,Middle East,1974-07-21,Investment,No,Agent Referral,5.0
CL100565,Individual,Male,India,South Asia,1991-02-26,Personal use,Yes,Event,3.0
CL100566,Individual,Female,India,South Asia,1981-03-10,Investment,Yes,Property Portal,4.0
CL100567,Corporate,Not Specified,United States,North America - West,1962-03-27,Investment,No,Website,5.0
CL100568,Corporate,Not Specified,United Kingdom,Europe - West,1965-02-21,Investment,No,Website,4.0
CL100569,Individual,Other,France,Europe - West,1998-10-31,Personal use,Yes,Website,4.0
CL100570,Corporate,Not Specified,United Kingdom,Europe - West,1969-10-19,Investment,No,Website,3.0
CL100571,Individual,Female,Singapore,Southeast Asia,1960-11-24,Investment,No,Social Media,3.0
CL100572,Individual,Female,France,Europe - West,1975-04-22,Personal use,Yes,Website,4.0
CL100573,Corporate,Not Specified,India,South Asia,1971-01-15,Investment,No,Website,4.0
CL100574,Individual,Female,Singapore,Southeast Asia,1951-08-06,Personal use,Yes,Website,3.0
CL100575,Individual,Female,France,Europe - West,1995-11-13,Investment,No,Friend/Family,4.0
CL100576,Individual,Female,Australia,Oceania,1973-07-27,Personal use,No,Website,4.0
CL100577,Individual,Male,United Arab Emirates,Middle East,2002-08-19,Personal use,Yes,Event,3.0
CL100578,Individual,Female,Singapore,Southeast Asia,1987-12-05,Personal use,No,Agent Referral,4.0
CL100579,Individual,Male,United Kingdom,Europe - West,1999-12-28,Personal use,Yes,Agent Referral,4.0
CL100580,Individual,Female,France,Europe - West,1983-08-15,Investment,No,Social Media,3.0
CL100581,Individual,Female,France,Europe - West,1984-10-16,Personal use,Yes,Social Media,3.0
CL100582,Corporate,Not Specified,United States,North America - East,1961-08-30,Investment,No,Agent Referral,5.0
CL100583,Individual,Male,United Kingdom,Europe - West,1973-09-19,Personal use,Yes,Social Media,4.0
CL100584,Corporate,Not Specified,Australia,Oceania,1969-10-24,Investment,No,Agent Referral,4.0
CL100585,Individual,Male,United Arab Emirates,Middle East,1982-07-15,Investment,No,Agent Referral,3.0
CL100586,Individual,Male,United States,North America - East,1976-07-12,Investment,Yes,Website,3.0
CL100587,Individual,Male,United Kingdom,Europe - West,2001-12-14,Investment,No,Friend/Family,4.0
CL100588,Corporate,Not Specified,United States,North America - West,1970-02-28,Personal use,No,Social Media,5.0
CL100589,Individual,Male,United States,North America - East,1985-03-28,Personal use,No,Friend/Family,4.0
CL100590,Corporate,Not Specified,Australia,Oceania,1984-10-08,Investment,No,Event,3.0
CL100591,Individual,Male,Germany,Europe - West,1970-09-06,Personal use,Yes,Social Media,4.0
CL100592,Individual,Female,United Kingdom,Europe - West,1987-10-31,Personal use,Yes,Property Portal,3.0
CL100593,Individual,Female,United Arab Emirates,Middle East,1989-06-27,Investment,Yes,Agent Referral,4.0
CL100594,Individual,Female,United States,North America - East,1995-02-16,Personal use,Yes,Social Media,3.0
CL100595,Individual,Female,Canada,North America - East,1982-06-08,Personal use,Yes,Friend/Family,5.0
CL100596,Individual,Female,India,South Asia,1989-06-18,Investment,No,Agent Referral,3.0
CL100597,Individual,Female,United Arab Emirates,Middle East,1989-06-07,Investment,Yes,Agent Referral,4.0
CL100598,Individual,Female,Brazil,Latin America,1987-03-13,Investment,No,Social Media,3.0
CL100599,Individual,Male,United Arab Emirates,Middle East,1978-11-19,Investment,No,Website,4.0
CL100600,Individual,Male,Germany,Europe - West,1992-08-21,Personal use,Yes,Agent Referral,4.0
CL100601,Individual,Female,India,South Asia,1994-02-02,Personal use,Yes,Property Portal,5.0
CL100602,Individual,Male,Australia,Oceania,1980-11-25,Personal use,Yes,Social Media,4.0
CL100603,Individual,Female,India,South Asia,2004-01-04,Investment,No,Website,3.0
CL100604,Individual,Female,Brazil,Latin America,1991-10-10,Personal use,Yes,Website,5.0
CL100605,Individual,Male,India,South Asia,1998-09-26,Personal use,Yes,Property Portal,4.0
CL100606,Corporate,Not Specified,Singapore,Southeast Asia,1965-05-29,Investment,No,Event,3.0
CL100607,Individual,Female,United States,North America - East,1990-04-29,Personal use,No,Friend/Family,4.0
CL100608,Individual,Female,India,South Asia,1992-03-20,Personal use,Yes,Website,4.0
CL100609,Corporate,Not Specified,Germany,Europe - West,1993-06-07,Personal use,Yes,Agent Referral,4.0
CL100610,Individual,Female,United Arab Emirates,Middle East,1992-07-01,Personal use,Yes,Agent Referral,4.0
CL100611,Individual,Female,United Arab Emirates,Middle East,1989-11-26,Personal use,Yes,,4.0
CL100612,Corporate,Not Specified,Brazil,Latin America,1969-07-15,Investment,No,Social Media,5.0
CL100613,Corporate,Not Specified,Brazil,Latin America,1978-10-22,Personal use,No,Property Portal,3.0
CL100614,Individual,Female,United Kingdom,Europe - West,1990-09-19,Personal use,No,Agent Referral,5.0
CL100615,Individual,Female,India,South Asia,1997-04-29,Investment,No,Property Portal,5.0
CL100616,Individual,Male,India,South Asia,1998-02-20,Investment,No,Agent Referral,5.0
CL100617,Corporate,Not Specified,United Kingdom,Europe - West,1977-10-15,Investment,No,Agent Referral,4.0
CL100618,Corporate,Not Specified,United States,North America - East,1987-12-28,Personal use,No,Social Media,4.0
CL100619,Individual,Male,United States,North America - West,2001-09-24,Investment,Yes,Social Media,3.0
CL100620,Individual,Female,India,South Asia,1977-01-05,Investment,Yes,Property Portal,3.0
CL100621,Individual,Male,France,Europe - West,1977-06-09,Personal use,Yes,Social Media,2.0
CL100622,Individual,Male,Brazil,Latin America,1974-11-27,Investment,No,Property Portal,5.0
CL100623,Individual,Female,Germany,Europe - West,1981-12-26,Personal use,Yes,Agent Referral,5.0
CL100624,Individual,Male,Brazil,Latin America,1978-07-27,Personal use,Yes,Agent Referral,3.0
CL100625,Individual,Male,Germany,Europe - West,1961-05-31,Investment,No,Agent Referral,5.0
CL100626,Individual,Female,India,South Asia,1988-12-07,Investment,No,Website,4.0
CL100627,Individual,Female,United States,North America - West,1996-10-29,Personal use,Yes,Property Portal,3.0
CL100628,Individual,Male,United Arab Emirates,Middle East,2002-02-21,Personal use,No,Website,
CL100629,Individual,Female,Singapore,Southeast Asia,1966-07-21,Personal use,Yes,Agent Referral,3.0
CL100630,Individual,Female,Australia,Oceania,1966-05-19,Investment,Yes,Agent Referral,4.0
CL100631,Corporate,Not Specified,Singapore,Southeast Asia,1965-12-22,Personal use,Yes,Friend/Family,4.0
CL100632,Individual,Male,United States,North America - East,1994-02-25,Personal use,Yes,Property Portal,4.0
CL100633,Individual,Male,United Kingdom,Europe - West,1989-07-21,Personal use,Yes,Property Portal,3.0
CL100634,Individual,Female,United States,North America - West,1972-06-24,Investment,Yes,Agent Referral,4.0
CL100635,Individual,Female,United States,North America - West,2000-07-20,Personal use,Yes,Social Media,4.0
CL100636,Individual,Male,India,South Asia,2004-04-10,Personal use,Yes,Agent Referral,4.0
CL100637,Individual,Female,India,South Asia,1962-04-30,Investment,Yes,Property Portal,3.0
CL100638,Individual,Male,India,South Asia,1982-03-21,Personal use,Yes,Website,5.0
CL100639,Individual,Female,Singapore,Southeast Asia,1980-10-25,Personal use,Yes,Event,3.0
CL100640,Individual,Female,India,South Asia,1988-02-08,Personal use,Yes,Property Portal,4.0
CL100641,Individual,Female,Singapore,Southeast Asia,1980-03-05,Personal use,Yes,Friend/Family,4.0
CL100642,Individual,Female,United States,North America - West,2002-05-19,Personal use,Yes,Property Portal,5.0
CL100643,Individual,Male,Canada,North America - East,1995-02-12,Personal use,Yes,Agent Referral,4.0
CL100644,Individual,Female,United Arab Emirates,Middle East,1983-10-21,Investment,No,Agent Referral,5.0
CL100645,Individual,Male,Singapore,Southeast Asia,2004-09-25,Personal use,Yes,Agent Referral,4.0
CL100646,Individual,Female,United States,North America - East,1989-05-28,Investment,No,Website,
CL100647,Individual,Female,France,Europe - West,1990-09-12,Investment,Yes,Friend/Family,3.0
CL100648,Individual,Male,India,South Asia,1989-07-20,Personal use,Yes,Social Media,3.0
CL100649,Corporate,Not Specified,United States,North America - West,1966-09-14,Investment,No,Property Portal,5.0
CL100650,Corporate,Not Specified,Germany,Europe - West,1977-03-03,Investment,No,Property Portal,4.0
CL100651,Corporate,Not Specified,Australia,Oceania,1993-12-06,Investment,No,Website,4.0
CL100652,Individual,Male,India,South Asia,1983-10-26,Investment,No,Agent Referral,5.0
CL100653,Individual,Female,Canada,North America - East,1989-07-08,Investment,No,Agent Referral,3.0
CL100654,Individual,Male,Singapore,Southeast Asia,2001-01-17,Investment,No,Website,3.0
CL100655,Individual,Female,United Kingdom,Europe - West,1985-06-05,Personal use,No,Friend/Family,2.0
CL100656,Individual,Female,Singapore,Southeast Asia,1989-06-09,Investment,No,Friend/Family,5.0
CL100657,Individual,Female,United Kingdom,Europe - West,1991-02-22,Personal use,Yes,Friend/Family,4.0
CL100658,Individual,Male,United Arab Emirates,Middle East,2004-01-25,Personal use,Yes,Social Media,4.0
CL100659,Individual,Female,United Kingdom,Europe - West,1978-03-06,Investment,No,Property Portal,4.0
CL100660,Individual,Female,Canada,North America - East,1999-08-25,Investment,No,Social Media,5.0
CL100661,Individual,Female,Australia,Oceania,1985-05-07,Investment,Yes,Event,3.0
CL100662,Individual,Female,United States,North America - East,1994-06-19,Investment,Yes,Property Portal,4.0
CL100663,Corporate,Not Specified,United States,North America - West,1986-10-02,Investment,No,Friend/Family,4.0
CL100664,Individual,Female,United Kingdom,Europe - West,1973-09-22,Personal use,Yes,Website,4.0
CL100665,Individual,Female,India,South Asia,1980-04-23,Personal use,No,Property Portal,5.0
CL100666,Individual,Male,Singapore,Southeast Asia,1973-08-31,Personal use,Yes,Agent Referral,3.0
CL100667,Individual,Female,Brazil,Latin America,1982-01-08,Personal use,No,Agent Referral,4.0
CL100668,Individual,Male,United Kingdom,Europe - West,1981-09-14,Personal use,Yes,Social Media,4.0
CL100669,Individual,Male,Germany,Europe - West,2004-07-05,Investment,No,Agent Referral,4.0
CL100670,Individual,Female,United States,North America - West,1988-10-08,Investment,No,Website,4.0
CL100671,Individual,Male,United Arab Emirates,Middle East,1988-01-18,Personal use,Yes,Website,3.0
CL100672,Individual,Other,Brazil,Latin America,1972-03-17,Investment,No,Property Portal,5.0
CL100673,Corporate,Not Specified,India,South Asia,1993-09-26,Investment,No,Friend/Family,4.0
CL100674,Individual,Female,United Arab Emirates,Middle East,1983-09-19,Personal use,Yes,Event,5.0
CL100675,Individual,Male,United Kingdom,Europe - West,1982-11-07,Investment,Yes,Property Portal,4.0
CL100676,Individual,Female,Australia,Oceania,1972-12-19,Investment,No,Agent Referral,4.0
CL100677,Individual,Male,France,Europe - West,1986-10-22,Personal use,Yes,Property Portal,4.0
CL100678,Individual,Male,United States,North America - East,1975-12-16,Investment,No,Social Media,4.0
CL100679,Individual,Male,United Kingdom,Europe - West,2004-09-28,Personal use,Yes,Agent Referral,5.0
CL100680,Individual,Female,United States,North America - East,2002-12-09,Investment,No,Event,3.0
CL100681,Individual,Other,United States,North America - West,2004-04-14,Personal use,Yes,Property Portal,2.0
CL100682,Individual,Other,United States,North America - East,1977-01-26,Personal use,Yes,Website,4.0
CL100683,Individual,Male,Germany,Europe - West,1978-05-07,Personal use,Yes,Property Portal,4.0
CL100684,Corporate,Not Specified,United Arab Emirates,Middle East,1987-01-13,Investment,No,Website,4.0
CL100685,Corporate,Not Specified,United Kingdom,Europe - West,1994-11-28,Investment,No,Property Portal,4.0
CL100686,Corporate,Not Specified,Germany,Europe - West,1962-10-19,Investment,No,Social Media,4.0
CL100687,Individual,Female,Brazil,Latin America,1987-03-20,Personal use,Yes,Website,2.0
CL100688,Individual,Male,India,South Asia,1970-06-28,Investment,Yes,Property Portal,4.0
CL100689,Individual,Female,France,Europe - West,1967-02-27,Investment,No,Social Media,5.0
CL100690,Corporate,Not Specified,United Kingdom,Europe - West,1975-04-07,Investment,No,Website,4.0
CL100691,Individual,Male,Australia,Oceania,1982-07-23,Personal use,No,Property Portal,3.0
CL100692,Individual,Male,Canada,North America - East,1971-01-16,Personal use,Yes,Property Portal,3.0
CL100693,Individual,Male,United Kingdom,Europe - West,1988-09-04,Personal use,Yes,Social Media,4.0
CL100694,Individual,Male,Australia,Oceania,1990-05-08,Personal use,Yes,Friend/Family,5.0
CL100695,Individual,Male,France,Europe - West,1987-01-24,Personal use,Yes,Website,2.0
CL100696,Individual,Female,India,South Asia,1995-10-30,Personal use,Yes,Agent Referral,4.0
CL100697,Individual,Male,United Arab Emirates,Middle East,1987-02-19,Investment,Yes,Friend/Family,3.0
CL100698,Corporate,Not Specified,United Arab Emirates,Middle East,1978-10-13,Investment,Yes,Agent Referral,4.0
CL100699,Individual,Female,United Kingdom,Europe - West,1973-12-07,Investment,No,Social Media,4.0
CL100700,Corporate,Not Specified,Canada,North America - East,1996-07-06,Personal use,Yes,Property Portal,3.0
CL100701,Individual,Female,United Kingdom,Europe - West,1969-12-03,Personal use,Yes,Property Portal,4.0
CL100702,Individual,Male,United States,North America - West,2003-05-30,Personal use,Yes,Social Media,5.0
CL100703,Individual,Male,Singapore,Southeast Asia,1965-02-20,Investment,Yes,Social Media,3.0
CL100704,Corporate,Not Specified,United Kingdom,Europe - West,1995-07-20,Personal use,Yes,Property Portal,3.0
CL100705,Individual,Female,United Arab Emirates,Middle East,1999-03-18,Investment,No,Property Portal,5.0
CL100706,Individual,Female,India,South Asia,1992-01-27,Investment,Yes,Website,4.0
CL100707,Individual,Male,India,South Asia,1970-11-08,Personal use,Yes,Social Media,4.0
CL100708,Individual,Male,Germany,Europe - West,1982-10-25,Personal use,No,Website,3.0
CL100709,Individual,Male,Germany,Europe - West,1987-12-15,Personal use,Yes,Website,4.0
CL100710,Individual,Male,Brazil,Latin America,1994-03-12,Investment,Yes,Agent Referral,5.0
CL100711,Corporate,Not Specified,India,South Asia,1976-11-17,Investment,No,Social Media,4.0
CL100712,Individual,Male,Singapore,Southeast Asia,1973-08-29,Investment,No,Property Portal,4.0
CL100713,Individual,Male,Australia,Oceania,1976-10-07,Investment,No,Property Portal,3.0
CL100714,Individual,Male,India,South Asia,1971-07-25,Personal use,No,Agent Referral,4.0
CL100715,Corporate,Not Specified,United States,North America - West,1980-05-10,Investment,No,Agent Referral,3.0
CL100716,Corporate,Not Specified,United Arab Emirates,Middle East,1987-11-06,Investment,No,Website,4.0
CL100717,Individual,Female,United States,North America - East,1999-01-12,Personal use,Yes,Website,3.0
CL100718,Corporate,Not Specified,United Arab Emirates,Middle East,1993-11-25,Investment,No,Website,4.0
CL100719,Individual,Female,Brazil,Latin America,1990-01-24,Personal use,No,Event,3.0
CL100720,Corporate,Not Specified,France,Europe - West,1985-02-26,Investment,No,Website,4.0
CL100721,Corporate,Not Specified,Germany,Europe - West,1989-07-31,Investment,Yes,Friend/Family,3.0
CL100722,Individual,Male,United States,North America - East,1974-10-08,Personal use,Yes,Agent Referral,4.0
CL100723,Individual,Male,Brazil,Latin America,1980-02-15,Personal use,Yes,Social Media,2.0
CL100724,Individual,Male,United States,North America - East,1980-02-04,Investment,No,Property Portal,4.0
CL100725,Individual,Male,United States,North America - East,1992-04-28,Investment,Yes,Property Portal,3.0
CL100726,Corporate,Not Specified,Canada,North America - East,1988-10-20,Personal use,No,Agent Referral,4.0
CL100727,Individual,Female,United States,North America - East,2000-04-18,Personal use,Yes,Property Portal,2.0
CL100728,Individual,Female,Germany,Europe - West,1987-07-26,Investment,No,Agent Referral,5.0
CL100729,Corporate,Not Specified,France,Europe - West,1986-07-30,Investment,No,Property Portal,4.0
CL100730,Individual,Female,United Kingdom,Europe - West,2003-01-18,Investment,No,Website,4.0
CL100731,Individual,Female,United States,North America - East,1989-01-04,Investment,Yes,Social Media,2.0
CL100732,Individual,Male,United States,North America - West,1959-07-27,Investment,Yes,Friend/Family,3.0
CL100733,Individual,Male,United Kingdom,Europe - West,2004-01-18,Investment,Yes,Property Portal,3.0
CL100734,Individual,Female,United States,North America - East,1998-10-01,Investment,No,Property Portal,5.0
CL100735,Individual,Female,India,South Asia,1983-03-24,Investment,Yes,Agent Referral,4.0
CL100736,Individual,Male,United States,North America - West,1965-10-19,Personal use,Yes,Property Portal,4.0
CL100737,Individual,Male,United Kingdom,Europe - West,1983-08-08,Personal use,No,Agent Referral,3.0
CL100738,Individual,Other,United Kingdom,Europe - West,1978-05-11,Personal use,No,Agent Referral,3.0
CL100739,Individual,Male,Germany,Europe - West,1989-03-13,Investment,No,Website,4.0
CL100740,Individual,Female,United States,North America - West,1991-05-25,Personal use,No,Agent Referral,5.0
CL100741,Individual,Female,United States,North America - West,1985-08-28,Personal use,Yes,Website,4.0
CL100742,Individual,Female,Singapore,Southeast Asia,1993-04-17,Personal use,Yes,Friend/Family,5.0
CL100743,Individual,Female,United States,North America - West,1978-06-04,Investment,No,Website,3.0
CL100744,Individual,Male,France,Europe - West,2003-07-17,Investment,No,Social Media,4.0
CL100745,Individual,Female,France,Europe - West,1976-05-23,Personal use,Yes,Website,2.0
CL100746,Corporate,Not Specified,United Kingdom,Europe - West,1994-05-02,Investment,Yes,Friend/Family,4.0
CL100747,Individual,Female,Germany,Europe - West,1987-11-15,Investment,No,Agent Referral,5.0
CL100748,Individual,Male,India,South Asia,2004-04-02,Investment,No,Agent Referral,3.0
CL100749,Individual,Male,Singapore,Southeast Asia,1996-05-02,Personal use,No,Friend/Family,5.0
CL100750,Individual,Male,Canada,North America - East,1972-05-17,Personal use,Yes,Property Portal,5.0
CL100751,Individual,Male,United Kingdom,Europe - West,1988-02-27,Investment,No,Event,3.0
CL100752,Individual,Female,Canada,North America - East,1982-06-26,Personal use,Yes,Agent Referral,4.0
CL100753,Corporate,Not Specified,Germany,Europe - West,1978-11-20,Investment,No,Event,5.0
CL100754,Individual,Female,India,South Asia,1986-05-04,Investment,No,Social Media,4.0
CL100755,Individual,Female,Canada,North America - East,2001-04-27,Personal use,Yes,Property Portal,4.0
CL100756,Individual,Male,United Kingdom,Europe - West,1984-09-10,Investment,Yes,Website,2.0
CL100757,Individual,Male,Australia,Oceania,1980-11-16,Personal use,No,Website,4.0
CL100758,Individual,Male,United States,North America - East,1982-04-16,Personal use,Yes,,4.0
CL100759,Individual,Male,Germany,Europe - West,1995-08-13,Personal use,Yes,Property Portal,3.0
CL100760,Corporate,Not Specified,India,South Asia,1993-07-31,Investment,No,Website,3.0
CL100761,Individual,Male,United States,North America - West,1980-05-24,Investment,No,Website,4.0
CL100762,Individual,Male,United States,North America - East,1987-12-23,Personal use,Yes,Social Media,3.0
CL100763,Individual,Female,United States,North America - East,1989-08-29,Personal use,Yes,Event,4.0
CL100764,Individual,Male,Australia,Oceania,1965-08-26,Personal use,Yes,Social Media,4.0
CL100765,Corporate,Not Specified,United States,North America - East,1961-03-19,Investment,No,Friend/Family,4.0
CL100766,Individual,Male,United States,North America - West,1974-04-07,Investment,No,Website,4.0
CL100767,Individual,Female,United States,North America - West,1997-10-16,Investment,No,Property Portal,4.0
CL100768,Individual,Female,United States,North America - West,1978-01-04,Investment,No,Website,5.0
CL100769,Corporate,Not Specified,United Arab Emirates,Middle East,1983-02-07,Investment,No,Agent Referral,5.0
CL100770,Individual,Male,Canada,North America - East,1991-06-02,Personal use,No,Social Media,4.0
CL100771,Individual,Female,United Arab Emirates,Middle East,1999-02-14,Personal use,Yes,Agent Referral,5.0
CL100772,Corporate,Not Specified,United Arab Emirates,Middle East,1964-03-09,Investment,No,Friend/Family,4.0
CL100773,Individual,Female,Singapore,Southeast Asia,1992-06-22,Investment,No,Friend/Family,4.0
CL100774,Individual,Female,United States,North America - West,1980-05-22,Investment,No,Agent Referral,4.0
CL100775,Individual,Female,Singapore,Southeast Asia,1996-10-26,Personal use,Yes,Website,4.0
CL100776,Individual,Female,United Arab Emirates,Middle East,1984-03-21,Personal use,No,Website,2.0
CL100777,Individual,Male,United States,North America - East,2002-04-10,Personal use,No,Website,4.0
CL100778,Corporate,Not Specified,India,South Asia,1983-12-18,Investment,No,Property Portal,5.0
CL100779,Individual,Male,Singapore,Southeast Asia,1998-06-25,Personal use,Yes,Social Media,4.0
CL100780,Individual,Female,Canada,North America - East,1986-07-15,Investment,No,Website,4.0
CL100781,Corporate,Not Specified,Australia,Oceania,1962-10-14,Investment,No,Website,3.0
CL100782,Corporate,Not Specified,Germany,Europe - West,1970-12-18,Investment,No,Property Portal,4.0
CL100783,Corporate,Not Specified,United Arab Emirates,Middle East,1986-05-02,Investment,No,Property Portal,4.0
CL100784,Individual,Female,Brazil,Latin America,1995-10-21,Personal use,Yes,Property Portal,5.0
CL100785,Corporate,Not Specified,United Kingdom,Europe - West,1983-05-22,Investment,No,Website,3.0
CL100786,Individual,Other,Singapore,Southeast Asia,1974-02-02,Personal use,Yes,Social Media,3.0
CL100787,Individual,Male,United Kingdom,Europe - West,1989-09-20,Personal use,Yes,Website,3.0
CL100788,Individual,Male,India,South Asia,2004-01-18,Personal use,No,Property Portal,5.0
CL100789,Corporate,Not Specified,United Arab Emirates,Middle East,1990-07-29,Personal use,Yes,Agent Referral,4.0
CL100790,Corporate,Not Specified,United States,North America - West,1996-07-04,Investment,No,Friend/Family,3.0
CL100791,Individual,Male,Germany,Europe - West,1993-12-10,Personal use,Yes,Website,2.0
CL100792,Individual,Female,United Kingdom,Europe - West,1969-07-24,Investment,No,Property Portal,3.0
CL100793,Individual,Male,United States,North America - East,1995-04-08,Personal use,No,Agent Referral,5.0
CL100794,Individual,Male,United States,North America - West,1979-11-03,Personal use,Yes,Property Portal,4.0
CL100795,Individual,Male,United Kingdom,Europe - West,1973-10-23,Investment,No,Website,3.0
CL100796,Individual,Female,United States,North America - East,1981-04-25,Investment,No,Property Portal,3.0
CL100797,Individual,Male,United States,North America - West,2001-08-30,Personal use,Yes,Website,5.0
CL100798,Corporate,Not Specified,India,South Asia,1984-06-21,Investment,No,Friend/Family,5.0
CL100799,Individual,Female,India,South Asia,1973-02-24,Personal use,No,Property Portal,
CL100800,Corporate,Not Specified,India,South Asia,1987-06-03,Investment,No,Agent Referral,5.0
CL100801,Individual,Male,United Kingdom,Europe - West,1975-01-17,Personal use,No,Agent Referral,5.0
CL100802,Individual,Female,Australia,Oceania,1989-10-05,Personal use,Yes,Agent Referral,5.0
CL100803,Individual,Female,United Arab Emirates,Middle East,1984-02-20,Investment,Yes,Agent Referral,4.0
CL100804,Individual,Male,United States,North America - East,2001-02-13,Personal use,Yes,Friend/Family,3.0
CL100805,Individual,Female,United States,North America - West,1992-03-22,Personal use,Yes,Website,5.0
CL100806,Individual,Female,India,South Asia,1995-07-25,Personal use,Yes,Website,3.0
CL100807,Individual,Male,United States,North America - East,1983-03-07,Investment,Yes,Agent Referral,3.0
CL100808,Individual,Female,France,Europe - West,1983-10-29,Investment,No,Agent Referral,3.0
CL100809,Individual,Female,Brazil,Latin America,1980-01-27,Personal use,Yes,Website,3.0
CL100810,Individual,Female,United States,North America - East,1991-01-01,Personal use,Yes,Friend/Family,2.0
CL100811,Individual,Female,United States,North America - West,1995-11-20,Investment,No,Website,3.0
CL100812,Individual,Female,Brazil,Latin America,1983-05-16,Personal use,Yes,Property Portal,3.0
CL100813,Individual,Other,United Arab Emirates,Middle East,1997-05-31,Investment,No,Friend/Family,3.0
CL100814,Individual,Female,United States,North America - East,1973-10-17,Personal use,No,Agent Referral,5.0
CL100815,Individual,Female,Australia,Oceania,1987-04-19,Investment,No,Property Portal,4.0
CL100816,Individual,Female,Australia,Oceania,1989-01-08,Investment,No,Social Media,4.0
CL100817,Corporate,Not Specified,France,Europe - West,1964-02-19,Personal use,No,Social Media,
CL100818,Individual,Female,United Arab Emirates,Middle East,1986-08-19,Investment,Yes,Agent Referral,4.0
CL100819,Individual,Male,Canada,North America - East,2004-06-06,Personal use,Yes,Friend/Family,4.0
CL100820,Individual,Male,United States,North America - East,1997-06-03,Personal use,Yes,Website,4.0
CL100821,Individual,Female,United Arab Emirates,Middle East,1974-08-02,Investment,No,Social Media,4.0
CL100822,Individual,Male,United Kingdom,Europe - West,1984-12-23,Personal use,Yes,Website,2.0
CL100823,Corporate,Not Specified,United Arab Emirates,Middle East,1961-10-22,Investment,No,Agent Referral,5.0
CL100824,Individual,Female,Singapore,Southeast Asia,1981-10-17,Personal use,No,Social Media,3.0
CL100825,Individual,Female,United States,North America - East,1992-07-22,Personal use,Yes,Website,4.0
CL100826,Individual,Male,United Arab Emirates,Middle East,1995-04-20,Investment,No,Agent Referral,4.0
CL100827,Individual,Female,Canada,North America - East,1998-07-08,Investment,No,Property Portal,3.0
CL100828,Individual,Male,Singapore,Southeast Asia,1975-09-14,Investment,Yes,Agent Referral,4.0
CL100829,Individual,Female,Canada,North America - East,2004-02-16,Personal use,Yes,Website,4.0
CL100830,Individual,Male,United Arab Emirates,Middle East,1994-11-22,Investment,No,Agent Referral,4.0
CL100831,Corporate,Not Specified,United Arab Emirates,Middle East,1975-09-08,Investment,No,Property Portal,4.0
CL100832,Individual,Female,United Kingdom,Europe - West,1968-02-16,Personal use,Yes,Friend/Family,3.0
CL100833,Corporate,Not Specified,India,South Asia,1981-09-22,Investment,No,Social Media,4.0
CL100834,Individual,Female,India,South Asia,1994-11-28,Personal use,Yes,Property Portal,3.0
CL100835,Corporate,Not Specified,United Arab Emirates,Middle East,1970-09-14,Investment,No,Friend/Family,3.0
CL100836,Individual,Male,India,South Asia,2000-04-24,Investment,No,Property Portal,4.0
CL100837,Individual,Male,Brazil,Latin America,1983-08-21,Investment,Yes,Friend/Family,4.0
CL100838,Corporate,Not Specified,Germany,Europe - West,1966-05-11,Investment,Yes,Property Portal,4.0
CL100839,Individual,Female,France,Europe - West,1995-04-28,Personal use,Yes,Social Media,3.0
CL100840,Corporate,Not Specified,United States,North America - East,1970-03-24,Investment,No,Agent Referral,3.0
CL100841,Individual,Male,India,South Asia,1990-12-04,Personal use,No,Website,5.0
CL100842,Individual,Male,France,Europe - West,1977-10-07,Personal use,Yes,Website,2.0
CL100843,Individual,Female,Germany,Europe - West,2004-05-27,Investment,No,Social Media,4.0
CL100844,Individual,Male,United States,North America - East,1981-11-02,Personal use,Yes,Event,5.0
CL100845,Corporate,Not Specified,Australia,Oceania,1995-04-28,Personal use,No,Friend/Family,4.0
CL100846,Corporate,Not Specified,United Kingdom,Europe - West,1996-08-18,Investment,No,Property Portal,4.0
CL100847,Individual,Male,India,South Asia,1986-02-26,Personal use,Yes,Friend/Family,4.0
CL100848,Individual,Male,United States,North America - West,1972-01-17,Investment,No,Property Portal,4.0
CL100849,Individual,Male,Brazil,Latin America,1980-06-16,Personal use,No,Friend/Family,5.0
CL100850,Individual,Female,United States,North America - East,1987-03-02,Investment,No,Agent Referral,4.0
CL100851,Individual,Female,United States,North America - East,1977-05-01,Personal use,Yes,Social Media,3.0
CL100852,Individual,Male,Singapore,Southeast Asia,1977-08-14,Personal use,Yes,Agent Referral,4.0
CL100853,Individual,Female,Australia,Oceania,1980-05-16,Personal use,Yes,Website,5.0
CL100854,Corporate,Not Specified,United States,North America - East,1961-05-06,Personal use,Yes,Agent Referral,3.0
CL100855,Individual,Female,Germany,Europe - West,1996-05-29,Investment,No,Agent Referral,5.0
CL100856,Individual,Female,India,South Asia,1969-11-07,Personal use,Yes,Website,4.0
CL100857,Individual,Male,Singapore,Southeast Asia,1999-05-12,Investment,Yes,Agent Referral,5.0
CL100858,Corporate,Not Specified,United Kingdom,Europe - West,1982-02-18,Investment,Yes,Property Portal,4.0
CL100859,Individual,Female,France,Europe - West,1978-10-01,Investment,Yes,Agent Referral,5.0
CL100860,Individual,Female,India,South Asia,1993-06-09,Personal use,Yes,Property Portal,4.0
CL100861,Individual,Male,India,South Asia,2003-11-10,Personal use,Yes,Website,3.0
CL100862,Corporate,Not Specified,India,South Asia,1964-11-17,Investment,No,Event,4.0
CL100863,Individual,Male,United Arab Emirates,Middle East,1962-10-18,Personal use,Yes,Friend/Family,3.0
CL100864,Individual,Other,United States,North America - West,1995-09-11,Personal use,Yes,Property Portal,5.0
CL100865,Individual,Female,Australia,Oceania,1993-11-21,Investment,No,Social Media,3.0
CL100866,Individual,Male,Singapore,Southeast Asia,1996-06-25,Personal use,Yes,Friend/Family,4.0
CL100867,Individual,Female,India,South Asia,1972-10-04,Personal use,Yes,Agent Referral,3.0
CL100868,Individual,Male,United States,North America - West,1988-08-30,Personal use,No,Agent Referral,4.0
CL100869,Individual,Male,United States,North America - East,1992-01-01,Personal use,Yes,Friend/Family,3.0
CL100870,Individual,Female,India,South Asia,1970-03-05,Personal use,Yes,Website,4.0
CL100871,Individual,Male,United States,North America - East,1979-03-10,Investment,Yes,Website,4.0
CL100872,Individual,Female,Brazil,Latin America,1995-11-14,Personal use,Yes,Property Portal,5.0
CL100873,Individual,Female,United Kingdom,Europe - West,1999-08-27,Investment,Yes,Website,5.0
CL100874,Individual,Female,India,South Asia,1973-09-06,Investment,No,Friend/Family,4.0
CL100875,Individual,Female,Australia,Oceania,1984-10-28,Investment,No,Website,3.0
CL100876,Individual,Male,United Kingdom,Europe - West,2003-02-20,Personal use,Yes,Agent Referral,3.0
CL100877,Individual,Female,United Kingdom,Europe - West,2003-12-20,Personal use,Yes,Agent Referral,4.0
CL100878,Individual,Female,United Arab Emirates,Middle East,1998-03-23,Investment,Yes,Social Media,4.0
CL100879,Corporate,Not Specified,United Arab Emirates,Middle East,1972-08-14,Investment,No,Property Portal,4.0
CL100880,Individual,Male,Germany,Europe - West,2004-03-22,Personal use,Yes,Property Portal,3.0
CL100881,Individual,Male,United Arab Emirates,Middle East,1997-10-14,Investment,No,Agent Referral,5.0
CL100882,Individual,Male,Australia,Oceania,1996-08-19,Personal use,No,Agent Referral,3.0
CL100883,Individual,Female,Germany,Europe - West,1991-08-17,Investment,No,Property Portal,3.0
CL100884,Individual,Male,United States,North America - East,1967-06-04,Personal use,No,Website,3.0
CL100885,Individual,Female,United Kingdom,Europe - West,1988-04-20,Investment,No,Website,4.0
CL100886,Corporate,Not Specified,United Kingdom,Europe - West,1983-02-17,Investment,No,Social Media,5.0
CL100887,Individual,Male,United States,North America - West,1980-08-07,Personal use,No,Property Portal,4.0
CL100888,Individual,Male,United States,North America - West,1987-10-28,Personal use,Yes,Agent Referral,4.0
CL100889,Individual,Male,India,South Asia,1981-08-11,Investment,Yes,Website,4.0
CL100890,Individual,Other,United Kingdom,Europe - West,1982-07-23,Personal use,Yes,Event,3.0
CL100891,Corporate,Not Specified,Brazil,Latin America,1977-10-17,Personal use,No,Property Portal,4.0
CL100892,Individual,Male,Canada,North America - East,1955-05-27,Personal use,Yes,Friend/Family,4.0
CL100893,Individual,Male,United States,North America - West,1975-03-12,Personal use,Yes,Friend/Family,3.0
CL100894,Individual,Male,India,South Asia,1997-04-25,Personal use,No,Property Portal,4.0
CL100895,Individual,Female,Australia,Oceania,1981-07-02,Personal use,No,Friend/Family,4.0
CL100896,Individual,Female,Canada,North America - East,1994-03-31,Personal use,Yes,Property Portal,5.0
CL100897,Individual,Male,United States,North America - East,1980-12-25,Investment,No,Social Media,
CL100898,Corporate,Not Specified,United States,North America - West,1983-09-30,Personal use,Yes,Agent Referral,5.0
CL100899,Individual,Male,France,Europe - West,1997-11-15,Personal use,Yes,Property Portal,4.0
CL100900,Individual,Female,Germany,Europe - West,1982-07-29,Personal use,Yes,Friend/Family,3.0
CL100901,Corporate,Not Specified,Canada,North America - East,1963-11-09,Investment,No,Agent Referral,4.0
CL100902,Corporate,Not Specified,United States,North America - East,1973-10-20,Investment,No,Social Media,4.0
CL100903,Individual,Female,France,Europe - West,1975-10-31,Personal use,Yes,Property Portal,3.0
CL100904,Individual,Female,Brazil,Latin America,1981-02-09,Personal use,Yes,Agent Referral,4.0
CL100905,Individual,Male,United Arab Emirates,Middle East,1983-11-08,Investment,No,Friend/Family,4.0
CL100906,Individual,Other,France,Europe - West,1990-11-23,Personal use,Yes,Website,3.0
CL100907,Corporate,Not Specified,United States,North America - West,1995-02-10,Investment,No,Social Media,5.0
CL100908,Individual,Male,Canada,North America - East,1973-11-15,Personal use,Yes,Event,2.0
CL100909,Individual,Female,United Kingdom,Europe - West,1986-05-31,Personal use,No,Property Portal,4.0
CL100910,Corporate,Not Specified,India,South Asia,1976-12-05,Investment,Yes,Property Portal,5.0
CL100911,Individual,Female,Singapore,Southeast Asia,1967-11-05,Investment,Yes,Friend/Family,4.0
CL100912,Individual,Male,Australia,Oceania,1986-02-14,Investment,No,Social Media,4.0
CL100913,Individual,Female,Brazil,Latin America,1985-08-20,Investment,No,Friend/Family,5.0
CL100914,Individual,Female,Brazil,Latin America,1980-07-18,Personal use,Yes,Agent Referral,4.0
CL100915,Corporate,Not Specified,Brazil,Latin America,1996-07-31,Personal use,No,Social Media,2.0
CL100916,Individual,Male,United States,North America - West,1995-03-21,Personal use,Yes,Social Media,4.0
CL100917,Individual,Male,United States,North America - East,1981-04-29,Personal use,No,Social Media,2.0
CL100918,Individual,Female,United Kingdom,Europe - West,1985-12-06,Investment,Yes,Agent Referral,3.0
CL100919,Corporate,Not Specified,United Arab Emirates,Middle East,1994-06-20,Investment,No,Agent Referral,5.0
CL100920,Individual,Male,United States,North America - West,1977-08-06,Personal use,No,Agent Referral,4.0
CL100921,Corporate,Not Specified,Singapore,Southeast Asia,1982-02-22,Investment,No,Agent Referral,5.0
CL100922,Corporate,Not Specified,United Arab Emirates,Middle East,1985-08-14,Investment,No,Agent Referral,3.0
CL100923,Individual,Female,France,Europe - West,1981-11-08,Personal use,Yes,Website,4.0
CL100924,Corporate,Not Specified,United States,North America - West,1977-09-06,Investment,No,Property Portal,3.0
CL100925,Individual,Female,Canada,North America - East,1991-04-06,Investment,No,Website,5.0
CL100926,Individual,Male,United States,North America - East,1982-10-23,Investment,No,Property Portal,4.0
CL100927,Individual,Male,Singapore,Southeast Asia,1987-03-15,Personal use,Yes,Agent Referral,5.0
CL100928,Corporate,Not Specified,United Arab Emirates,Middle East,1993-12-10,Investment,No,Property Portal,3.0
CL100929,Corporate,Not Specified,India,South Asia,1970-05-06,Investment,No,Friend/Family,5.0
CL100930,Individual,Male,United Kingdom,Europe - West,1979-01-03,Personal use,Yes,Property Portal,3.0
CL100931,Corporate,Not Specified,United Kingdom,Europe - West,1988-01-18,Personal use,No,Property Portal,2.0
CL100932,Individual,Female,Germany,Europe - West,1971-04-03,Personal use,No,Friend/Family,4.0
CL100933,Corporate,Not Specified,India,South Asia,1965-09-02,Investment,No,Website,5.0
CL100934,Corporate,Not Specified,India,South Asia,1977-10-16,Investment,Yes,Social Media,4.0
CL100935,Individual,Female,United States,North America - East,1977-09-18,Investment,No,Agent Referral,5.0
CL100936,Individual,Female,Australia,Oceania,1994-05-24,Personal use,Yes,Property Portal,4.0
CL100937,Individual,Male,United States,North America - East,1974-02-14,Personal use,No,Property Portal,3.0
CL100938,Corporate,Not Specified,Australia,Oceania,1994-12-25,Investment,Yes,Agent Referral,5.0
CL100939,Individual,Female,United States,North America - West,1972-03-25,Personal use,Yes,Friend/Family,4.0
CL100940,Individual,Female,Canada,North America - East,1981-05-11,Investment,Yes,Agent Referral,3.0
CL100941,Individual,Female,Singapore,Southeast Asia,1991-05-07,Personal use,No,Friend/Family,4.0
CL100942,Individual,Male,United States,North America - East,1983-10-13,Personal use,Yes,Social Media,4.0
CL100943,Individual,Male,Germany,Europe - West,1981-06-05,Investment,No,Social Media,5.0
CL100944,Individual,Male,Germany,Europe - West,1991-11-25,Investment,No,Property Portal,3.0
CL100945,Corporate,Not Specified,Canada,North America - East,1983-09-16,Personal use,No,Agent Referral,
CL100946,Individual,Female,India,South Asia,1979-02-07,Investment,Yes,Property Portal,3.0
CL100947,Corporate,Not Specified,Singapore,Southeast Asia,1974-01-31,Investment,Yes,Friend/Family,5.0
CL100948,Individual,Male,Singapore,Southeast Asia,1965-02-04,Investment,No,Agent Referral,4.0
CL100949,Corporate,Not Specified,United Kingdom,Europe - West,1995-05-01,Investment,No,Agent Referral,5.0
CL100950,Individual,Male,France,Europe - West,1998-01-21,Personal use,No,Website,3.0
CL100951,Individual,Male,Canada,North America - East,1995-04-22,Personal use,No,Social Media,4.0
CL100952,Individual,Male,Canada,North America - East,1969-03-05,Investment,No,Property Portal,4.0
CL100953,Individual,Female,United States,North America - East,1964-11-16,Personal use,Yes,Website,5.0
CL100954,Individual,Male,Australia,Oceania,1974-02-03,Personal use,No,Website,5.0
CL100955,Corporate,Not Specified,Australia,Oceania,1996-01-05,Personal use,No,Social Media,4.0
CL100956,Individual,Other,India,South Asia,1971-10-19,Personal use,Yes,Agent Referral,3.0
CL100957,Individual,Female,France,Europe - West,1979-07-17,Personal use,Yes,Agent Referral,5.0
CL100958,Individual,Male,France,Europe - West,1982-03-04,Personal use,Yes,Friend/Family,3.0
CL100959,Individual,Female,France,Europe - West,1980-02-08,Investment,No,Agent Referral,2.0
CL100960,Individual,Female,France,Europe - West,1977-01-25,Investment,No,Property Portal,2.0
CL100961,Individual,Male,Germany,Europe - West,1994-08-14,Investment,No,Agent Referral,3.0
CL100962,Individual,Female,United States,North America - West,1977-01-01,Investment,No,Social Media,4.0
CL100963,Corporate,Not Specified,United States,North America - East,1967-07-30,Personal use,Yes,Agent Referral,5.0
CL100964,Individual,Male,Brazil,Latin America,1988-05-06,Investment,No,Agent Referral,3.0
CL100965,Individual,Female,France,Europe - West,1989-01-15,Personal use,Yes,Social Media,3.0
CL100966,Individual,Male,Brazil,Latin America,1980-06-30,Investment,No,Friend/Family,4.0
CL100967,Individual,Male,United States,North America - East,1993-08-17,Personal use,Yes,Event,5.0
CL100968,Individual,Female,United Arab Emirates,Middle East,2000-01-27,Investment,No,Website,3.0
CL100969,Corporate,Not Specified,United States,North America - West,1980-06-24,Investment,No,Social Media,4.0
CL100970,Individual,Male,Canada,North America - East,1989-12-05,Investment,No,Friend/Family,4.0
CL100971,Individual,Male,United States,North America - West,1984-11-10,Personal use,Yes,Website,5.0
CL100972,Corporate,Not Specified,United States,North America - West,1980-05-30,Investment,No,Property Portal,4.0
CL100973,Individual,Male,Australia,Oceania,1971-01-11,Personal use,Yes,Agent Referral,4.0
CL100974,Corporate,Not Specified,United Kingdom,Europe - West,1966-07-19,Personal use,Yes,Property Portal,4.0
CL100975,Individual,Male,United Arab Emirates,Middle East,1987-10-29,Investment,No,Social Media,4.0
CL100976,Individual,Male,Germany,Europe - West,1998-07-03,Personal use,Yes,Website,4.0
CL100977,Corporate,Not Specified,Germany,Europe - West,1978-11-18,Investment,No,Friend/Family,3.0
CL100978,Corporate,Not Specified,France,Europe - West,1965-12-25,Investment,No,Website,2.0
CL100979,Corporate,Not Specified,United States,North America - East,1980-06-12,Investment,No,Friend/Family,4.0
CL100980,Individual,Male,Brazil,Latin America,1983-12-08,Personal use,Yes,Property Portal,4.0
CL100981,Corporate,Not Specified,Singapore,Southeast Asia,1978-02-17,Investment,No,Social Media,3.0
CL100982,Individual,Male,India,South Asia,1977-02-03,Personal use,Yes,Agent Referral,4.0
CL100983,Individual,Male,Germany,Europe - West,1986-05-18,Personal use,Yes,Agent Referral,3.0
CL100984,Individual,Female,United States,North America - East,1981-07-11,Investment,No,Social Media,5.0
CL100985,Individual,Female,Australia,Oceania,1996-01-20,Personal use,No,Friend/Family,4.0
CL100986,Individual,Male,United Kingdom,Europe - West,1957-09-21,Personal use,Yes,Friend/Family,4.0
CL100987,Individual,Female,United States,North America - East,1989-05-28,Personal use,Yes,Agent Referral,4.0
CL100988,Individual,Male,United Kingdom,Europe - West,1983-08-14,Investment,No,Friend/Family,3.0
CL100989,Corporate,Not Specified,India,South Asia,1971-10-07,Investment,No,Property Portal,3.0
CL100990,Corporate,Not Specified,United Arab Emirates,Middle East,1996-09-28,Investment,No,Friend/Family,4.0
CL100991,Individual,Male,India,South Asia,1985-08-30,Personal use,Yes,Agent Referral,4.0
CL100992,Corporate,Not Specified,India,South Asia,1981-10-27,Investment,No,Social Media,4.0
CL100993,Individual,Male,United States,North America - West,1995-12-24,Investment,No,Agent Referral,4.0
CL100994,Individual,Female,Australia,Oceania,1980-10-08,Personal use,Yes,Property Portal,4.0
CL100995,Corporate,Not Specified,Germany,Europe - West,1990-09-02,Investment,No,Property Portal,5.0
CL100996,Individual,Female,United Arab Emirates,Middle East,1965-10-09,Personal use,Yes,Property Portal,4.0
CL100997,Individual,Female,United States,North America - East,1977-03-01,Personal use,Yes,Agent Referral,4.0
CL100998,Individual,Male,Brazil,Latin America,1977-12-20,Personal use,Yes,Friend/Family,3.0
CL100999,Individual,Male,United Kingdom,Europe - West,2003-11-20,Personal use,Yes,Property Portal,3.0
CL101000,Corporate,Not Specified,United States,North America - East,1978-07-02,Investment,No,Website,4.0
CL101001,Individual,Female,Germany,Europe - West,1970-01-10,Personal use,Yes,Website,5.0
CL101002,Individual,Male,United States,North America - West,1951-02-18,Investment,No,Website,5.0
CL101003,Individual,Female,United States,North America - West,1972-05-09,Personal use,No,Social Media,5.0
CL101004,Individual,Male,United Arab Emirates,Middle East,1974-04-10,Personal use,No,Agent Referral,4.0
CL101005,Individual,Male,United Kingdom,Europe - West,1980-07-20,Personal use,No,Website,3.0
CL101006,Corporate,Not Specified,Australia,Oceania,1964-08-02,Investment,No,Social Media,4.0
CL101007,Individual,Male,United Kingdom,Europe - West,1974-11-04,Personal use,Yes,Property Portal,5.0
CL101008,Corporate,Not Specified,India,South Asia,1961-01-15,Investment,Yes,Property Portal,
CL101009,Individual,Male,Germany,Europe - West,1999-03-08,Investment,No,Friend/Family,2.0
CL101010,Corporate,Not Specified,United Arab Emirates,Middle East,1978-01-25,Investment,No,Property Portal,5.0
CL101011,Individual,Male,United Arab Emirates,Middle East,1975-05-12,Investment,No,Social Media,4.0
CL101012,Individual,Male,Germany,Europe - West,1986-07-04,Investment,No,Property Portal,5.0
CL101013,Individual,Female,Brazil,Latin America,1983-10-26,Personal use,Yes,Agent Referral,3.0
CL101014,Individual,Female,United Kingdom,Europe - West,1985-10-07,Investment,No,Property Portal,4.0
CL101015,Corporate,Not Specified,United States,North America - West,1966-07-22,Personal use,No,Property Portal,5.0
CL101016,Individual,Male,India,South Asia,1992-12-13,Personal use,Yes,Friend/Family,3.0
CL101017,Corporate,Not Specified,Singapore,Southeast Asia,1982-04-26,Investment,No,Agent Referral,2.0
CL101018,Individual,Male,United States,North America - East,2001-01-14,Personal use,No,Agent Referral,4.0
CL101019,Individual,Male,Germany,Europe - West,1991-08-24,Personal use,Yes,Agent Referral,4.0
CL101020,Individual,Female,Australia,Oceania,1997-04-08,Personal use,Yes,Website,5.0
CL101021,Individual,Male,India,South Asia,1979-08-21,Investment,Yes,Website,3.0
CL101022,Individual,Female,Brazil,Latin America,1977-12-12,Investment,Yes,Agent Referral,4.0
CL101023,Individual,Female,France,Europe - West,2000-05-07,Investment,Yes,Website,4.0
CL101024,Corporate,Not Specified,United Arab Emirates,Middle East,1982-06-30,Investment,No,Property Portal,5.0
CL101025,Individual,Male,United Kingdom,Europe - West,1965-01-26,Investment,Yes,Friend/Family,3.0
CL101026,Individual,Male,Australia,Oceania,1995-10-18,Personal use,Yes,Property Portal,4.0
CL101027,Individual,Male,United Kingdom,Europe - West,1981-06-03,Investment,Yes,Agent Referral,3.0
CL101028,Individual,Female,India,South Asia,1984-01-16,Personal use,Yes,Agent Referral,4.0
CL101029,Individual,Female,Germany,Europe - West,1973-01-28,Personal use,Yes,Agent Referral,4.0
CL101030,Individual,Female,United Arab Emirates,Middle East,1982-04-09,Investment,Yes,Property Portal,4.0
CL101031,Individual,Male,India,South Asia,1989-12-13,Investment,No,Website,4.0
CL101032,Individual,Female,France,Europe - West,1985-08-18,Investment,No,Friend/Family,3.0
CL101033,Individual,Female,Australia,Oceania,1984-11-17,Personal use,No,Agent Referral,3.0
CL101034,Individual,Female,Germany,Europe - West,1987-05-09,Personal use,Yes,Agent Referral,4.0
CL101035,Individual,Female,United Arab Emirates,Middle East,2000-09-13,Investment,No,Website,5.0
CL101036,Individual,Male,United Kingdom,Europe - West,1971-10-11,Personal use,Yes,Social Media,4.0
CL101037,Individual,Male,Germany,Europe - West,1973-12-28,Investment,No,Website,4.0
CL101038,Individual,Female,Germany,Europe - West,1996-12-07,Personal use,No,Property Portal,4.0
CL101039,Corporate,Not Specified,United States,North America - West,1978-08-13,Investment,No,Website,4.0
CL101040,Individual,Male,United States,North America - East,1988-01-03,Personal use,No,Agent Referral,3.0
CL101041,Individual,Male,United Arab Emirates,Middle East,1998-01-19,Personal use,Yes,Website,4.0
CL101042,Individual,Male,United Arab Emirates,Middle East,2003-11-04,Investment,Yes,Event,4.0
CL101043,Individual,Female,United Arab Emirates,Middle East,1993-05-19,Investment,Yes,Friend/Family,3.0
CL101044,Individual,Male,United States,North America - West,1988-10-29,Personal use,No,Friend/Family,4.0
CL101045,Corporate,Not Specified,United Kingdom,Europe - West,1978-01-20,Investment,No,Social Media,3.0
CL101046,Corporate,Not Specified,United States,North America - East,1986-07-03,Investment,Yes,Property Portal,4.0
CL101047,Individual,Female,India,South Asia,1973-07-20,Investment,Yes,Website,3.0
CL101048,Individual,Male,Singapore,Southeast Asia,1975-11-11,Personal use,No,Property Portal,5.0
CL101049,Individual,Male,Canada,North America - East,1987-02-10,Personal use,Yes,Property Portal,3.0
CL101050,Individual,Male,United Arab Emirates,Middle East,2004-08-16,Personal use,No,Website,5.0
CL101051,Individual,Male,United States,North America - West,1978-08-21,Investment,No,Website,4.0
CL101052,Individual,Male,Canada,North America - East,1983-12-06,Investment,Yes,Social Media,2.0
CL101053,Individual,Male,United States,North America - East,1981-08-04,Investment,No,Website,4.0
CL101054,Individual,Female,United Kingdom,Europe - West,1964-07-21,Personal use,No,Agent Referral,4.0
CL101055,Individual,Female,India,South Asia,1995-02-19,Investment,No,Agent Referral,4.0
CL101056,Individual,Female,Australia,Oceania,2003-11-18,Personal use,Yes,Website,4.0
CL101057,Individual,Male,United States,North America - West,1997-05-31,Personal use,Yes,Friend/Family,3.0
CL101058,Individual,Male,France,Europe - West,1980-02-05,Personal use,No,Social Media,4.0
CL101059,Individual,Other,India,South Asia,1985-01-20,Personal use,Yes,Friend/Family,3.0
CL101060,Individual,Female,Brazil,Latin America,1999-02-23,Personal use,Yes,Social Media,
CL101061,Corporate,Not Specified,United Arab Emirates,Middle East,1963-02-01,Investment,No,Agent Referral,4.0
CL101062,Individual,Male,Canada,North America - East,1989-07-11,Investment,No,Social Media,3.0
CL101063,Individual,Male,United Arab Emirates,Middle East,1999-02-16,Personal use,No,Property Portal,5.0
CL101064,Individual,Male,United Kingdom,Europe - West,1980-10-03,Personal use,Yes,Agent Referral,2.0
CL101065,Individual,Female,Brazil,Latin America,1990-01-09,Personal use,No,Friend/Family,4.0
CL101066,Individual,Male,United Kingdom,Europe - West,1991-12-17,Investment,No,Property Portal,5.0
CL101067,Corporate,Not Specified,India,South Asia,1972-12-21,Personal use,Yes,Social Media,3.0
CL101068,Individual,Female,United States,North America - East,1983-09-24,Personal use,No,Agent Referral,4.0
CL101069,Corporate,Not Specified,Germany,Europe - West,1987-11-05,Investment,No,Website,4.0
CL101070,Individual,Male,Singapore,Southeast Asia,1983-04-29,Personal use,Yes,Social Media,4.0
CL101071,Individual,Female,United Arab Emirates,Middle East,1984-09-04,Investment,Yes,Friend/Family,3.0
CL101072,Individual,Female,Germany,Europe - West,1986-03-22,Investment,No,Friend/Family,3.0
CL101073,Individual,Male,Australia,Oceania,1997-03-06,Personal use,Yes,Friend/Family,4.0
CL101074,Individual,Female,Singapore,Southeast Asia,1994-05-08,Investment,No,Website,2.0
CL101075,Individual,Female,United Kingdom,Europe - West,1990-01-02,Personal use,Yes,Property Portal,4.0
CL101076,Individual,Female,France,Europe - West,1963-03-25,Personal use,Yes,Social Media,3.0
CL101077,Individual,Male,France,Europe - West,2000-07-12,Investment,No,Event,4.0
CL101078,Individual,Female,United Arab Emirates,Middle East,1990-02-18,Investment,No,Friend/Family,3.0
CL101079,Individual,Male,United Kingdom,Europe - West,1984-06-29,Personal use,Yes,Agent Referral,5.0
CL101080,Individual,Male,Canada,North America - East,1989-08-20,Personal use,No,Friend/Family,4.0
CL101081,Individual,Male,Australia,Oceania,1974-07-01,Personal use,Yes,Social Media,3.0
CL101082,Individual,Male,Australia,Oceania,1988-11-06,Investment,No,Agent Referral,4.0
CL101083,Individual,Male,Singapore,Southeast Asia,1988-03-08,Personal use,No,Social Media,4.0
CL101084,Individual,Male,Brazil,Latin America,1977-06-12,Investment,Yes,Agent Referral,5.0
CL101085,Individual,Female,India,South Asia,1966-05-28,Investment,No,Website,3.0
CL101086,Individual,Male,India,South Asia,1969-11-28,Personal use,No,Friend/Family,5.0
CL101087,Individual,Other,India,South Asia,1987-02-02,Investment,No,Agent Referral,5.0
CL101088,Individual,Male,France,Europe - West,1985-12-25,Personal use,Yes,Friend/Family,5.0
CL101089,Individual,Female,Germany,Europe - West,1985-02-23,Investment,No,Social Media,4.0
CL101090,Individual,Female,Canada,North America - East,1983-10-07,Investment,No,Property Portal,4.0
CL101091,Individual,Female,United Arab Emirates,Middle East,1995-02-04,Personal use,Yes,Friend/Family,4.0
CL101092,Corporate,Not Specified,United Kingdom,Europe - West,1975-05-13,Investment,No,Friend/Family,4.0
CL101093,Corporate,Not Specified,Canada,North America - East,1965-07-08,Investment,No,Agent Referral,5.0
CL101094,Individual,Male,United Arab Emirates,Middle East,1986-09-17,Investment,Yes,Event,5.0
CL101095,Individual,Male,Germany,Europe - West,1998-12-24,Investment,No,Agent Referral,4.0
CL101096,Individual,Male,United States,North America - West,1984-10-28,Personal use,No,Property Portal,4.0
CL101097,Corporate,Not Specified,Singapore,Southeast Asia,1969-02-07,Investment,No,Social Media,3.0
CL101098,Individual,Male,Singapore,Southeast Asia,1992-04-07,Personal use,Yes,Agent Referral,4.0
CL101099,Individual,Male,United States,North America - East,1992-08-15,Personal use,Yes,Social Media,3.0
CL101100,Individual,Female,United States,North America - East,1982-02-11,Personal use,Yes,Social Media,3.0
CL101101,Individual,Female,United Kingdom,Europe - West,1965-07-27,Personal use,No,Agent Referral,3.0
CL101102,Individual,Female,India,South Asia,1979-02-20,Personal use,Yes,Agent Referral,4.0
CL101103,Corporate,Not Specified,Singapore,Southeast Asia,1976-06-18,Investment,No,Website,3.0
CL101104,Corporate,Not Specified,United States,North America - East,1968-11-25,Investment,No,Event,3.0
CL101105,Individual,Male,India,South Asia,1972-10-30,Personal use,Yes,Friend/Family,3.0
CL101106,Individual,Female,United States,North America - West,1965-07-15,Investment,No,Website,3.0
CL101107,Individual,Female,United Kingdom,Europe - West,1994-06-04,Personal use,No,Friend/Family,4.0
CL101108,Individual,Male,Brazil,Latin America,1993-10-30,Personal use,No,Social Media,4.0
CL101109,Individual,Male,United States,North America - East,1978-09-28,Investment,Yes,Friend/Family,3.0
CL101110,Individual,Male,United States,North America - East,1986-03-29,Investment,No,Social Media,4.0
CL101111,Corporate,Not Specified,Germany,Europe - West,1977-08-15,Investment,No,Website,4.0
CL101112,Corporate,Not Specified,United Arab Emirates,Middle East,1963-05-04,Investment,No,Agent Referral,5.0
CL101113,Individual,Male,Australia,Oceania,1992-09-20,Personal use,Yes,Friend/Family,2.0
CL101114,Individual,Female,Brazil,Latin America,1968-08-17,Investment,No,Friend/Family,3.0
CL101115,Individual,Female,United States,North America - West,1998-05-06,Personal use,Yes,Friend/Family,4.0
CL101116,Individual,Female,United States,North America - East,1978-09-14,Personal use,No,Website,4.0
CL101117,Individual,Female,India,South Asia,1979-12-19,Investment,No,Property Portal,5.0
CL101118,Individual,Female,Canada,North America - East,2003-03-03,Investment,No,Agent Referral,3.0
CL101119,Individual,Male,Australia,Oceania,1995-04-20,Personal use,No,Friend/Family,4.0
CL101120,Corporate,Not Specified,United Arab Emirates,Middle East,1985-04-14,Investment,No,Agent Referral,4.0
CL101121,Individual,Male,United States,North America - East,1978-12-03,Investment,Yes,Friend/Family,4.0
CL101122,Individual,Female,Singapore,Southeast Asia,1989-11-28,Investment,No,Event,4.0
CL101123,Individual,Male,United States,North America - West,1986-09-16,Personal use,Yes,Agent Referral,4.0
CL101124,Corporate,Not Specified,Germany,Europe - West,1984-01-27,Investment,No,Property Portal,4.0
CL101125,Individual,Female,United Arab Emirates,Middle East,1960-04-21,Investment,No,Social Media,5.0
CL101126,Individual,Male,France,Europe - West,1984-12-22,Personal use,Yes,Agent Referral,5.0
CL101127,Individual,Male,India,South Asia,1979-12-22,Personal use,Yes,Agent Referral,3.0
CL101128,Individual,Male,United Arab Emirates,Middle East,1991-01-17,Personal use,No,Friend/Family,4.0
CL101129,Corporate,Not Specified,Brazil,Latin America,1978-02-01,Investment,No,,5.0
CL101130,Individual,Female,Brazil,Latin America,1964-07-23,Personal use,Yes,Website,4.0
CL101131,Corporate,Not Specified,France,Europe - West,1974-11-29,Investment,No,Property Portal,4.0
CL101132,Individual,Female,United States,North America - West,1982-01-22,Personal use,Yes,Social Media,4.0
CL101133,Individual,Male,India,South Asia,1999-06-23,Investment,No,Friend/Family,3.0
CL101134,Individual,Male,Brazil,Latin America,1990-07-10,Personal use,Yes,Social Media,4.0
CL101135,Individual,Male,United Kingdom,Europe - West,1993-04-02,Personal use,Yes,Social Media,2.0
CL101136,Individual,Female,Germany,Europe - West,1996-05-28,Personal use,Yes,Friend/Family,4.0
CL101137,Individual,Male,Germany,Europe - West,1985-01-29,Personal use,Yes,Website,3.0
CL101138,Individual,Male,United States,North America - West,2004-05-03,Investment,Yes,Agent Referral,4.0
CL101139,Corporate,Not Specified,India,South Asia,1985-08-03,Investment,Yes,Social Media,4.0
CL101140,Corporate,Not Specified,United Kingdom,Europe - West,1966-05-17,Investment,No,Event,4.0
CL101141,Individual,Male,India,South Asia,1999-12-07,Investment,No,Agent Referral,4.0
CL101142,Individual,Female,Singapore,Southeast Asia,1968-12-08,Investment,Yes,Event,3.0
CL101143,Corporate,Not Specified,Singapore,Southeast Asia,1993-06-10,Investment,Yes,Friend/Family,5.0
CL101144,Individual,Female,Germany,Europe - West,1987-12-17,Investment,No,Social Media,4.0
CL101145,Corporate,Not Specified,United Kingdom,Europe - West,1974-09-02,Investment,Yes,Agent Referral,4.0
CL101146,Individual,Female,India,South Asia,1985-10-09,Investment,No,Website,3.0
CL101147,Individual,Male,Singapore,Southeast Asia,1971-01-01,Personal use,Yes,Social Media,4.0
CL101148,Individual,Male,France,Europe - West,1958-09-26,Personal use,Yes,Website,4.0
CL101149,Individual,Male,Australia,Oceania,1977-01-21,Investment,No,Agent Referral,4.0
CL101150,Individual,Male,United States,North America - West,1974-04-09,Personal use,Yes,Agent Referral,4.0
CL101151,Individual,Female,Singapore,Southeast Asia,1966-11-20,Personal use,No,Event,4.0
CL101152,Corporate,Not Specified,United States,North America - East,1980-07-09,Investment,No,Agent Referral,5.0
CL101153,Corporate,Not Specified,United States,North America - East,1985-11-12,Investment,No,Social Media,4.0
CL101154,Individual,Male,France,Europe - West,1976-11-22,Personal use,No,Agent Referral,3.0
CL101155,Individual,Female,United States,North America - East,1984-06-24,Personal use,No,Website,4.0
CL101156,Individual,Female,United States,North America - West,1982-04-30,Investment,No,Agent Referral,5.0
CL101157,Individual,Male,United States,North America - West,2004-02-07,Personal use,No,Property Portal,5.0
CL101158,Individual,Male,Germany,Europe - West,1982-07-09,Investment,Yes,Social Media,3.0
CL101159,Corporate,Not Specified,India,South Asia,1992-10-02,Investment,No,Agent Referral,4.0
CL101160,Individual,Male,United States,North America - East,2003-07-22,Investment,No,Property Portal,4.0
CL101161,Individual,Male,United Arab Emirates,Middle East,1983-07-08,Investment,Yes,Website,4.0
CL101162,Individual,Female,Singapore,Southeast Asia,1998-04-01,Investment,Yes,Property Portal,4.0
CL101163,Individual,Male,United States,North America - West,1986-04-14,Personal use,Yes,Website,3.0
CL101164,Individual,Male,United States,North America - East,1984-09-15,Personal use,Yes,Property Portal,3.0
CL101165,Individual,Female,Singapore,Southeast Asia,1982-11-06,Investment,Yes,Event,4.0
CL101166,Individual,Female,Singapore,Southeast Asia,1995-07-06,Personal use,Yes,Property Portal,3.0
CL101167,Individual,Female,France,Europe - West,1976-08-29,Personal use,Yes,Website,3.0
CL101168,Individual,Female,Singapore,Southeast Asia,1986-03-28,Investment,No,Social Media,3.0
CL101169,Individual,Female,United States,North America - East,1980-10-31,Personal use,Yes,Property Portal,4.0
CL101170,Individual,Female,United Kingdom,Europe - West,1999-09-30,Personal use,Yes,Social Media,4.0
CL101171,Individual,Female,India,South Asia,1987-04-08,Personal use,Yes,Agent Referral,5.0
CL101172,Individual,Female,Canada,North America - East,1972-11-08,Personal use,Yes,Social Media,3.0
CL101173,Corporate,Not Specified,India,South Asia,1961-11-18,Personal use,Yes,Website,3.0
CL101174,Individual,Female,France,Europe - West,1994-07-31,Personal use,No,Social Media,4.0
CL101175,Individual,Female,India,South Asia,1992-02-18,Investment,Yes,Website,3.0
CL101176,Individual,Male,Germany,Europe - West,1995-11-30,Investment,Yes,Friend/Family,4.0
CL101177,Individual,Female,United Kingdom,Europe - West,1993-01-29,Personal use,Yes,Agent Referral,3.0
CL101178,Individual,Female,United States,North America - West,2001-02-02,Personal use,No,Website,4.0
CL101179,Individual,Male,United States,North America - West,1986-12-25,Investment,No,Website,3.0
CL101180,Individual,Male,India,South Asia,1979-04-23,Investment,Yes,Property Portal,3.0
CL101181,Individual,Male,United States,North America - West,1994-09-07,Personal use,Yes,Social Media,5.0
CL101182,Individual,Male,United States,North America - West,1986-02-12,Personal use,Yes,Friend/Family,2.0
CL101183,Individual,Male,United States,North America - West,1988-02-16,Investment,No,Property Portal,4.0
CL101184,Corporate,Not Specified,United States,North America - West,1967-12-02,Investment,No,Social Media,4.0
CL101185,Individual,Male,Singapore,Southeast Asia,1991-10-30,Investment,No,Agent Referral,4.0
CL101186,Individual,Male,United Kingdom,Europe - West,1992-05-31,Investment,No,Social Media,4.0
CL101187,Individual,Female,Brazil,Latin America,1994-10-18,Personal use,Yes,Agent Referral,5.0
CL101188,Individual,Female,United States,North America - East,1998-09-27,Investment,No,Social Media,5.0
CL101189,Individual,Male,United Arab Emirates,Middle East,1979-10-17,Personal use,No,Agent Referral,5.0
CL101190,Individual,Male,Germany,Europe - West,1987-08-14,Investment,No,Property Portal,5.0
CL101191,Individual,Male,United Kingdom,Europe - West,1985-02-10,Investment,Yes,,3.0
CL101192,Individual,Male,Singapore,Southeast Asia,1971-01-31,Personal use,Yes,Agent Referral,3.0
CL101193,Individual,Male,Brazil,Latin America,1971-02-18,Personal use,Yes,Friend/Family,4.0
CL101194,Individual,Male,Singapore,Southeast Asia,2003-10-03,Investment,No,Website,5.0
CL101195,Individual,Male,United States,North America - East,1978-03-18,Investment,No,Agent Referral,3.0
CL101196,Individual,Female,Canada,North America - East,1983-08-18,Personal use,Yes,Property Portal,3.0
CL101197,Individual,Male,United Arab Emirates,Middle East,1991-02-23,Investment,Yes,Friend/Family,3.0
CL101198,Corporate,Not Specified,United Kingdom,Europe - West,1970-06-23,Personal use,Yes,Friend/Family,4.0
CL101199,Individual,Male,India,South Asia,2004-02-18,Personal use,No,Social Media,4.0
CL101200,Individual,Male,United Arab Emirates,Middle East,1969-05-22,Personal use,Yes,Agent Referral,3.0
CL101201,Individual,Female,United Arab Emirates,Middle East,1980-09-19,Personal use,Yes,Website,4.0
CL101202,Individual,Male,Singapore,Southeast Asia,1995-02-11,Personal use,Yes,Social Media,3.0
CL101203,Corporate,Not Specified,India,South Asia,1964-09-06,Investment,No,Social Media,4.0
CL101204,Individual,Other,United States,North America - West,2004-06-01,Personal use,Yes,Website,3.0
CL101205,Individual,Female,United States,North America - East,1989-02-18,Personal use,No,Website,4.0
CL101206,Individual,Male,United Arab Emirates,Middle East,1990-11-15,Personal use,Yes,Website,3.0
CL101207,Corporate,Not Specified,France,Europe - West,1968-06-15,Investment,Yes,Agent Referral,4.0
CL101208,Individual,Male,Canada,North America - East,1977-06-19,Personal use,Yes,Website,4.0
CL101209,Individual,Male,Germany,Europe - West,1971-06-19,Investment,No,Agent Referral,4.0
CL101210,Individual,Male,India,South Asia,1986-03-08,Personal use,No,Social Media,5.0
CL101211,Individual,Female,Singapore,Southeast Asia,1989-07-24,Investment,Yes,Agent Referral,4.0
CL101212,Individual,Female,United Arab Emirates,Middle East,1981-03-26,Investment,No,Website,4.0
CL101213,Individual,Male,United Kingdom,Europe - West,1985-12-15,Investment,No,Social Media,3.0
CL101214,Individual,Male,Canada,North America - East,1997-09-01,Investment,No,Property Portal,3.0
CL101215,Individual,Female,France,Europe - West,1992-10-15,Investment,No,Agent Referral,4.0
CL101216,Individual,Female,United Kingdom,Europe - West,1989-03-22,Investment,Yes,Agent Referral,4.0
CL101217,Individual,Male,United Arab Emirates,Middle East,1983-02-17,Personal use,No,Social Media,2.0
CL101218,Individual,Male,India,South Asia,1985-02-20,Investment,No,Agent Referral,3.0
CL101219,Individual,Female,United States,North America - East,1982-10-24,Personal use,Yes,Agent Referral,3.0
CL101220,Individual,Female,United States,North America - East,2002-01-30,Personal use,No,Social Media,3.0
CL101221,Corporate,Not Specified,United States,North America - East,1976-11-17,Investment,No,Agent Referral,4.0
CL101222,Individual,Male,Australia,Oceania,1985-06-21,Investment,No,Property Portal,4.0
CL101223,Individual,Male,United Arab Emirates,Middle East,1957-07-23,Personal use,Yes,Property Portal,4.0
CL101224,Corporate,Not Specified,United States,North America - West,1976-02-14,Investment,No,Agent Referral,5.0
CL101225,Individual,Male,Australia,Oceania,1982-08-09,Personal use,Yes,Agent Referral,3.0
CL101226,Individual,Female,Germany,Europe - West,1954-09-01,Personal use,Yes,Event,4.0
CL101227,Individual,Male,Germany,Europe - West,1983-07-19,Personal use,Yes,Social Media,3.0
CL101228,Individual,Female,Australia,Oceania,1986-06-27,Investment,No,Event,4.0
CL101229,Individual,Female,United States,North America - East,1996-08-26,Personal use,No,Friend/Family,4.0
CL101230,Individual,Other,United States,North America - East,1969-01-15,Investment,Yes,Agent Referral,3.0
CL101231,Individual,Female,United Arab Emirates,Middle East,1998-03-02,Personal use,Yes,,4.0
CL101232,Corporate,Not Specified,United States,North America - West,1974-07-25,Personal use,Yes,Website,4.0
CL101233,Individual,Male,India,South Asia,1991-06-21,Investment,No,Property Portal,4.0
CL101234,Individual,Male,United States,North America - East,1987-10-29,Personal use,Yes,Agent Referral,4.0
CL101235,Corporate,Not Specified,United States,North America - East,1969-11-08,Personal use,No,Friend/Family,3.0
CL101236,Individual,Other,United States,North America - East,1971-08-24,Personal use,No,Social Media,5.0
CL101237,Corporate,Not Specified,Germany,Europe - West,1992-02-21,Investment,No,Property Portal,4.0
CL101238,Individual,Male,United States,North America - West,1999-06-05,Personal use,Yes,Friend/Family,3.0
CL101239,Individual,Male,United States,North America - East,1972-05-28,Investment,No,Website,3.0
CL101240,Individual,Male,Singapore,Southeast Asia,1991-02-26,Investment,Yes,Agent Referral,3.0
CL101241,Individual,Male,United Kingdom,Europe - West,1981-10-10,Personal use,Yes,Social Media,2.0
CL101242,Corporate,Not Specified,United Kingdom,Europe - West,1988-03-04,Investment,Yes,Property Portal,4.0
CL101243,Corporate,Not Specified,United States,North America - West,1979-10-23,Investment,No,Friend/Family,5.0
CL101244,Corporate,Not Specified,United Kingdom,Europe - West,1968-12-12,Personal use,No,Social Media,5.0
CL101245,Individual,Female,Canada,North America - East,1977-12-25,Investment,No,Property Portal,3.0
CL101246,Individual,Male,United Arab Emirates,Middle East,1986-12-19,Investment,No,Agent Referral,5.0
CL101247,Individual,Male,United States,North America - East,1988-12-18,Personal use,Yes,Website,4.0
CL101248,Corporate,Not Specified,Australia,Oceania,1992-06-30,Investment,No,Property Portal,2.0
CL101249,Individual,Female,Australia,Oceania,2002-10-08,Personal use,No,Social Media,4.0
CL101250,Corporate,Not Specified,United States,North America - West,1973-11-05,Investment,No,Property Portal,4.0
CL101251,Individual,Male,United States,North America - East,2001-02-22,Personal use,No,Agent Referral,5.0
CL101252,Individual,Female,United States,North America - West,1989-01-16,Personal use,Yes,Social Media,3.0
CL101253,Individual,Female,United Arab Emirates,Middle East,1983-11-17,Personal use,Yes,Agent Referral,4.0
CL101254,Individual,Female,United States,North America - East,1974-08-12,Personal use,Yes,Agent Referral,4.0
CL101255,Individual,Female,Singapore,Southeast Asia,1995-09-08,Investment,No,Website,3.0
CL101256,Corporate,Not Specified,India,South Asia,1972-10-08,Investment,No,Friend/Family,3.0
CL101257,Individual,Male,Singapore,Southeast Asia,1975-03-18,Investment,No,Agent Referral,5.0
CL101258,Individual,Female,France,Europe - West,1990-01-12,Personal use,Yes,Agent Referral,4.0
CL101259,Individual,Male,Brazil,Latin America,1998-03-31,Personal use,Yes,Agent Referral,5.0
CL101260,Individual,Female,United States,North America - West,2001-03-25,Personal use,Yes,Agent Referral,5.0
CL101261,Individual,Other,Germany,Europe - West,1983-09-21,Personal use,Yes,Social Media,3.0
CL101262,Corporate,Not Specified,United Kingdom,Europe - West,1965-06-25,Investment,No,Friend/Family,3.0
CL101263,Corporate,Not Specified,Australia,Oceania,1970-09-06,Investment,No,Friend/Family,3.0
CL101264,Individual,Female,United Arab Emirates,Middle East,1993-04-27,Personal use,No,Agent Referral,5.0
CL101265,Individual,Female,Singapore,Southeast Asia,1995-09-24,Investment,No,Social Media,4.0
CL101266,Individual,Other,United States,North America - East,1982-12-16,Personal use,Yes,Website,2.0
CL101267,Corporate,Not Specified,Brazil,Latin America,1961-06-24,Investment,No,Social Media,5.0
CL101268,Individual,Male,France,Europe - West,1985-01-06,Personal use,Yes,Property Portal,2.0
CL101269,Individual,Male,France,Europe - West,1975-09-17,Personal use,Yes,Social Media,3.0
CL101270,Corporate,Not Specified,Brazil,Latin America,1973-09-24,Investment,No,Property Portal,4.0
CL101271,Corporate,Not Specified,United Kingdom,Europe - West,1973-05-05,Investment,No,Website,5.0
CL101272,Individual,Female,United Kingdom,Europe - West,1982-12-21,Personal use,Yes,Friend/Family,4.0
CL101273,Individual,Female,United Arab Emirates,Middle East,2003-12-07,Investment,No,Friend/Family,4.0
CL101274,Individual,Male,United States,North America - East,1981-03-20,Personal use,No,Friend/Family,4.0
CL101275,Individual,Male,United Kingdom,Europe - West,1984-02-22,Personal use,Yes,Friend/Family,4.0
CL101276,Individual,Female,United States,North America - East,1976-01-28,Investment,No,Website,5.0
CL101277,Individual,Male,United States,North America - East,1979-02-02,Personal use,No,Friend/Family,4.0
CL101278,Individual,Female,Singapore,Southeast Asia,1988-01-06,Investment,Yes,Social Media,3.0
CL101279,Individual,Female,United Arab Emirates,Middle East,1974-09-25,Investment,No,Social Media,3.0
CL101280,Individual,Female,United Kingdom,Europe - West,1989-04-29,Investment,Yes,Website,4.0
CL101281,Individual,Male,Germany,Europe - West,1982-12-02,Personal use,Yes,Website,4.0
CL101282,Corporate,Not Specified,Germany,Europe - West,1981-04-27,Personal use,No,Property Portal,2.0
CL101283,Individual,Male,United Arab Emirates,Middle East,1980-08-12,Investment,Yes,Agent Referral,4.0
CL101284,Corporate,Not Specified,Australia,Oceania,1972-02-07,Investment,No,Agent Referral,3.0
CL101285,Individual,Male,Australia,Oceania,1967-06-20,Investment,No,Website,4.0
CL101286,Individual,Male,United Kingdom,Europe - West,1963-04-06,Personal use,Yes,Friend/Family,3.0
CL101287,Corporate,Not Specified,United Kingdom,Europe - West,1961-04-04,Investment,No,Friend/Family,3.0
CL101288,Individual,Female,Germany,Europe - West,1969-01-26,Personal use,Yes,Property Portal,4.0
CL101289,Individual,Male,United Arab Emirates,Middle East,2001-10-25,Investment,No,Social Media,4.0
CL101290,Individual,Female,Germany,Europe - West,2001-01-19,Personal use,No,Agent Referral,4.0
CL101291,Individual,Male,United Arab Emirates,Middle East,1988-10-03,Personal use,Yes,Website,4.0
CL101292,Individual,Female,United Arab Emirates,Middle East,1985-09-27,Personal use,No,Agent Referral,5.0
CL101293,Individual,Female,United Kingdom,Europe - West,1987-12-22,Investment,Yes,Social Media,3.0
CL101294,Individual,Female,United Kingdom,Europe - West,2004-04-29,Personal use,Yes,Event,3.0
CL101295,Individual,Male,United Kingdom,Europe - West,1973-01-13,Personal use,Yes,Website,3.0
CL101296,Individual,Male,United States,North America - East,1962-09-08,Personal use,Yes,Agent Referral,5.0
CL101297,Individual,Male,United States,North America - West,1971-03-29,Investment,Yes,Friend/Family,4.0
CL101298,Individual,Female,India,South Asia,1974-09-26,Investment,Yes,Social Media,3.0
CL101299,Individual,Female,United Kingdom,Europe - West,1983-02-04,Personal use,No,Friend/Family,4.0
CL101300,Individual,Male,United States,North America - East,1995-07-14,Investment,No,Social Media,5.0
CL101301,Individual,Male,United Arab Emirates,Middle East,1985-08-12,Personal use,No,Agent Referral,4.0
CL101302,Individual,Female,India,South Asia,1962-09-11,Investment,Yes,Social Media,3.0
CL101303,Individual,Male,Canada,North America - East,1989-06-26,Investment,No,Agent Referral,5.0
CL101304,Individual,Female,Singapore,Southeast Asia,1990-10-17,Personal use,No,Friend/Family,5.0
CL101305,Individual,Female,Australia,Oceania,1972-10-12,Investment,Yes,Website,5.0
CL101306,Corporate,Not Specified,United Arab Emirates,Middle East,1974-09-07,Investment,No,Social Media,3.0
CL101307,Corporate,Not Specified,United Arab Emirates,Middle East,1982-10-12,Investment,No,Event,
CL101308,Individual,Male,United States,North America - East,1988-03-02,Investment,No,Social Media,2.0
CL101309,Individual,Male,Australia,Oceania,1991-06-07,Personal use,Yes,Agent Referral,5.0
CL101310,Individual,Female,United Kingdom,Europe - West,1984-10-25,Investment,Yes,,4.0
CL101311,Corporate,Not Specified,Australia,Oceania,1984-07-08,Personal use,Yes,Agent Referral,
CL101312,Corporate,Not Specified,United Arab Emirates,Middle East,1962-08-04,Investment,No,Friend/Family,5.0
CL101313,Individual,Female,United States,North America - West,1974-07-15,Investment,No,Website,4.0
CL101314,Individual,Male,United States,North America - East,1984-08-11,Personal use,Yes,Property Portal,3.0
CL101315,Individual,Male,India,South Asia,1960-04-16,Personal use,Yes,Website,2.0
CL101316,Corporate,Not Specified,United Arab Emirates,Middle East,1970-08-17,Investment,No,Agent Referral,5.0
CL101317,Corporate,Not Specified,United States,North America - East,1991-07-13,Investment,No,Event,4.0
CL101318,Individual,Female,India,South Asia,1979-05-23,Personal use,Yes,Social Media,4.0
CL101319,Individual,Male,Singapore,Southeast Asia,1989-02-08,Personal use,Yes,Agent Referral,4.0
CL101320,Individual,Female,France,Europe - West,2003-11-20,Personal use,No,Website,5.0
CL101321,Individual,Male,Germany,Europe - West,1988-09-05,Personal use,Yes,Website,3.0
CL101322,Corporate,Not Specified,United States,North America - East,1995-02-13,Personal use,Yes,Agent Referral,3.0
CL101323,Individual,Female,India,South Asia,2003-08-23,Personal use,Yes,Social Media,4.0
CL101324,Individual,Female,United Kingdom,Europe - West,1985-10-07,Personal use,No,Social Media,3.0
CL101325,Individual,Male,Singapore,Southeast Asia,2004-06-19,Personal use,Yes,Property Portal,3.0
CL101326,Individual,Male,United Kingdom,Europe - West,1988-11-24,Personal use,Yes,Friend/Family,5.0
CL101327,Corporate,Not Specified,United Arab Emirates,Middle East,1988-12-23,Investment,No,Property Portal,
CL101328,Individual,Male,Canada,North America - East,1984-06-07,Personal use,Yes,Social Media,4.0
CL101329,Corporate,Not Specified,United States,North America - East,1995-06-05,Investment,No,Agent Referral,4.0
CL101330,Individual,Male,India,South Asia,1986-06-10,Personal use,Yes,Social Media,3.0
CL101331,Individual,Other,France,Europe - West,1994-04-13,Personal use,Yes,Agent Referral,4.0
CL101332,Individual,Male,France,Europe - West,1985-04-25,Personal use,No,Agent Referral,4.0
CL101333,Individual,Female,Brazil,Latin America,1985-02-06,Investment,Yes,Property Portal,4.0
CL101334,Individual,Male,Brazil,Latin America,1995-04-15,Personal use,No,Friend/Family,4.0
CL101335,Individual,Male,Singapore,Southeast Asia,1982-12-21,Investment,Yes,Agent Referral,3.0
CL101336,Individual,Female,United States,North America - East,1983-04-17,Personal use,No,Agent Referral,5.0
CL101337,Individual,Male,United Arab Emirates,Middle East,1987-06-13,Personal use,Yes,Agent Referral,3.0
CL101338,Individual,Female,Singapore,Southeast Asia,1959-06-13,Personal use,Yes,Social Media,3.0
CL101339,Individual,Female,United Kingdom,Europe - West,1987-01-10,Investment,Yes,Agent Referral,3.0
CL101340,Corporate,Not Specified,United States,North America - East,1977-08-15,Investment,No,Property Portal,3.0
CL101341,Corporate,Not Specified,Singapore,Southeast Asia,1985-06-21,Investment,No,Social Media,5.0
CL101342,Individual,Female,France,Europe - West,1996-06-09,Personal use,Yes,Agent Referral,3.0
CL101343,Individual,Male,United Arab Emirates,Middle East,1978-02-12,Personal use,No,Friend/Family,3.0
CL101344,Individual,Female,Brazil,Latin America,1993-08-15,Personal use,Yes,Property Portal,4.0
CL101345,Corporate,Not Specified,United Arab Emirates,Middle East,1978-04-24,Investment,No,Property Portal,4.0
CL101346,Individual,Female,Germany,Europe - West,1991-01-29,Investment,No,Social Media,4.0
CL101347,Individual,Male,United Kingdom,Europe - West,1995-10-28,Personal use,Yes,Agent Referral,5.0
CL101348,Individual,Female,Germany,Europe - West,2004-04-22,Personal use,No,Friend/Family,4.0
CL101349,Corporate,Not Specified,United States,North America - East,1990-10-09,Investment,No,Property Portal,4.0
CL101350,Individual,Male,India,South Asia,1976-02-27,Personal use,Yes,Event,3.0
CL101351,Individual,Male,Singapore,Southeast Asia,1982-12-26,Investment,No,Social Media,4.0
CL101352,Individual,Male,United Kingdom,Europe - West,1968-07-11,Investment,Yes,Friend/Family,4.0
CL101353,Individual,Male,United Kingdom,Europe - West,1976-11-05,Personal use,Yes,Agent Referral,4.0
CL101354,Corporate,Not Specified,Singapore,Southeast Asia,1961-07-07,Personal use,Yes,,4.0
CL101355,Individual,Male,United States,North America - West,1965-08-20,Personal use,Yes,Agent Referral,4.0
CL101356,Individual,Female,France,Europe - West,1987-09-05,Investment,No,Website,4.0
CL101357,Individual,Male,Germany,Europe - West,1985-02-07,Personal use,Yes,Social Media,3.0
CL101358,Individual,Female,India,South Asia,1986-02-16,Personal use,Yes,Agent Referral,4.0
CL101359,Individual,Male,United States,North America - East,1969-07-27,Personal use,Yes,Friend/Family,4.0
CL101360,Individual,Female,United Arab Emirates,Middle East,1984-11-17,Investment,Yes,,2.0
CL101361,Corporate,Not Specified,United Kingdom,Europe - West,1970-06-28,Investment,Yes,Website,3.0
CL101362,Individual,Female,United Arab Emirates,Middle East,1979-02-25,Investment,Yes,Friend/Family,3.0
CL101363,Individual,Female,United States,North America - West,1994-03-25,Personal use,No,Website,4.0
CL101364,Individual,Female,Germany,Europe - West,1980-03-02,Personal use,Yes,Website,5.0
CL101365,Individual,Male,France,Europe - West,1981-01-07,Investment,Yes,Event,5.0
CL101366,Individual,Male,United States,North America - West,1987-10-30,Investment,Yes,,2.0
CL101367,Individual,Male,United States,North America - East,1979-01-15,Personal use,Yes,Agent Referral,4.0
CL101368,Individual,Male,United States,North America - East,2001-11-02,Personal use,Yes,Friend/Family,4.0
CL101369,Individual,Male,United Kingdom,Europe - West,1983-11-21,Investment,No,Agent Referral,4.0
CL101370,Individual,Female,United States,North America - West,1991-05-24,Investment,No,Agent Referral,5.0
CL101371,Corporate,Not Specified,Australia,Oceania,1989-03-12,Investment,No,Friend/Family,4.0
CL101372,Individual,Female,Germany,Europe - West,1984-07-23,Investment,No,Social Media,4.0
CL101373,Individual,Male,Singapore,Southeast Asia,1991-10-29,Personal use,Yes,Social Media,4.0
CL101374,Corporate,Not Specified,Brazil,Latin America,1989-10-15,Investment,No,Property Portal,4.0
CL101375,Individual,Male,United States,North America - West,1970-11-17,Personal use,No,Website,4.0
CL101376,Individual,Male,United Arab Emirates,Middle East,1989-01-04,Personal use,Yes,Social Media,4.0
CL101377,Individual,Female,Singapore,Southeast Asia,1993-11-26,Personal use,No,Agent Referral,4.0
CL101378,Individual,Female,United Arab Emirates,Middle East,1981-12-19,Personal use,Yes,Website,5.0
CL101379,Individual,Female,Germany,Europe - West,1978-07-14,Personal use,Yes,Event,4.0
CL101380,Individual,Male,Germany,Europe - West,1979-07-01,Investment,Yes,Friend/Family,4.0
CL101381,Individual,Male,United States,North America - East,1985-03-24,Investment,No,Agent Referral,4.0
CL101382,Individual,Female,France,Europe - West,1984-05-03,Personal use,Yes,Agent Referral,4.0
CL101383,Individual,Male,Brazil,Latin America,1983-01-09,Personal use,Yes,Agent Referral,4.0
CL101384,Individual,Male,Brazil,Latin America,1982-01-09,Investment,No,Friend/Family,2.0
CL101385,Individual,Female,United States,North America - West,1980-10-13,Investment,No,Agent Referral,4.0
CL101386,Individual,Male,India,South Asia,1972-12-23,Personal use,Yes,Property Portal,3.0
CL101387,Corporate,Not Specified,United Kingdom,Europe - West,1970-10-03,Investment,Yes,Agent Referral,3.0
CL101388,Individual,Male,Australia,Oceania,1994-05-30,Personal use,Yes,Agent Referral,3.0
CL101389,Individual,Female,United States,North America - West,1987-06-06,Personal use,Yes,Property Portal,4.0
CL101390,Individual,Male,Australia,Oceania,1977-02-16,Investment,No,Property Portal,5.0
CL101391,Individual,Female,Singapore,Southeast Asia,2004-05-27,Personal use,Yes,Agent Referral,4.0
CL101392,Corporate,Not Specified,United States,North America - East,1976-10-13,Investment,No,Social Media,
CL101393,Individual,Male,United States,North America - East,1975-06-23,Personal use,Yes,Property Portal,3.0
CL101394,Individual,Male,Singapore,Southeast Asia,1969-05-01,Personal use,No,Friend/Family,4.0
CL101395,Corporate,Not Specified,United States,North America - West,1963-12-15,Personal use,No,Friend/Family,3.0
CL101396,Individual,Male,France,Europe - West,1984-05-22,Personal use,Yes,Friend/Family,4.0
CL101397,Individual,Female,Australia,Oceania,1990-09-16,Personal use,Yes,Property Portal,5.0
CL101398,Individual,Male,United Arab Emirates,Middle East,1988-06-03,Personal use,Yes,Social Media,3.0
CL101399,Individual,Male,United Kingdom,Europe - West,1982-05-26,Personal use,Yes,Website,4.0
CL101400,Individual,Male,Germany,Europe - West,2000-02-19,Investment,Yes,Social Media,3.0
CL101401,Individual,Male,United States,North America - East,1998-01-14,Personal use,No,Friend/Family,3.0
CL101402,Individual,Male,Brazil,Latin America,1989-03-16,Personal use,No,Social Media,4.0
CL101403,Individual,Female,United Kingdom,Europe - West,1987-05-08,Investment,No,Agent Referral,4.0
CL101404,Individual,Female,United States,North America - West,1998-03-31,Personal use,Yes,Friend/Family,3.0
CL101405,Individual,Female,United Kingdom,Europe - West,1977-08-14,Personal use,Yes,Social Media,2.0
CL101406,Individual,Female,Brazil,Latin America,1990-07-28,Personal use,No,Event,4.0
CL101407,Individual,Female,United States,North America - East,1990-02-22,Investment,Yes,Agent Referral,5.0
CL101408,Individual,Female,Singapore,Southeast Asia,1981-11-23,Personal use,Yes,Friend/Family,4.0
CL101409,Corporate,Not Specified,India,South Asia,1973-03-30,Investment,No,Social Media,5.0
CL101410,Individual,Female,Singapore,Southeast Asia,1976-09-13,Investment,Yes,Website,3.0
CL101411,Individual,Female,Brazil,Latin America,1995-10-08,Personal use,Yes,Social Media,4.0
CL101412,Individual,Male,Singapore,Southeast Asia,2001-06-03,Personal use,No,Website,3.0
CL101413,Individual,Female,Australia,Oceania,1989-01-02,Investment,No,Property Portal,4.0
CL101414,Individual,Female,United States,North America - West,1984-11-10,Personal use,No,Friend/Family,5.0
CL101415,Corporate,Not Specified,India,South Asia,1973-10-12,Investment,No,Website,4.0
CL101416,Individual,Female,France,Europe - West,2001-08-18,Personal use,Yes,Social Media,5.0
CL101417,Individual,Male,France,Europe - West,1983-07-28,Personal use,No,Event,3.0
CL101418,Corporate,Not Specified,Australia,Oceania,1962-02-16,Investment,No,Agent Referral,4.0
CL101419,Individual,Male,Brazil,Latin America,2000-12-26,Personal use,No,Property Portal,3.0
CL101420,Corporate,Not Specified,India,South Asia,1994-12-01,Investment,No,Website,4.0
CL101421,Individual,Male,France,Europe - West,1992-03-14,Investment,No,Website,4.0
CL101422,Individual,Female,Germany,Europe - West,1973-08-10,Personal use,Yes,Social Media,4.0
CL101423,Corporate,Not Specified,United Kingdom,Europe - West,1996-01-14,Investment,No,Agent Referral,4.0
CL101424,Individual,Male,United Kingdom,Europe - West,1982-02-03,Investment,No,Property Portal,4.0
CL101425,Individual,Female,United Kingdom,Europe - West,1988-04-15,Investment,No,Friend/Family,4.0
CL101426,Individual,Male,United States,North America - East,2004-02-09,Personal use,Yes,Friend/Family,3.0
CL101427,Individual,Female,United States,North America - East,1998-07-15,Personal use,No,Friend/Family,3.0
CL101428,Individual,Male,India,South Asia,1986-12-12,Investment,Yes,Friend/Family,2.0
CL101429,Individual,Other,Germany,Europe - West,1981-09-18,Investment,No,Friend/Family,3.0
CL101430,Individual,Female,Australia,Oceania,2003-11-27,Investment,No,Friend/Family,3.0
CL101431,Individual,Male,United Arab Emirates,Middle East,1985-12-02,Investment,No,Property Portal,3.0
CL101432,Individual,Male,United States,North America - East,1998-01-23,Personal use,Yes,Social Media,3.0
CL101433,Individual,Male,United States,North America - East,1982-12-11,Personal use,Yes,Agent Referral,4.0
CL101434,Individual,Female,United States,North America - West,1985-11-04,Personal use,No,Social Media,3.0
CL101435,Individual,Female,Brazil,Latin America,1977-08-07,Investment,No,Agent Referral,5.0
CL101436,Individual,Male,United States,North America - East,1974-03-22,Personal use,No,Agent Referral,3.0
CL101437,Individual,Male,France,Europe - West,1980-02-12,Personal use,Yes,Agent Referral,5.0
CL101438,Individual,Female,Australia,Oceania,1975-10-27,Investment,Yes,Agent Referral,4.0
CL101439,Individual,Male,Brazil,Latin America,1989-01-06,Investment,No,Website,3.0
CL101440,Individual,Female,Canada,North America - East,1954-03-09,Personal use,No,Property Portal,4.0
CL101441,Individual,Female,United States,North America - West,1999-03-11,Investment,No,Friend/Family,4.0
CL101442,Corporate,Not Specified,United States,North America - West,1968-08-16,Personal use,Yes,,3.0
CL101443,Corporate,Not Specified,United States,North America - East,1965-06-15,Personal use,Yes,Event,5.0
CL101444,Individual,Male,United States,North America - West,1977-04-30,Personal use,Yes,Event,2.0
CL101445,Corporate,Not Specified,United Arab Emirates,Middle East,1978-11-18,Investment,No,Property Portal,4.0
CL101446,Corporate,Not Specified,Australia,Oceania,1961-11-29,Investment,No,Website,4.0
CL101447,Individual,Female,France,Europe - West,2004-02-07,Personal use,No,Agent Referral,5.0
CL101448,Individual,Female,United Arab Emirates,Middle East,1968-08-30,Personal use,Yes,Social Media,3.0
CL101449,Individual,Female,United States,North America - West,1988-01-14,Investment,No,Friend/Family,5.0
CL101450,Individual,Male,Singapore,Southeast Asia,1972-04-22,Personal use,Yes,Friend/Family,4.0
CL101451,Individual,Female,United Arab Emirates,Middle East,2004-02-03,Investment,No,Friend/Family,2.0
CL101452,Individual,Male,Singapore,Southeast Asia,1983-04-29,Personal use,Yes,Friend/Family,2.0
CL101453,Individual,Male,Australia,Oceania,1992-01-12,Personal use,Yes,Event,4.0
CL101454,Corporate,Not Specified,United Kingdom,Europe - West,1993-07-14,Investment,No,Social Media,3.0
CL101455,Individual,Female,United States,North America - West,1982-08-13,Personal use,No,Property Portal,4.0
CL101456,Individual,Female,Canada,North America - East,1981-07-16,Personal use,Yes,Property Portal,3.0
CL101457,Individual,Male,Germany,Europe - West,1996-10-29,Personal use,Yes,Agent Referral,3.0
CL101458,Individual,Female,Australia,Oceania,1986-09-06,Investment,No,Property Portal,3.0
CL101459,Corporate,Not Specified,United Kingdom,Europe - West,1989-06-20,Investment,No,Website,5.0
CL101460,Individual,Male,India,South Asia,1980-06-01,Investment,No,Website,2.0
CL101461,Individual,Male,France,Europe - West,1974-12-05,Investment,Yes,Event,4.0
CL101462,Individual,Female,United States,North America - East,1984-05-25,Personal use,Yes,Agent Referral,5.0
CL101463,Individual,Male,United Kingdom,Europe - West,1999-11-08,Investment,Yes,Social Media,3.0
CL101464,Individual,Male,United Arab Emirates,Middle East,1983-10-09,Investment,Yes,Event,2.0
CL101465,Corporate,Not Specified,India,South Asia,1964-02-14,Investment,Yes,Agent Referral,4.0
CL101466,Individual,Female,Germany,Europe - West,1967-06-05,Investment,No,Agent Referral,4.0
CL101467,Individual,Female,Canada,North America - East,2004-02-23,Personal use,Yes,Website,2.0
CL101468,Individual,Male,India,South Asia,1985-02-01,Investment,Yes,Social Media,5.0
CL101469,Individual,Female,United States,North America - West,1975-08-28,Personal use,Yes,Website,3.0
CL101470,Individual,Male,Australia,Oceania,1987-12-03,Personal use,Yes,Website,2.0
CL101471,Individual,Male,United States,North America - West,1991-04-26,Investment,Yes,Property Portal,4.0
CL101472,Individual,Female,United States,North America - West,1987-11-29,Personal use,Yes,Agent Referral,4.0
CL101473,Individual,Female,France,Europe - West,1979-02-24,Investment,No,Social Media,5.0
CL101474,Corporate,Not Specified,France,Europe - West,1987-11-23,Investment,No,Website,4.0
CL101475,Individual,Female,France,Europe - West,1972-09-07,Investment,No,Social Media,4.0
CL101476,Individual,Male,Germany,Europe - West,1986-09-18,Investment,No,Friend/Family,4.0
CL101477,Individual,Female,Brazil,Latin America,1996-08-21,Investment,No,Agent Referral,4.0
CL101478,Individual,Female,France,Europe - West,1972-11-21,Personal use,No,Agent Referral,4.0
CL101479,Individual,Other,Germany,Europe - West,2001-10-02,Personal use,Yes,Agent Referral,4.0
CL101480,Individual,Male,Germany,Europe - West,1991-10-03,Personal use,Yes,Website,4.0
CL101481,Individual,Female,United States,North America - East,1992-06-02,Personal use,Yes,Website,3.0
CL101482,Individual,Female,United Arab Emirates,Middle East,1962-07-05,Personal use,Yes,Social Media,4.0
CL101483,Individual,Male,Canada,North America - East,1993-05-27,Investment,Yes,Website,3.0
CL101484,Individual,Male,United Arab Emirates,Middle East,2003-12-05,Investment,No,Agent Referral,5.0
CL101485,Individual,Other,United States,North America - West,1992-07-02,Personal use,No,Website,5.0
CL101486,Individual,Male,Brazil,Latin America,1980-03-19,Personal use,Yes,Property Portal,3.0
CL101487,Individual,Female,Germany,Europe - West,1977-02-12,Investment,No,Agent Referral,5.0
CL101488,Individual,Male,Australia,Oceania,1960-05-31,Investment,No,Social Media,3.0
CL101489,Corporate,Not Specified,Germany,Europe - West,1962-04-20,Investment,No,Social Media,3.0
CL101490,Corporate,Not Specified,United States,North America - East,1992-02-02,Personal use,Yes,Agent Referral,4.0
CL101491,Individual,Female,Singapore,Southeast Asia,1994-12-17,Personal use,No,Agent Referral,5.0
CL101492,Individual,Female,United Arab Emirates,Middle East,1968-07-30,Personal use,Yes,Agent Referral,4.0
CL101493,Individual,Male,India,South Asia,1990-03-29,Investment,Yes,Social Media,4.0
CL101494,Individual,Female,Germany,Europe - West,1993-08-06,Personal use,Yes,Agent Referral,4.0
CL101495,Individual,Female,United Arab Emirates,Middle East,1990-09-27,Investment,Yes,Website,5.0
CL101496,Corporate,Not Specified,Singapore,Southeast Asia,1964-02-16,Investment,No,Property Portal,4.0
CL101497,Individual,Male,United Arab Emirates,Middle East,1991-04-09,Personal use,Yes,Friend/Family,3.0
CL101498,Individual,Female,United Kingdom,Europe - West,1988-06-30,Investment,No,Website,3.0
CL101499,Individual,Female,United Arab Emirates,Middle East,1977-09-15,Investment,Yes,Property Portal,4.0
CL101500,Individual,Male,India,South Asia,1989-10-22,Investment,No,Website,4.0
CL101501,Corporate,Not Specified,Brazil,Latin America,1978-12-08,Investment,Yes,Website,4.0
CL101502,Individual,Male,United Kingdom,Europe - West,2002-10-23,Investment,No,Website,3.0
CL101503,Individual,Male,Germany,Europe - West,1983-08-24,Investment,Yes,Property Portal,4.0
CL101504,Individual,Female,Singapore,Southeast Asia,1985-09-28,Personal use,No,Agent Referral,5.0
CL101505,Individual,Male,France,Europe - West,1992-07-14,Personal use,No,Property Portal,4.0
CL101506,Individual,Male,India,South Asia,1991-08-27,Personal use,Yes,Friend/Family,5.0
CL101507,Individual,Male,Germany,Europe - West,1981-04-20,Personal use,Yes,Social Media,4.0
CL101508,Individual,Male,United States,North America - East,1970-02-14,Personal use,Yes,Agent Referral,5.0
CL101509,Individual,Male,India,South Asia,1994-07-22,Personal use,Yes,Website,4.0
CL101510,Individual,Female,United States,North America - East,1985-05-12,Investment,No,Friend/Family,
CL101511,Individual,Female,United States,North America - West,1975-03-24,Investment,No,Agent Referral,5.0
CL101512,Individual,Female,United Arab Emirates,Middle East,1994-06-08,Investment,No,Social Media,4.0
CL101513,Corporate,Not Specified,India,South Asia,1973-04-21,Investment,No,Website,4.0
CL101514,Individual,Male,Australia,Oceania,1986-03-02,Investment,No,Property Portal,5.0
CL101515,Individual,Male,Canada,North America - East,1999-10-18,Investment,Yes,Friend/Family,4.0
CL101516,Corporate,Not Specified,United States,North America - West,1965-06-17,Investment,No,Social Media,4.0
CL101517,Individual,Male,Brazil,Latin America,1985-09-01,Personal use,No,Social Media,4.0
CL101518,Individual,Male,United States,North America - East,1978-11-22,Personal use,No,Agent Referral,5.0
CL101519,Individual,Female,United States,North America - West,1999-03-04,Personal use,Yes,Agent Referral,4.0
CL101520,Individual,Female,United Kingdom,Europe - West,1985-04-14,Personal use,Yes,Website,4.0
CL101521,Individual,Female,France,Europe - West,1970-01-18,Personal use,Yes,Friend/Family,4.0
CL101522,Corporate,Not Specified,Australia,Oceania,1979-10-12,Investment,No,Website,3.0
CL101523,Individual,Male,India,South Asia,1971-08-22,Personal use,No,Website,3.0
CL101524,Individual,Male,India,South Asia,1997-11-20,Personal use,Yes,Website,4.0
CL101525,Individual,Female,United States,North America - East,1981-02-14,Investment,Yes,Agent Referral,5.0
CL101526,Individual,Male,United Kingdom,Europe - West,1991-03-03,Personal use,Yes,Social Media,4.0
CL101527,Individual,Male,Germany,Europe - West,1981-11-23,Personal use,Yes,Friend/Family,3.0
CL101528,Individual,Male,United States,North America - East,1994-06-12,Personal use,Yes,Agent Referral,4.0
CL101529,Individual,Female,Canada,North America - East,2003-12-16,Personal use,Yes,Agent Referral,3.0
CL101530,Individual,Female,United Kingdom,Europe - West,1989-03-08,Investment,Yes,Social Media,
CL101531,Individual,Male,United States,North America - West,1977-10-29,Investment,Yes,Social Media,4.0
CL101532,Individual,Male,United Arab Emirates,Middle East,1982-04-17,Investment,No,Property Portal,5.0
CL101533,Individual,Male,India,South Asia,1981-01-14,Personal use,No,Property Portal,4.0
CL101534,Individual,Male,United States,North America - West,1983-04-06,Personal use,Yes,Property Portal,5.0
CL101535,Individual,Female,France,Europe - West,1981-05-14,Personal use,Yes,Property Portal,3.0
CL101536,Individual,Male,India,South Asia,1980-05-20,Personal use,No,Property Portal,4.0
CL101537,Individual,Female,India,South Asia,1988-11-01,Personal use,No,Social Media,3.0
CL101538,Individual,Female,Singapore,Southeast Asia,1984-12-02,Investment,No,Social Media,4.0
CL101539,Individual,Other,Germany,Europe - West,1966-07-18,Investment,Yes,Friend/Family,3.0
CL101540,Individual,Female,Singapore,Southeast Asia,1983-11-23,Investment,Yes,Website,2.0
CL101541,Individual,Male,Canada,North America - East,1985-03-04,Personal use,Yes,Agent Referral,3.0
CL101542,Individual,Male,United Kingdom,Europe - West,1984-08-26,Investment,No,Property Portal,4.0
CL101543,Individual,Male,United States,North America - West,1987-12-28,Personal use,Yes,Social Media,3.0
CL101544,Individual,Female,Germany,Europe - West,1990-08-04,Personal use,Yes,Website,3.0
CL101545,Corporate,Not Specified,United Kingdom,Europe - West,1985-11-19,Investment,No,Agent Referral,5.0
CL101546,Corporate,Not Specified,Canada,North America - East,1967-04-26,Personal use,No,Website,3.0
CL101547,Individual,Male,India,South Asia,1986-11-03,Personal use,Yes,Agent Referral,4.0
CL101548,Individual,Male,United Kingdom,Europe - West,1994-04-08,Personal use,Yes,Social Media,4.0
CL101549,Individual,Female,Canada,North America - East,1984-09-02,Investment,No,Social Media,5.0
CL101550,Corporate,Not Specified,United States,North America - West,1980-12-29,Investment,Yes,Social Media,4.0
CL101551,Individual,Female,Germany,Europe - West,1988-01-11,Investment,No,Website,4.0
CL101552,Individual,Female,United Kingdom,Europe - West,2004-06-10,Personal use,Yes,Agent Referral,3.0
CL101553,Individual,Male,United Kingdom,Europe - West,1979-07-23,Personal use,No,Website,4.0
CL101554,Individual,Male,Canada,North America - East,1983-11-23,Personal use,No,Agent Referral,5.0
CL101555,Individual,Male,India,South Asia,1995-12-21,Personal use,No,Friend/Family,4.0
CL101556,Individual,Female,Australia,Oceania,1977-06-19,Investment,No,Website,4.0
CL101557,Individual,Female,France,Europe - West,2001-01-17,Personal use,Yes,Property Portal,4.0
CL101558,Individual,Male,United Arab Emirates,Middle East,1974-07-11,Investment,Yes,Friend/Family,4.0
CL101559,Corporate,Not Specified,Singapore,Southeast Asia,1980-07-30,Investment,No,Agent Referral,4.0
CL101560,Corporate,Not Specified,Brazil,Latin America,1981-02-04,Investment,No,Agent Referral,
CL101561,Individual,Male,United Arab Emirates,Middle East,1983-12-05,Personal use,Yes,Website,3.0
CL101562,Individual,Female,Australia,Oceania,1989-11-01,Personal use,Yes,Website,4.0
CL101563,Individual,Female,Australia,Oceania,1992-04-16,Personal use,Yes,Property Portal,2.0
CL101564,Corporate,Not Specified,India,South Asia,1978-08-14,Investment,No,Friend/Family,4.0
CL101565,Individual,Female,Germany,Europe - West,1987-03-19,Investment,No,Property Portal,4.0
CL101566,Individual,Male,United States,North America - East,1991-01-27,Investment,No,Social Media,2.0
CL101567,Corporate,Not Specified,United States,North America - West,1992-10-12,Investment,No,Property Portal,3.0
CL101568,Individual,Female,Germany,Europe - West,1972-08-27,Personal use,Yes,Property Portal,4.0
CL101569,Individual,Male,France,Europe - West,1988-02-06,Investment,No,Website,4.0
CL101570,Individual,Male,Germany,Europe - West,1994-03-29,Personal use,Yes,Website,4.0
CL101571,Individual,Other,United Arab Emirates,Middle East,1998-02-28,Personal use,Yes,Agent Referral,5.0
CL101572,Individual,Male,United Arab Emirates,Middle East,1977-09-02,Personal use,Yes,Agent Referral,3.0
CL101573,Individual,Male,Singapore,Southeast Asia,2000-09-23,Investment,No,Social Media,4.0
CL101574,Corporate,Not Specified,United States,North America - East,1986-02-24,Investment,Yes,Agent Referral,4.0
CL101575,Individual,Female,Canada,North America - East,1992-07-21,Personal use,Yes,Property Portal,4.0
CL101576,Corporate,Not Specified,India,South Asia,1992-02-20,Investment,No,Website,4.0
CL101577,Individual,Female,Singapore,Southeast Asia,1998-09-21,Investment,No,Property Portal,2.0
CL101578,Individual,Male,Brazil,Latin America,1991-12-14,Investment,No,Agent Referral,3.0
CL101579,Corporate,Not Specified,Singapore,Southeast Asia,1992-06-02,Personal use,No,Website,5.0
CL101580,Individual,Male,Australia,Oceania,1983-04-23,Personal use,No,Property Portal,4.0
CL101581,Individual,Female,United Kingdom,Europe - West,1994-05-29,Investment,No,Agent Referral,5.0
CL101582,Individual,Male,Germany,Europe - West,1987-05-04,Personal use,Yes,Friend/Family,3.0
CL101583,Individual,Female,Canada,North America - East,1976-03-26,Personal use,No,Property Portal,5.0
CL101584,Corporate,Not Specified,United Arab Emirates,Middle East,1969-02-14,Investment,No,Website,3.0
CL101585,Individual,Female,Australia,Oceania,1986-01-25,Investment,Yes,Agent Referral,5.0
CL101586,Individual,Male,United Kingdom,Europe - West,1995-10-05,Personal use,Yes,Website,3.0
CL101587,Individual,Male,United Arab Emirates,Middle East,1997-07-27,Personal use,Yes,Website,4.0
CL101588,Individual,Male,United Kingdom,Europe - West,1982-11-20,Investment,No,Event,4.0
CL101589,Individual,Male,United States,North America - West,1991-02-25,Personal use,Yes,Property Portal,3.0
CL101590,Individual,Female,United States,North America - East,1999-06-10,Personal use,Yes,Agent Referral,5.0
CL101591,Individual,Male,United States,North America - East,1970-11-07,Personal use,No,Friend/Family,4.0
CL101592,Individual,Female,Australia,Oceania,1975-01-21,Investment,Yes,Property Portal,4.0
CL101593,Corporate,Not Specified,Germany,Europe - West,1989-07-27,Investment,No,Agent Referral,2.0
CL101594,Individual,Male,Singapore,Southeast Asia,2002-07-28,Investment,No,Website,4.0
CL101595,Individual,Female,India,South Asia,1979-02-07,Personal use,Yes,Property Portal,5.0
CL101596,Individual,Male,United States,North America - East,1989-01-09,Personal use,Yes,Friend/Family,4.0
CL101597,Individual,Male,United States,North America - West,1969-09-21,Personal use,Yes,Website,4.0
CL101598,Individual,Male,Singapore,Southeast Asia,1979-02-18,Investment,Yes,Social Media,4.0
CL101599,Individual,Male,Canada,North America - East,1982-03-25,Personal use,Yes,Website,5.0
CL101600,Individual,Female,Australia,Oceania,1996-10-12,Personal use,Yes,Social Media,4.0
CL101601,Corporate,Not Specified,United States,North America - East,1995-01-04,Investment,No,Friend/Family,3.0
CL101602,Individual,Male,India,South Asia,1999-11-03,Investment,No,Agent Referral,5.0
CL101603,Individual,Female,Singapore,Southeast Asia,1971-09-25,Personal use,No,Property Portal,5.0
CL101604,Corporate,Not Specified,Canada,North America - East,1982-12-30,Investment,No,Social Media,4.0
CL101605,Individual,Female,Canada,North America - East,1995-06-02,Investment,Yes,Friend/Family,3.0
CL101606,Corporate,Not Specified,Brazil,Latin America,1972-03-19,Investment,Yes,Friend/Family,4.0
CL101607,Individual,Female,Canada,North America - East,1960-11-23,Investment,No,Social Media,5.0
CL101608,Corporate,Not Specified,Germany,Europe - West,1964-11-25,Investment,No,Agent Referral,5.0
CL101609,Individual,Male,Germany,Europe - West,1979-07-15,Personal use,Yes,Agent Referral,3.0
CL101610,Individual,Female,Canada,North America - East,1990-07-07,Investment,Yes,Friend/Family,3.0
CL101611,Individual,Female,India,South Asia,1985-01-13,Personal use,Yes,Friend/Family,3.0
CL101612,Individual,Female,India,South Asia,2001-11-13,Personal use,Yes,Agent Referral,3.0
CL101613,Individual,Female,United Kingdom,Europe - West,1986-02-22,Personal use,Yes,Event,2.0
CL101614,Corporate,Not Specified,Singapore,Southeast Asia,1969-09-18,Investment,No,Property Portal,5.0
CL101615,Individual,Female,United States,North America - West,1966-08-10,Personal use,No,Website,3.0
CL101616,Individual,Female,United States,North America - West,2003-12-30,Personal use,Yes,Website,3.0
CL101617,Corporate,Not Specified,United Arab Emirates,Middle East,1994-01-04,Investment,No,Social Media,2.0
CL101618,Individual,Male,Brazil,Latin America,1970-11-14,Personal use,Yes,Website,4.0
CL101619,Individual,Male,United States,North America - East,1988-03-22,Personal use,Yes,Event,4.0
CL101620,Individual,Female,United States,North America - West,1987-04-30,Investment,Yes,Friend/Family,3.0
CL101621,Individual,Male,France,Europe - West,1995-08-22,Investment,Yes,Website,3.0
CL101622,Individual,Male,Singapore,Southeast Asia,1995-12-20,Personal use,Yes,Agent Referral,4.0
CL101623,Individual,Female,United States,North America - East,2003-10-18,Personal use,No,Agent Referral,4.0
CL101624,Individual,Female,United Kingdom,Europe - West,1992-09-15,Personal use,Yes,Social Media,2.0
CL101625,Individual,Male,India,South Asia,1996-04-04,Investment,No,Agent Referral,3.0
CL101626,Individual,Female,United Kingdom,Europe - West,1984-05-27,Investment,Yes,Property Portal,3.0
CL101627,Individual,Male,United States,North America - East,1994-01-03,Personal use,Yes,Friend/Family,4.0
CL101628,Individual,Female,United States,North America - West,1990-12-28,Personal use,Yes,Property Portal,4.0
CL101629,Individual,Male,Germany,Europe - West,1990-07-15,Investment,No,Website,5.0
CL101630,Individual,Male,Germany,Europe - West,1985-10-21,Personal use,Yes,Agent Referral,3.0
CL101631,Individual,Female,Singapore,Southeast Asia,1991-08-13,Investment,Yes,Property Portal,4.0
CL101632,Individual,Male,United Arab Emirates,Middle East,1996-12-19,Investment,No,Agent Referral,4.0
CL101633,Individual,Female,India,South Asia,1985-01-06,Investment,Yes,Agent Referral,5.0
CL101634,Corporate,Not Specified,Brazil,Latin America,1986-08-05,Investment,No,Event,5.0
CL101635,Individual,Female,Germany,Europe - West,1984-02-01,Personal use,No,Property Portal,5.0
CL101636,Individual,Female,Germany,Europe - West,1992-06-25,Investment,Yes,Property Portal,4.0
CL101637,Individual,Female,Australia,Oceania,1987-06-25,Personal use,No,Agent Referral,5.0
CL101638,Individual,Female,Canada,North America - East,2004-08-28,Investment,Yes,Social Media,3.0
CL101639,Corporate,Not Specified,India,South Asia,1985-01-04,Investment,No,Social Media,3.0
CL101640,Corporate,Not Specified,India,South Asia,1963-12-19,Personal use,No,Social Media,3.0
CL101641,Corporate,Not Specified,United States,North America - East,1970-04-06,Investment,No,Website,4.0
CL101642,Individual,Female,Germany,Europe - West,1993-12-22,Personal use,No,Property Portal,5.0
CL101643,Individual,Female,United States,North America - East,1990-05-28,Personal use,No,Agent Referral,4.0
CL101644,Individual,Other,United States,North America - East,1975-03-14,Investment,Yes,Social Media,3.0
CL101645,Individual,Female,Germany,Europe - West,1972-12-23,Personal use,Yes,Property Portal,2.0
CL101646,Individual,Male,United Kingdom,Europe - West,1996-04-26,Personal use,Yes,Property Portal,4.0
CL101647,Individual,Female,India,South Asia,1991-02-19,Personal use,Yes,Website,5.0
CL101648,Individual,Female,Australia,Oceania,1991-08-11,Investment,No,Social Media,5.0
CL101649,Corporate,Not Specified,Singapore,Southeast Asia,1977-04-03,Investment,No,Social Media,5.0
CL101650,Individual,Female,Canada,North America - East,1983-11-28,Investment,No,Agent Referral,5.0
CL101651,Individual,Female,Canada,North America - East,1983-12-26,Investment,No,Website,4.0
CL101652,Corporate,Not Specified,Canada,North America - East,1968-06-20,Investment,Yes,Social Media,5.0
CL101653,Individual,Male,United States,North America - West,1992-03-17,Personal use,Yes,Property Portal,3.0
CL101654,Individual,Female,Australia,Oceania,1970-02-23,Investment,No,Event,4.0
CL101655,Individual,Male,Germany,Europe - West,1985-10-26,Investment,Yes,Agent Referral,5.0
CL101656,Individual,Male,Canada,North America - East,1994-12-03,Investment,Yes,Agent Referral,3.0
CL101657,Individual,Male,Singapore,Southeast Asia,1987-12-09,Investment,Yes,Website,4.0
CL101658,Individual,Male,United Kingdom,Europe - West,1972-01-06,Personal use,No,Event,4.0
CL101659,Individual,Male,United States,North America - East,1990-05-25,Investment,Yes,Property Portal,4.0
CL101660,Individual,Female,United States,North America - East,1975-05-22,Personal use,Yes,Event,5.0
CL101661,Individual,Female,United Arab Emirates,Middle East,1992-04-15,Personal use,Yes,Social Media,5.0
CL101662,Individual,Female,India,South Asia,1994-04-29,Investment,Yes,Agent Referral,4.0
CL101663,Individual,Male,United States,North America - West,1977-10-21,Personal use,Yes,Social Media,5.0
CL101664,Individual,Male,Australia,Oceania,1994-11-16,Personal use,Yes,Agent Referral,3.0
CL101665,Individual,Female,Singapore,Southeast Asia,1975-11-14,Investment,No,Agent Referral,4.0
CL101666,Individual,Female,Singapore,Southeast Asia,1982-02-25,Personal use,Yes,Website,5.0
CL101667,Individual,Female,Canada,North America - East,1995-07-24,Personal use,No,Website,5.0
CL101668,Individual,Female,United States,North America - East,1986-08-12,Investment,No,Agent Referral,3.0
CL101669,Individual,Female,Singapore,Southeast Asia,1992-06-23,Personal use,No,Property Portal,4.0
CL101670,Individual,Female,United Kingdom,Europe - West,1982-02-09,Investment,Yes,Friend/Family,4.0
CL101671,Individual,Female,United Arab Emirates,Middle East,1965-05-28,Personal use,Yes,Friend/Family,4.0
CL101672,Individual,Female,India,South Asia,1990-02-05,Personal use,Yes,Agent Referral,5.0
CL101673,Individual,Female,United States,North America - West,1979-11-18,Investment,No,Friend/Family,5.0
CL101674,Individual,Male,India,South Asia,1985-06-03,Personal use,No,Agent Referral,4.0
CL101675,Individual,Male,Australia,Oceania,1984-10-30,Personal use,Yes,Website,4.0
CL101676,Individual,Male,India,South Asia,1987-03-31,Investment,Yes,Agent Referral,4.0
CL101677,Individual,Female,Germany,Europe - West,1994-12-13,Personal use,Yes,Website,4.0
CL101678,Individual,Female,Singapore,Southeast Asia,1982-09-13,Personal use,Yes,Property Portal,2.0
CL101679,Individual,Male,France,Europe - West,1989-06-24,Investment,No,Property Portal,5.0
CL101680,Individual,Female,India,South Asia,1994-10-27,Personal use,Yes,Agent Referral,4.0
CL101681,Corporate,Not Specified,Singapore,Southeast Asia,1972-11-17,Investment,Yes,Social Media,4.0
CL101682,Corporate,Not Specified,India,South Asia,1975-03-12,Personal use,Yes,Agent Referral,3.0
CL101683,Corporate,Not Specified,United Kingdom,Europe - West,1965-09-26,Investment,Yes,Website,5.0
CL101684,Individual,Male,United States,North America - East,1971-09-16,Personal use,No,Friend/Family,4.0
CL101685,Individual,Male,Canada,North America - East,2004-04-27,Personal use,Yes,Friend/Family,3.0
CL101686,Individual,Male,France,Europe - West,1970-11-14,Personal use,No,Property Portal,3.0
CL101687,Individual,Male,France,Europe - West,1995-05-17,Investment,No,Website,4.0
CL101688,Individual,Female,United Arab Emirates,Middle East,1982-11-16,Investment,No,Social Media,4.0
CL101689,Individual,Female,United Kingdom,Europe - West,1992-03-20,Personal use,Yes,Website,3.0
CL101690,Individual,Female,India,South Asia,1996-08-12,Investment,No,Website,4.0
CL101691,Individual,Female,Australia,Oceania,1971-03-17,Personal use,Yes,Website,4.0
CL101692,Corporate,Not Specified,Canada,North America - East,1970-05-28,Investment,Yes,Website,4.0
CL101693,Individual,Female,India,South Asia,1988-07-12,Investment,No,Agent Referral,4.0
CL101694,Individual,Male,India,South Asia,1982-01-31,Personal use,Yes,Agent Referral,5.0
CL101695,Individual,Male,France,Europe - West,1985-07-21,Investment,Yes,Friend/Family,4.0
CL101696,Individual,Female,United States,North America - West,1965-11-12,Personal use,Yes,Agent Referral,4.0
CL101697,Corporate,Not Specified,India,South Asia,1983-12-15,Investment,No,Website,3.0
CL101698,Individual,Male,Brazil,Latin America,1980-12-23,Personal use,Yes,Event,3.0
CL101699,Corporate,Not Specified,India,South Asia,1988-09-05,Investment,No,Property Portal,4.0
CL101700,Individual,Female,Australia,Oceania,2003-10-14,Investment,Yes,Website,4.0
CL101701,Individual,Male,Brazil,Latin America,1989-04-05,Personal use,Yes,Agent Referral,5.0
CL101702,Individual,Male,United Kingdom,Europe - West,1965-01-14,Personal use,Yes,Website,4.0
CL101703,Individual,Female,United Arab Emirates,Middle East,1993-07-24,Investment,No,Event,4.0
CL101704,Individual,Male,Germany,Europe - West,1976-12-29,Investment,Yes,Agent Referral,3.0
CL101705,Individual,Female,Brazil,Latin America,1972-06-12,Personal use,No,Website,4.0
CL101706,Corporate,Not Specified,United States,North America - West,1974-01-21,Personal use,No,Friend/Family,4.0
CL101707,Individual,Female,Germany,Europe - West,1984-06-24,Investment,No,Friend/Family,5.0
CL101708,Corporate,Not Specified,Singapore,Southeast Asia,1989-10-27,Personal use,No,Agent Referral,4.0
CL101709,Individual,Female,United Kingdom,Europe - West,1993-01-16,Investment,Yes,Agent Referral,4.0
CL101710,Corporate,Not Specified,India,South Asia,1968-04-25,Investment,No,Agent Referral,5.0
CL101711,Individual,Male,United Kingdom,Europe - West,1985-04-20,Investment,Yes,Agent Referral,5.0
CL101712,Individual,Female,Brazil,Latin America,1981-10-04,Investment,Yes,Agent Referral,3.0
CL101713,Individual,Female,Australia,Oceania,1984-06-16,Personal use,Yes,Property Portal,5.0
CL101714,Individual,Female,United Kingdom,Europe - West,1960-12-25,Investment,No,Friend/Family,3.0
CL101715,Corporate,Not Specified,India,South Asia,1992-12-02,Personal use,No,Friend/Family,4.0
CL101716,Individual,Female,United Kingdom,Europe - West,1967-10-09,Investment,Yes,Friend/Family,3.0
CL101717,Individual,Female,United Arab Emirates,Middle East,1984-09-02,Investment,No,Social Media,4.0
CL101718,Individual,Male,United Arab Emirates,Middle East,1967-07-09,Personal use,Yes,Agent Referral,4.0
CL101719,Individual,Female,Singapore,Southeast Asia,1998-12-25,Personal use,Yes,Friend/Family,4.0
CL101720,Individual,Female,United States,North America - East,1983-05-26,Investment,Yes,Website,4.0
CL101721,Individual,Female,Canada,North America - East,1990-07-04,Personal use,Yes,Website,3.0
CL101722,Individual,Male,India,South Asia,1984-06-23,Investment,No,Website,4.0
CL101723,Individual,Female,United Arab Emirates,Middle East,1971-11-06,Personal use,Yes,Friend/Family,4.0
CL101724,Individual,Female,France,Europe - West,1980-11-25,Investment,Yes,Social Media,2.0
CL101725,Corporate,Not Specified,United States,North America - East,1969-10-05,Investment,No,Social Media,4.0
CL101726,Individual,Male,United Kingdom,Europe - West,1992-11-29,Investment,No,Social Media,4.0
CL101727,Individual,Male,Singapore,Southeast Asia,1995-03-12,Personal use,Yes,,3.0
CL101728,Individual,Male,United States,North America - West,1984-11-29,Personal use,No,Website,4.0
CL101729,Individual,Male,United Kingdom,Europe - West,1986-02-18,Personal use,Yes,Agent Referral,4.0
CL101730,Individual,Other,Australia,Oceania,1988-01-25,Investment,No,Friend/Family,4.0
CL101731,Individual,Male,United States,North America - West,1996-03-04,Investment,Yes,Friend/Family,5.0
CL101732,Individual,Female,India,South Asia,1972-01-12,Investment,No,Agent Referral,5.0
CL101733,Individual,Male,Canada,North America - East,1988-12-09,Personal use,Yes,Agent Referral,2.0
CL101734,Individual,Male,Singapore,Southeast Asia,1970-04-05,Investment,No,Event,4.0
CL101735,Corporate,Not Specified,India,South Asia,1978-08-26,Investment,No,Agent Referral,
CL101736,Individual,Male,Australia,Oceania,1978-09-02,Investment,No,Property Portal,4.0
CL101737,Individual,Male,United States,North America - East,1979-05-07,Personal use,No,Property Portal,5.0
CL101738,Individual,Male,France,Europe - West,1995-04-12,Personal use,No,Property Portal,5.0
CL101739,Individual,Other,India,South Asia,1980-11-23,Personal use,Yes,Website,3.0
CL101740,Individual,Other,Canada,North America - East,1964-09-26,Personal use,No,Social Media,4.0
CL101741,Individual,Male,Canada,North America - East,1982-11-14,Personal use,Yes,,5.0
CL101742,Individual,Female,United States,North America - West,1976-09-15,Personal use,No,Agent Referral,3.0
CL101743,Individual,Male,Brazil,Latin America,1978-04-07,Personal use,Yes,Agent Referral,4.0
CL101744,Individual,Female,India,South Asia,1982-05-03,Personal use,Yes,Agent Referral,4.0
CL101745,Corporate,Not Specified,United Arab Emirates,Middle East,1981-03-15,Investment,No,Agent Referral,5.0
CL101746,Individual,Female,India,South Asia,1979-09-20,Investment,No,Friend/Family,5.0
CL101747,Corporate,Not Specified,France,Europe - West,1995-12-27,Investment,No,Agent Referral,4.0
CL101748,Individual,Male,Germany,Europe - West,2000-08-11,Personal use,No,Agent Referral,4.0
CL101749,Corporate,Not Specified,Germany,Europe - West,1975-12-26,Investment,Yes,Agent Referral,3.0
CL101750,Individual,Male,United Arab Emirates,Middle East,1988-03-10,Investment,Yes,Friend/Family,5.0
CL101751,Individual,Male,United States,North America - East,1989-11-12,Personal use,Yes,Website,3.0
CL101752,Individual,Male,Australia,Oceania,1970-10-15,Investment,No,Friend/Family,4.0
CL101753,Individual,Male,Singapore,Southeast Asia,1993-11-27,Personal use,Yes,Agent Referral,5.0
CL101754,Individual,Other,United Kingdom,Europe - West,2001-04-17,Personal use,No,Social Media,4.0
CL101755,Corporate,Not Specified,United Arab Emirates,Middle East,1972-05-08,Investment,No,Friend/Family,5.0
CL101756,Individual,Female,United States,North America - West,2001-01-31,Investment,No,Social Media,4.0
CL101757,Individual,Male,Brazil,Latin America,2004-02-04,Personal use,Yes,Friend/Family,4.0
CL101758,Individual,Female,Australia,Oceania,1975-12-22,Investment,No,,4.0
CL101759,Corporate,Not Specified,Australia,Oceania,1994-04-08,Investment,No,Website,3.0
CL101760,Corporate,Not Specified,United Kingdom,Europe - West,1995-04-16,Investment,No,Agent Referral,4.0
CL101761,Individual,Male,United States,North America - West,1990-08-20,Personal use,Yes,Property Portal,4.0
CL101762,Individual,Male,United States,North America - West,2001-07-30,Investment,No,Property Portal,3.0
CL101763,Individual,Female,United States,North America - West,1998-12-05,Personal use,Yes,Social Media,3.0
CL101764,Individual,Female,United States,North America - East,1987-10-07,Investment,No,Agent Referral,3.0
CL101765,Corporate,Not Specified,United States,North America - West,1971-03-02,Personal use,No,Agent Referral,4.0
CL101766,Individual,Male,Brazil,Latin America,1982-06-01,Investment,No,Property Portal,5.0
CL101767,Individual,Male,United States,North America - West,1991-09-11,Personal use,Yes,Friend/Family,4.0
CL101768,Individual,Female,United States,North America - West,1983-09-19,Personal use,No,Agent Referral,2.0
CL101769,Individual,Female,Singapore,Southeast Asia,1984-01-30,Investment,Yes,Website,4.0
CL101770,Corporate,Not Specified,United Arab Emirates,Middle East,1970-02-15,Personal use,No,Property Portal,4.0
CL101771,Individual,Male,India,South Asia,1980-06-23,Investment,No,Social Media,4.0
CL101772,Individual,Male,United Arab Emirates,Middle East,1989-07-26,Investment,No,Event,4.0
CL101773,Individual,Female,Australia,Oceania,1983-09-09,Personal use,Yes,Agent Referral,3.0
CL101774,Corporate,Not Specified,United Arab Emirates,Middle East,1966-02-01,Investment,No,Agent Referral,4.0
CL101775,Individual,Male,France,Europe - West,2004-02-20,Investment,No,Agent Referral,4.0
CL101776,Corporate,Not Specified,India,South Asia,1975-06-07,Investment,No,Social Media,4.0
CL101777,Individual,Female,Germany,Europe - West,1984-01-10,Investment,No,Agent Referral,3.0
CL101778,Individual,Male,United Kingdom,Europe - West,1978-12-01,Personal use,Yes,Website,3.0
CL101779,Individual,Male,Germany,Europe - West,2000-03-25,Personal use,Yes,Agent Referral,4.0
CL101780,Individual,Female,United States,North America - West,1989-06-29,Investment,Yes,Agent Referral,5.0
CL101781,Individual,Male,India,South Asia,1998-09-28,Investment,No,Property Portal,4.0
CL101782,Individual,Female,Canada,North America - East,1976-12-19,Personal use,No,Agent Referral,4.0
CL101783,Individual,Female,United States,North America - West,2001-03-03,Personal use,Yes,Social Media,3.0
CL101784,Individual,Male,Canada,North America - East,1996-05-27,Investment,Yes,Friend/Family,3.0
CL101785,Individual,Female,Singapore,Southeast Asia,1980-10-02,Personal use,No,Website,5.0
CL101786,Individual,Male,United Kingdom,Europe - West,1991-12-09,Investment,No,Social Media,3.0
CL101787,Individual,Male,India,South Asia,1995-10-28,Investment,No,Property Portal,5.0
CL101788,Individual,Female,Singapore,Southeast Asia,1976-04-13,Personal use,No,Social Media,4.0
CL101789,Corporate,Not Specified,United States,North America - West,1987-06-28,Personal use,No,Social Media,5.0
CL101790,Corporate,Not Specified,India,South Asia,1965-02-24,Investment,No,Property Portal,5.0
CL101791,Individual,Female,United Kingdom,Europe - West,1975-11-23,Personal use,Yes,Event,4.0
CL101792,Individual,Female,United States,North America - West,1988-03-02,Personal use,Yes,,2.0
CL101793,Individual,Female,India,South Asia,1988-09-28,Personal use,No,Agent Referral,5.0
CL101794,Individual,Female,Australia,Oceania,1993-07-22,Personal use,Yes,Social Media,4.0
CL101795,Corporate,Not Specified,United Kingdom,Europe - West,1967-09-03,Investment,Yes,Social Media,3.0
CL101796,Individual,Male,United Arab Emirates,Middle East,1991-05-05,Personal use,No,Agent Referral,5.0
CL101797,Individual,Female,United Kingdom,Europe - West,1990-04-21,Investment,No,Agent Referral,4.0
CL101798,Individual,Male,United Arab Emirates,Middle East,1979-03-24,Investment,No,Property Portal,3.0
CL101799,Individual,Female,United Arab Emirates,Middle East,1972-01-04,Investment,No,Agent Referral,5.0
CL101800,Corporate,Not Specified,United Arab Emirates,Middle East,1971-08-27,Investment,No,Property Portal,4.0
CL101801,Individual,Male,United Arab Emirates,Middle East,1965-10-29,Investment,No,Event,3.0
CL101802,Individual,Male,United States,North America - West,1993-06-27,Personal use,No,Agent Referral,3.0
CL101803,Individual,Male,India,South Asia,2004-03-22,Personal use,Yes,Website,3.0
CL101804,Corporate,Not Specified,India,South Asia,1984-07-19,Investment,No,Event,3.0
CL101805,Individual,Female,India,South Asia,1994-05-25,Investment,No,Website,4.0
CL101806,Corporate,Not Specified,United States,North America - East,1987-12-04,Investment,No,Property Portal,3.0
CL101807,Corporate,Not Specified,Germany,Europe - West,1988-09-16,Investment,No,Website,2.0
CL101808,Individual,Male,Germany,Europe - West,1995-04-08,Investment,No,Agent Referral,4.0
CL101809,Corporate,Not Specified,United States,North America - East,1984-03-04,Investment,No,Agent Referral,
CL101810,Individual,Male,Canada,North America - East,1990-03-08,Personal use,No,Agent Referral,4.0
CL101811,Individual,Male,Germany,Europe - West,1990-05-17,Personal use,Yes,Property Portal,5.0
CL101812,Individual,Female,India,South Asia,1985-05-19,Personal use,Yes,Website,4.0
CL101813,Individual,Female,Canada,North America - East,1971-11-10,Investment,Yes,Website,5.0
CL101814,Individual,Female,Singapore,Southeast Asia,1978-07-10,Personal use,No,Friend/Family,4.0
CL101815,Individual,Female,France,Europe - West,2003-04-07,Personal use,Yes,Event,4.0
CL101816,Individual,Other,India,South Asia,1979-05-26,Personal use,Yes,Agent Referral,3.0
CL101817,Individual,Female,Germany,Europe - West,1983-12-29,Personal use,Yes,Property Portal,4.0
CL101818,Individual,Male,France,Europe - West,1986-12-13,Investment,No,Website,3.0
CL101819,Individual,Male,United Arab Emirates,Middle East,1985-11-28,Personal use,Yes,Property Portal,3.0
CL101820,Individual,Male,Australia,Oceania,1983-09-03,Personal use,No,Friend/Family,4.0
CL101821,Corporate,Not Specified,France,Europe - West,1963-09-04,Investment,No,Property Portal,3.0
CL101822,Corporate,Not Specified,France,Europe - West,1995-05-17,Investment,No,Friend/Family,4.0
CL101823,Individual,Male,United Arab Emirates,Middle East,1972-04-29,Investment,No,Event,4.0
CL101824,Individual,Male,India,South Asia,1993-09-08,Personal use,Yes,Agent Referral,4.0
CL101825,Individual,Male,United States,North America - East,1996-11-08,Investment,Yes,Friend/Family,3.0
CL101826,Individual,Female,France,Europe - West,1985-11-10,Personal use,Yes,Friend/Family,4.0
CL101827,Individual,Female,France,Europe - West,1998-04-29,Personal use,No,Agent Referral,5.0
CL101828,Individual,Other,Australia,Oceania,2003-12-23,Investment,Yes,Property Portal,5.0
CL101829,Individual,Male,France,Europe - West,1989-03-10,Investment,Yes,Property Portal,5.0
CL101830,Individual,Male,Germany,Europe - West,1970-02-10,Investment,No,Property Portal,4.0
CL101831,Individual,Female,Brazil,Latin America,1985-11-19,Investment,Yes,Agent Referral,4.0
CL101832,Individual,Female,Germany,Europe - West,1984-08-31,Personal use,Yes,,4.0
CL101833,Corporate,Not Specified,United States,North America - East,1985-07-11,Investment,No,Agent Referral,4.0
CL101834,Individual,Female,United States,North America - East,1981-05-01,Personal use,No,Event,3.0
CL101835,Individual,Male,United States,North America - East,1983-11-12,Personal use,Yes,Website,4.0
CL101836,Individual,Female,United States,North America - East,1993-02-27,Investment,Yes,Social Media,3.0
CL101837,Individual,Female,Germany,Europe - West,1984-05-12,Personal use,Yes,Website,2.0
CL101838,Individual,Female,India,South Asia,1984-09-23,Investment,Yes,Friend/Family,3.0
CL101839,Individual,Female,India,South Asia,1997-02-26,Personal use,No,Agent Referral,4.0
CL101840,Individual,Male,United States,North America - West,1982-06-28,Investment,No,Property Portal,4.0
CL101841,Individual,Male,United Arab Emirates,Middle East,1972-06-09,Investment,Yes,Property Portal,4.0
CL101842,Individual,Female,United States,North America - East,1987-10-05,Personal use,No,Agent Referral,5.0
CL101843,Individual,Male,Australia,Oceania,1995-03-23,Personal use,No,Property Portal,3.0
CL101844,Individual,Male,United States,North America - West,1987-08-14,Investment,Yes,Friend/Family,3.0
CL101845,Individual,Male,United Arab Emirates,Middle East,1976-09-18,Investment,Yes,Agent Referral,3.0
CL101846,Corporate,Not Specified,United Kingdom,Europe - West,1992-05-13,Investment,No,Agent Referral,5.0
CL101847,Individual,Male,United Arab Emirates,Middle East,1979-09-12,Personal use,Yes,,3.0
CL101848,Individual,Male,Germany,Europe - West,1993-04-28,Personal use,No,Website,4.0
CL101849,Corporate,Not Specified,India,South Asia,1988-05-04,Investment,Yes,Social Media,4.0
CL101850,Individual,Female,Canada,North America - East,1991-11-15,Investment,No,Social Media,5.0
CL101851,Individual,Female,Australia,Oceania,1992-06-01,Personal use,Yes,Agent Referral,5.0
CL101852,Individual,Female,France,Europe - West,1969-06-29,Personal use,Yes,Event,2.0
CL101853,Individual,Male,India,South Asia,2001-02-17,Investment,No,Website,4.0
CL101854,Individual,Female,Singapore,Southeast Asia,1980-02-14,Investment,No,Property Portal,4.0
CL101855,Corporate,Not Specified,Brazil,Latin America,1979-09-22,Investment,Yes,Property Portal,4.0
CL101856,Corporate,Not Specified,Canada,North America - East,1988-09-02,Investment,No,Friend/Family,4.0
CL101857,Individual,Female,United Kingdom,Europe - West,2000-07-30,Investment,No,Social Media,5.0
CL101858,Individual,Male,Canada,North America - East,1999-12-21,Personal use,Yes,Website,4.0
CL101859,Individual,Male,Canada,North America - East,1994-07-17,Personal use,Yes,Property Portal,4.0
CL101860,Individual,Male,United Arab Emirates,Middle East,1983-10-07,Investment,Yes,Friend/Family,4.0
CL101861,Individual,Male,Brazil,Latin America,1983-04-27,Investment,Yes,Property Portal,5.0
CL101862,Individual,Other,Brazil,Latin America,1998-10-25,Investment,No,Agent Referral,4.0
CL101863,Individual,Male,France,Europe - West,1995-07-03,Investment,Yes,Social Media,2.0
CL101864,Individual,Female,United Arab Emirates,Middle East,1994-04-30,Personal use,Yes,Agent Referral,4.0
CL101865,Individual,Male,Singapore,Southeast Asia,1987-08-14,Personal use,Yes,Friend/Family,4.0
CL101866,Individual,Male,Australia,Oceania,1963-12-05,Investment,Yes,Friend/Family,5.0
CL101867,Individual,Male,United States,North America - East,1996-02-25,Personal use,Yes,Website,3.0
CL101868,Corporate,Not Specified,France,Europe - West,1986-09-06,Investment,No,Website,4.0
CL101869,Individual,Female,Singapore,Southeast Asia,1998-01-02,Personal use,No,,3.0
CL101870,Individual,Female,United Kingdom,Europe - West,1978-11-16,Personal use,No,Website,5.0
CL101871,Individual,Male,Germany,Europe - West,1986-01-26,Investment,No,Agent Referral,4.0
CL101872,Individual,Other,Brazil,Latin America,1994-12-10,Personal use,Yes,Website,3.0
CL101873,Corporate,Not Specified,Brazil,Latin America,1992-06-23,Investment,No,Agent Referral,5.0
CL101874,Corporate,Not Specified,Australia,Oceania,1991-04-28,Investment,No,Friend/Family,5.0
CL101875,Individual,Male,India,South Asia,1981-11-27,Personal use,Yes,Property Portal,3.0
CL101876,Individual,Male,Canada,North America - East,1956-03-03,Investment,Yes,Agent Referral,4.0
CL101877,Individual,Female,United Kingdom,Europe - West,1979-02-24,Investment,Yes,Website,5.0
CL101878,Individual,Female,France,Europe - West,1986-12-28,Personal use,Yes,Friend/Family,5.0
CL101879,Individual,Male,United Arab Emirates,Middle East,1993-02-19,Investment,Yes,Agent Referral,5.0
CL101880,Individual,Female,France,Europe - West,2000-08-14,Personal use,No,Agent Referral,3.0
CL101881,Individual,Male,United Arab Emirates,Middle East,1977-07-20,Investment,No,Social Media,5.0
CL101882,Individual,Female,Germany,Europe - West,1977-12-25,Investment,Yes,Event,3.0
CL101883,Individual,Male,India,South Asia,1991-07-06,Investment,No,Agent Referral,5.0
CL101884,Individual,Female,United Kingdom,Europe - West,1972-02-07,Investment,No,Event,3.0
CL101885,Individual,Male,United Kingdom,Europe - West,1985-04-13,Personal use,Yes,Agent Referral,4.0
CL101886,Individual,Male,United States,North America - East,1977-02-21,Personal use,No,Website,3.0
CL101887,Individual,Female,United States,North America - West,1982-07-10,Personal use,Yes,Website,3.0
CL101888,Individual,Male,Singapore,Southeast Asia,1987-06-12,Personal use,Yes,Property Portal,4.0
CL101889,Individual,Female,Germany,Europe - West,1996-01-23,Investment,Yes,Social Media,3.0
CL101890,Individual,Female,Canada,North America - East,1987-08-02,Personal use,Yes,Social Media,5.0
CL101891,Corporate,Not Specified,India,South Asia,1989-06-12,Investment,No,Event,3.0
CL101892,Corporate,Not Specified,United Arab Emirates,Middle East,1984-10-04,Investment,No,Social Media,3.0
CL101893,Individual,Female,United States,North America - West,1981-08-10,Personal use,Yes,Website,4.0
CL101894,Individual,Female,United Kingdom,Europe - West,1997-03-04,Investment,Yes,Friend/Family,5.0
CL101895,Individual,Female,United States,North America - West,1977-08-11,Investment,No,Agent Referral,4.0
CL101896,Individual,Male,United Arab Emirates,Middle East,1982-01-19,Personal use,Yes,Social Media,3.0
CL101897,Individual,Female,Canada,North America - East,1999-08-15,Personal use,No,Property Portal,3.0
CL101898,Individual,Female,United States,North America - West,1988-03-07,Personal use,Yes,Social Media,3.0
CL101899,Individual,Female,United States,North America - West,1975-04-29,Personal use,No,Agent Referral,4.0
CL101900,Individual,Male,United Arab Emirates,Middle East,1999-01-21,Investment,No,Social Media,4.0
CL101901,Individual,Male,United States,North America - West,1997-09-29,Personal use,Yes,Website,4.0
CL101902,Individual,Female,Singapore,Southeast Asia,1986-03-29,Personal use,Yes,Agent Referral,4.0
CL101903,Individual,Other,United States,North America - East,1962-03-26,Investment,Yes,Social Media,4.0
CL101904,Individual,Male,United Arab Emirates,Middle East,1993-07-06,Personal use,No,Agent Referral,4.0
CL101905,Individual,Female,Germany,Europe - West,1980-06-18,Personal use,No,Website,3.0
CL101906,Individual,Male,Germany,Europe - West,1983-01-20,Investment,No,Social Media,4.0
CL101907,Individual,Male,United States,North America - West,1992-03-14,Investment,No,Agent Referral,4.0
CL101908,Individual,Male,Singapore,Southeast Asia,1984-03-06,Personal use,No,Agent Referral,4.0
CL101909,Individual,Male,Australia,Oceania,1989-10-26,Personal use,Yes,Event,3.0
CL101910,Corporate,Not Specified,United States,North America - West,1967-05-14,Investment,No,Website,4.0
CL101911,Individual,Male,United States,North America - East,2003-11-16,Investment,No,Website,3.0
CL101912,Individual,Male,Australia,Oceania,1985-10-13,Investment,No,Property Portal,4.0
CL101913,Individual,Female,France,Europe - West,1976-03-09,Investment,Yes,Website,5.0
CL101914,Corporate,Not Specified,United States,North America - East,1980-07-19,Investment,No,Property Portal,3.0
CL101915,Individual,Female,United States,North America - West,1974-05-07,Investment,No,Friend/Family,5.0
CL101916,Corporate,Not Specified,United Arab Emirates,Middle East,1966-09-22,Personal use,Yes,Social Media,2.0
CL101917,Individual,Female,India,South Asia,1986-01-22,Investment,Yes,Agent Referral,3.0
CL101918,Individual,Male,United Arab Emirates,Middle East,1992-06-24,Personal use,Yes,Agent Referral,3.0
CL101919,Individual,Female,Brazil,Latin America,1990-10-31,Personal use,Yes,Property Portal,4.0
CL101920,Individual,Female,France,Europe - West,2002-02-03,Personal use,Yes,Website,4.0
CL101921,Individual,Male,United Kingdom,Europe - West,1988-04-07,Personal use,Yes,Friend/Family,5.0
CL101922,Individual,Male,Germany,Europe - West,1984-07-27,Investment,Yes,Property Portal,5.0
CL101923,Individual,Female,United Kingdom,Europe - West,1967-09-02,Personal use,Yes,Friend/Family,4.0
CL101924,Corporate,Not Specified,Canada,North America - East,1989-01-30,Investment,No,Website,3.0
CL101925,Individual,Female,United States,North America - East,1994-12-26,Investment,No,Friend/Family,3.0
CL101926,Individual,Female,United Kingdom,Europe - West,2001-06-24,Personal use,Yes,Friend/Family,4.0
CL101927,Individual,Female,India,South Asia,1988-09-29,Investment,No,Website,5.0
CL101928,Corporate,Not Specified,United States,North America - West,1963-06-15,Investment,No,Property Portal,3.0
CL101929,Corporate,Not Specified,Germany,Europe - West,1976-12-30,Investment,No,Website,5.0
CL101930,Individual,Male,United Arab Emirates,Middle East,1980-03-07,Investment,No,Event,2.0
CL101931,Corporate,Not Specified,United Arab Emirates,Middle East,1965-09-08,Investment,No,Website,4.0
CL101932,Corporate,Not Specified,India,South Asia,1981-08-24,Investment,Yes,Agent Referral,4.0
CL101933,Corporate,Not Specified,Singapore,Southeast Asia,1975-08-29,Investment,No,Friend/Family,4.0
CL101934,Corporate,Not Specified,India,South Asia,1991-12-30,Investment,No,Website,4.0
CL101935,Individual,Male,United States,North America - East,1997-12-19,Personal use,Yes,Website,3.0
CL101936,Individual,Male,Germany,Europe - West,1977-05-10,Investment,Yes,Website,4.0
CL101937,Individual,Male,United Arab Emirates,Middle East,1988-01-25,Personal use,Yes,Property Portal,4.0
CL101938,Individual,Female,Canada,North America - East,1987-09-26,Personal use,Yes,Website,4.0
CL101939,Individual,Female,United States,North America - East,1988-03-11,Personal use,Yes,Friend/Family,5.0
CL101940,Individual,Male,Canada,North America - East,1983-06-27,Personal use,No,Social Media,4.0
CL101941,Corporate,Not Specified,Germany,Europe - West,1991-12-07,Investment,No,Social Media,3.0
CL101942,Individual,Female,Germany,Europe - West,1974-04-11,Personal use,No,Agent Referral,3.0
CL101943,Corporate,Not Specified,United States,North America - East,1995-11-25,Personal use,Yes,Agent Referral,5.0
CL101944,Individual,Male,Singapore,Southeast Asia,1982-03-13,Investment,Yes,Event,5.0
CL101945,Individual,Male,Australia,Oceania,1967-04-25,Investment,No,Property Portal,5.0
CL101946,Individual,Male,United States,North America - West,1983-10-24,Investment,Yes,Property Portal,4.0
CL101947,Corporate,Not Specified,Australia,Oceania,1975-10-08,Investment,No,Friend/Family,5.0
CL101948,Individual,Female,United States,North America - East,1981-04-21,Investment,No,Property Portal,5.0
CL101949,Individual,Male,Australia,Oceania,1992-05-24,Personal use,Yes,Event,3.0
CL101950,Individual,Male,Brazil,Latin America,1984-02-11,Investment,Yes,Social Media,4.0
CL101951,Individual,Female,United States,North America - West,1980-08-03,Personal use,No,Property Portal,3.0
CL101952,Individual,Female,India,South Asia,1986-05-15,Investment,No,Website,4.0
CL101953,Corporate,Not Specified,Brazil,Latin America,1965-12-04,Investment,No,Website,5.0
CL101954,Individual,Male,Australia,Oceania,1975-11-13,Investment,Yes,Social Media,4.0
CL101955,Individual,Female,Brazil,Latin America,1986-05-05,Personal use,Yes,Social Media,4.0
CL101956,Individual,Male,United Arab Emirates,Middle East,2004-05-09,Personal use,Yes,Agent Referral,2.0
CL101957,Corporate,Not Specified,United States,North America - West,1977-11-20,Investment,No,Social Media,3.0
CL101958,Individual,Male,Singapore,Southeast Asia,1989-07-21,Personal use,Yes,Social Media,4.0
CL101959,Individual,Male,United Arab Emirates,Middle East,1995-09-09,Personal use,No,Property Portal,4.0
CL101960,Individual,Male,United Arab Emirates,Middle East,1998-09-04,Personal use,No,Agent Referral,4.0
CL101961,Individual,Female,Germany,Europe - West,1989-08-23,Personal use,Yes,Agent Referral,
CL101962,Individual,Male,United Arab Emirates,Middle East,1991-11-15,Personal use,Yes,Friend/Family,3.0
CL101963,Individual,Male,United States,North America - East,1994-09-17,Personal use,Yes,Friend/Family,4.0
CL101964,Individual,Male,India,South Asia,1993-06-02,Personal use,No,Property Portal,4.0
CL101965,Individual,Female,United States,North America - West,1980-02-28,Personal use,Yes,Agent Referral,3.0
CL101966,Individual,Male,India,South Asia,1963-03-01,Personal use,No,Website,5.0
CL101967,Corporate,Not Specified,Singapore,Southeast Asia,1987-12-04,Investment,No,Event,4.0
CL101968,Individual,Female,Germany,Europe - West,1972-10-13,Investment,No,Website,2.0
CL101969,Individual,Male,France,Europe - West,1990-05-09,Personal use,No,,5.0
CL101970,Individual,Other,United Kingdom,Europe - West,1984-07-10,Personal use,Yes,Agent Referral,3.0
CL101971,Individual,Female,Brazil,Latin America,1981-09-01,Personal use,Yes,Agent Referral,5.0
CL101972,Individual,Male,India,South Asia,1992-11-10,Personal use,Yes,Property Portal,3.0
CL101973,Individual,Male,United Kingdom,Europe - West,1990-05-19,Personal use,Yes,Agent Referral,4.0
CL101974,Individual,Male,United States,North America - East,1975-11-13,Investment,No,Website,4.0
CL101975,Individual,Male,United States,North America - West,1974-06-01,Personal use,Yes,,4.0
CL101976,Individual,Female,Germany,Europe - West,1985-01-01,Investment,No,Website,4.0
CL101977,Individual,Female,Australia,Oceania,1999-02-08,Personal use,No,Agent Referral,4.0
CL101978,Corporate,Not Specified,India,South Asia,1980-01-18,Investment,No,Social Media,4.0
CL101979,Individual,Male,United States,North America - East,2001-02-03,Investment,Yes,Agent Referral,4.0
CL101980,Individual,Male,Singapore,Southeast Asia,1985-06-13,Personal use,No,Social Media,2.0
CL101981,Individual,Male,United Kingdom,Europe - West,1983-08-28,Personal use,Yes,Agent Referral,3.0
CL101982,Individual,Female,Singapore,Southeast Asia,1988-09-29,Investment,No,Agent Referral,5.0
CL101983,Corporate,Not Specified,Canada,North America - East,1983-05-04,Investment,No,Agent Referral,3.0
CL101984,Individual,Female,United Arab Emirates,Middle East,1980-11-13,Personal use,Yes,Property Portal,4.0
CL101985,Individual,Female,Australia,Oceania,1983-02-12,Personal use,Yes,Website,3.0
CL101986,Individual,Male,Canada,North America - East,1999-01-27,Investment,Yes,Property Portal,5.0
CL101987,Individual,Female,India,South Asia,1988-06-30,Investment,Yes,Agent Referral,3.0
CL101988,Corporate,Not Specified,Brazil,Latin America,1975-04-12,Investment,No,Agent Referral,4.0
CL101989,Individual,Female,United States,North America - East,1968-05-12,Investment,No,Friend/Family,4.0
CL101990,Individual,Male,United States,North America - West,1988-08-14,Investment,No,Agent Referral,4.0
CL101991,Individual,Male,India,South Asia,1979-02-24,Personal use,Yes,Social Media,3.0
CL101992,Individual,Female,United Kingdom,Europe - West,1976-05-26,Personal use,Yes,Property Portal,4.0
CL101993,Individual,Male,United States,North America - West,1988-05-08,Personal use,Yes,Property Portal,3.0
CL101994,Individual,Female,Germany,Europe - West,1973-03-03,Personal use,Yes,Social Media,3.0
CL101995,Individual,Male,India,South Asia,1972-09-25,Investment,No,Friend/Family,5.0
CL101996,Individual,Female,United Kingdom,Europe - West,1969-10-31,Investment,No,Agent Referral,5.0
CL101997,Individual,Female,United Kingdom,Europe - West,1980-07-15,Personal use,Yes,Property Portal,4.0
CL101998,Individual,Male,Singapore,Southeast Asia,1960-02-05,Personal use,Yes,Website,4.0
CL101999,Corporate,Not Specified,France,Europe - West,1984-12-24,Investment,No,Website,5.0
CL102000,Individual,Female,Singapore,Southeast Asia,1962-08-14,Personal use,No,Social Media,5.0
CL102001,Individual,Male,Germany,Europe - West,1977-07-07,Investment,Yes,Agent Referral,4.0
CL102002,Individual,Female,Brazil,Latin America,1971-05-10,Personal use,No,Friend/Family,5.0
CL102003,Corporate,Not Specified,United Arab Emirates,Middle East,1968-12-13,Investment,No,Website,3.0
CL102004,Individual,Male,United States,North America - West,1976-02-16,Personal use,Yes,Website,2.0
CL102005,Individual,Female,Australia,Oceania,1970-04-20,Investment,No,Friend/Family,5.0
CL102006,Individual,Male,France,Europe - West,1996-11-24,Investment,Yes,,3.0
CL102007,Individual,Female,United States,North America - West,1987-04-14,Personal use,No,Event,4.0
CL102008,Individual,Male,United States,North America - East,2003-11-10,Personal use,Yes,Agent Referral,3.0
CL102009,Individual,Male,India,South Asia,1986-12-26,Investment,No,Website,3.0
CL102010,Individual,Male,United States,North America - East,1994-07-31,Investment,No,Website,3.0
CL102011,Corporate,Not Specified,United Kingdom,Europe - West,1982-05-18,Investment,No,Agent Referral,5.0
CL102012,Individual,Female,United States,North America - East,1953-10-02,Investment,Yes,Website,3.0
CL102013,Individual,Female,Germany,Europe - West,1967-07-13,Investment,Yes,Property Portal,3.0
CL102014,Individual,Male,Germany,Europe - West,2001-09-21,Investment,No,Website,3.0
CL102015,Corporate,Not Specified,France,Europe - West,1977-08-28,Investment,No,Property Portal,5.0
CL102016,Corporate,Not Specified,Canada,North America - East,1995-09-30,Investment,No,Social Media,5.0
CL102017,Individual,Female,United States,North America - West,1989-01-30,Investment,No,Friend/Family,4.0
CL102018,Individual,Male,United Arab Emirates,Middle East,1984-05-07,Personal use,Yes,Website,4.0
CL102019,Individual,Female,United Kingdom,Europe - West,1982-04-16,Personal use,No,Website,4.0
CL102020,Corporate,Not Specified,United Arab Emirates,Middle East,1984-12-28,Investment,No,Agent Referral,4.0
CL102021,Individual,Male,United States,North America - East,1996-12-09,Investment,Yes,Social Media,4.0
CL102022,Individual,Female,United States,North America - East,1984-03-23,Personal use,Yes,Social Media,4.0
CL102023,Individual,Male,Canada,North America - East,1984-04-19,Investment,No,Agent Referral,3.0
CL102024,Corporate,Not Specified,Germany,Europe - West,1983-02-09,Investment,No,Agent Referral,5.0
CL102025,Corporate,Not Specified,United Kingdom,Europe - West,1979-05-07,Investment,No,Event,5.0
CL102026,Corporate,Not Specified,Singapore,Southeast Asia,1987-04-25,Investment,No,Agent Referral,4.0
CL102027,Individual,Male,United Kingdom,Europe - West,1976-06-18,Personal use,Yes,Website,4.0
CL102028,Corporate,Not Specified,France,Europe - West,1965-07-31,Investment,No,Agent Referral,4.0
CL102029,Corporate,Not Specified,United Arab Emirates,Middle East,1970-07-27,Investment,No,Agent Referral,5.0
CL102030,Individual,Male,United States,North America - East,1993-02-04,Investment,Yes,Agent Referral,3.0
CL102031,Individual,Male,France,Europe - West,1982-12-05,Personal use,No,Social Media,5.0
CL102032,Corporate,Not Specified,United Kingdom,Europe - West,1977-05-04,Investment,No,Social Media,5.0
CL102033,Individual,Male,Germany,Europe - West,1979-09-01,Investment,No,Friend/Family,3.0
CL102034,Individual,Male,United States,North America - East,1994-02-21,Investment,No,Website,4.0
CL102035,Individual,Female,India,South Asia,1963-11-14,Personal use,Yes,Website,3.0
CL102036,Individual,Female,Australia,Oceania,2004-03-20,Investment,Yes,Property Portal,4.0
CL102037,Individual,Female,United States,North America - East,1967-09-29,Investment,Yes,Agent Referral,4.0
CL102038,Individual,Female,United Arab Emirates,Middle East,1985-09-04,Personal use,Yes,Agent Referral,4.0
CL102039,Individual,Male,India,South Asia,1979-03-29,Personal use,No,Social Media,3.0
CL102040,Corporate,Not Specified,United Kingdom,Europe - West,1963-11-29,Investment,No,Friend/Family,4.0
CL102041,Individual,Male,India,South Asia,1976-09-14,Personal use,No,Website,5.0
CL102042,Individual,Female,United Arab Emirates,Middle East,1993-12-30,Investment,No,Property Portal,3.0
CL102043,Corporate,Not Specified,Australia,Oceania,1966-12-28,Personal use,No,Agent Referral,2.0
CL102044,Individual,Male,Brazil,Latin America,1965-09-20,Investment,No,Event,4.0
CL102045,Individual,Male,United States,North America - East,1995-07-16,Personal use,Yes,Agent Referral,5.0
CL102046,Individual,Male,Germany,Europe - West,1962-10-08,Investment,No,Friend/Family,5.0
CL102047,Individual,Other,France,Europe - West,1981-03-12,Personal use,Yes,Agent Referral,3.0
CL102048,Individual,Female,United States,North America - East,1990-07-31,Personal use,Yes,Property Portal,4.0
CL102049,Individual,Male,United Kingdom,Europe - West,1994-11-01,Investment,No,Social Media,4.0
CL102050,Corporate,Not Specified,Brazil,Latin America,1977-09-02,Investment,No,Property Portal,2.0
CL102051,Individual,Female,United States,North America - West,2004-02-05,Personal use,No,Friend/Family,3.0
CL102052,Individual,Male,Germany,Europe - West,1989-12-19,Investment,Yes,Social Media,4.0
CL102053,Corporate,Not Specified,Singapore,Southeast Asia,1989-07-29,Personal use,No,Agent Referral,5.0
CL102054,Individual,Female,United Kingdom,Europe - West,1997-06-30,Investment,No,Agent Referral,4.0
CL102055,Individual,Male,Germany,Europe - West,1976-12-19,Personal use,Yes,Event,5.0
CL102056,Individual,Female,Brazil,Latin America,1988-08-30,Personal use,No,Property Portal,3.0
CL102057,Individual,Female,Germany,Europe - West,1992-04-23,Personal use,No,Website,1.0
CL102058,Individual,Female,United States,North America - East,1989-07-03,Personal use,No,Agent Referral,5.0
CL102059,Individual,Other,United States,North America - East,1982-09-30,Personal use,No,Website,4.0
CL102060,Individual,Female,Australia,Oceania,1985-04-22,Personal use,Yes,Agent Referral,4.0
CL102061,Individual,Male,Canada,North America - East,1993-04-07,Personal use,Yes,Agent Referral,4.0
CL102062,Individual,Male,France,Europe - West,1984-05-30,Personal use,Yes,Property Portal,4.0
CL102063,Individual,Female,United States,North America - West,1985-12-11,Investment,No,Website,4.0
CL102064,Individual,Female,Germany,Europe - West,1998-08-26,Investment,Yes,Property Portal,3.0
CL102065,Individual,Female,Australia,Oceania,1989-04-29,Investment,Yes,Event,3.0
CL102066,Individual,Female,France,Europe - West,1979-08-01,Personal use,Yes,Agent Referral,4.0
CL102067,Individual,Male,Brazil,Latin America,1979-01-02,Personal use,No,Social Media,2.0
CL102068,Individual,Female,Canada,North America - East,1988-03-13,Investment,No,Social Media,3.0
CL102069,Individual,Female,France,Europe - West,1978-01-21,Personal use,No,Agent Referral,4.0
CL102070,Corporate,Not Specified,Singapore,Southeast Asia,1986-08-25,Investment,No,Friend/Family,2.0
CL102071,Individual,Female,Germany,Europe - West,1996-04-17,Personal use,Yes,Social Media,2.0
CL102072,Individual,Male,Canada,North America - East,1988-09-14,Personal use,Yes,Website,3.0
CL102073,Individual,Female,Singapore,Southeast Asia,1969-06-12,Personal use,Yes,Property Portal,3.0
CL102074,Individual,Male,United Kingdom,Europe - West,1983-10-24,Personal use,Yes,Agent Referral,4.0
CL102075,Individual,Male,France,Europe - West,1989-01-10,Personal use,Yes,Website,2.0
CL102076,Individual,Female,Brazil,Latin America,1969-09-09,Investment,No,Event,5.0
CL102077,Individual,Female,United States,North America - East,1989-05-21,Personal use,Yes,Website,2.0
CL102078,Corporate,Not Specified,United Kingdom,Europe - West,1961-11-26,Investment,No,Website,3.0
CL102079,Individual,Male,United States,North America - East,1991-08-01,Personal use,No,Agent Referral,3.0
CL102080,Individual,Male,United Kingdom,Europe - West,1996-12-28,Personal use,No,Agent Referral,5.0
CL102081,Individual,Male,United States,North America - East,1987-06-08,Investment,Yes,Agent Referral,4.0
CL102082,Individual,Female,India,South Asia,1988-04-11,Investment,Yes,Friend/Family,3.0
CL102083,Corporate,Not Specified,United States,North America - East,1971-11-21,Investment,No,Agent Referral,4.0
CL102084,Individual,Female,India,South Asia,1957-02-07,Personal use,Yes,Social Media,4.0
CL102085,Corporate,Not Specified,Canada,North America - East,1974-06-25,Investment,Yes,Website,3.0
CL102086,Individual,Female,United Kingdom,Europe - West,1980-10-01,Personal use,No,Agent Referral,5.0
CL102087,Corporate,Not Specified,United Kingdom,Europe - West,1996-07-07,Investment,No,Event,3.0
CL102088,Corporate,Not Specified,India,South Asia,1964-05-09,Investment,No,Property Portal,4.0
CL102089,Corporate,Not Specified,Germany,Europe - West,1967-08-21,Investment,No,Friend/Family,4.0
CL102090,Individual,Female,United Kingdom,Europe - West,2003-11-12,Investment,No,Agent Referral,4.0
CL102091,Individual,Male,Singapore,Southeast Asia,1998-09-10,Personal use,No,Social Media,2.0
CL102092,Individual,Male,United Arab Emirates,Middle East,1988-03-19,Investment,Yes,Property Portal,3.0
CL102093,Individual,Female,United States,North America - West,1970-10-16,Personal use,Yes,Property Portal,2.0
CL102094,Individual,Female,Australia,Oceania,1990-06-02,Investment,Yes,Friend/Family,4.0
CL102095,Individual,Female,United Kingdom,Europe - West,1981-03-23,Personal use,Yes,Social Media,3.0
CL102096,Individual,Female,United States,North America - East,1985-09-07,Investment,Yes,Website,3.0
CL102097,Corporate,Not Specified,France,Europe - West,1975-01-13,Investment,No,Website,3.0
CL102098,Individual,Female,United States,North America - East,2002-10-08,Investment,Yes,Website,5.0
CL102099,Corporate,Not Specified,Canada,North America - East,1990-12-24,Investment,No,Agent Referral,4.0
CL102100,Individual,Male,India,South Asia,1988-08-09,Investment,No,Website,5.0
CL102101,Individual,Female,United States,North America - East,1975-05-31,Investment,No,Agent Referral,4.0
CL102102,Corporate,Not Specified,Singapore,Southeast Asia,1978-01-14,Investment,No,Social Media,4.0
CL102103,Corporate,Not Specified,Australia,Oceania,1971-12-20,Investment,No,Social Media,4.0
CL102104,Individual,Male,United Arab Emirates,Middle East,1987-05-09,Investment,Yes,Social Media,4.0
CL102105,Corporate,Not Specified,India,South Asia,1962-10-24,Investment,No,Agent Referral,5.0
CL102106,Individual,Male,India,South Asia,2000-07-17,Personal use,Yes,Social Media,4.0
CL102107,Corporate,Not Specified,Brazil,Latin America,1976-01-09,Personal use,No,Event,2.0
CL102108,Individual,Female,United Kingdom,Europe - West,1984-04-05,Investment,No,,5.0
CL102109,Individual,Male,United States,North America - East,1994-01-15,Personal use,No,Property Portal,4.0
CL102110,Individual,Female,France,Europe - West,1989-02-27,Personal use,Yes,Agent Referral,4.0
CL102111,Individual,Female,France,Europe - West,2004-04-24,Personal use,Yes,Social Media,5.0
CL102112,Individual,Male,United States,North America - West,1989-12-09,Investment,No,Social Media,5.0
CL102113,Individual,Male,United Arab Emirates,Middle East,1973-12-03,Personal use,Yes,Friend/Family,4.0
CL102114,Individual,Other,United States,North America - East,1977-12-11,Personal use,Yes,Property Portal,3.0
CL102115,Corporate,Not Specified,Australia,Oceania,1995-08-30,Investment,No,Agent Referral,3.0
CL102116,Individual,Male,Canada,North America - East,1983-05-03,Investment,Yes,Friend/Family,4.0
CL102117,Individual,Female,United States,North America - West,1995-01-01,Investment,No,Property Portal,5.0
CL102118,Individual,Female,United States,North America - West,1967-11-26,Personal use,Yes,Property Portal,2.0
CL102119,Individual,Female,Canada,North America - East,1963-05-30,Personal use,Yes,Website,4.0
CL102120,Individual,Female,Canada,North America - East,1984-01-07,Investment,No,Website,4.0
CL102121,Individual,Female,United States,North America - West,1957-03-18,Personal use,Yes,Property Portal,2.0
CL102122,Individual,Female,Canada,North America - East,1993-07-13,Personal use,Yes,Friend/Family,4.0
CL102123,Individual,Female,United States,North America - West,1998-11-09,Personal use,Yes,Event,4.0
CL102124,Individual,Female,United Kingdom,Europe - West,1993-04-22,Investment,Yes,Agent Referral,4.0
CL102125,Individual,Female,United Kingdom,Europe - West,1988-02-25,Investment,No,Property Portal,3.0
CL102126,Corporate,Not Specified,United Kingdom,Europe - West,1973-06-23,Investment,No,Property Portal,5.0
CL102127,Corporate,Not Specified,United Kingdom,Europe - West,1978-09-26,Investment,Yes,Property Portal,3.0
CL102128,Individual,Male,United States,North America - West,1995-04-19,Investment,No,Friend/Family,5.0
CL102129,Individual,Female,United States,North America - West,1995-01-11,Investment,No,Website,
CL102130,Individual,Male,United States,North America - West,1973-06-09,Personal use,Yes,Friend/Family,4.0
CL102131,Individual,Male,India,South Asia,1974-11-01,Personal use,Yes,Social Media,4.0
CL102132,Individual,Female,Brazil,Latin America,1991-01-02,Investment,No,Agent Referral,5.0
CL102133,Corporate,Not Specified,Australia,Oceania,1989-02-10,Investment,Yes,,5.0
CL102134,Individual,Male,France,Europe - West,1997-12-10,Investment,No,Property Portal,3.0
CL102135,Individual,Male,France,Europe - West,1966-11-28,Personal use,Yes,Website,4.0
CL102136,Individual,Male,United Kingdom,Europe - West,1978-01-15,Investment,No,Agent Referral,3.0
CL102137,Individual,Female,India,South Asia,1984-12-06,Investment,Yes,Social Media,2.0
CL102138,Individual,Male,India,South Asia,1965-01-21,Investment,No,Event,3.0
CL102139,Individual,Male,Singapore,Southeast Asia,1963-11-29,Personal use,Yes,Friend/Family,4.0
CL102140,Corporate,Not Specified,Australia,Oceania,1979-08-29,Personal use,No,Agent Referral,5.0
CL102141,Individual,Male,Germany,Europe - West,1986-05-31,Investment,No,Website,5.0
CL102142,Individual,Male,India,South Asia,1991-11-12,Personal use,Yes,Agent Referral,4.0
CL102143,Individual,Female,Singapore,Southeast Asia,1989-04-12,Investment,No,Agent Referral,4.0
CL102144,Individual,Female,United Kingdom,Europe - West,2002-09-24,Personal use,No,Property Portal,5.0
CL102145,Corporate,Not Specified,Australia,Oceania,1995-11-26,Personal use,No,Agent Referral,5.0
CL102146,Corporate,Not Specified,United States,North America - East,1991-02-05,Investment,No,Website,4.0
CL102147,Corporate,Not Specified,Brazil,Latin America,1991-11-04,Investment,No,Property Portal,4.0
CL102148,Individual,Male,India,South Asia,2003-09-24,Investment,Yes,Website,4.0
CL102149,Individual,Female,United States,North America - East,1964-08-16,Investment,No,Website,4.0
CL102150,Individual,Female,United Arab Emirates,Middle East,1994-03-29,Personal use,Yes,Social Media,3.0
CL102151,Individual,Male,United States,North America - East,1966-08-03,Investment,No,Website,4.0
CL102152,Individual,Female,India,South Asia,1990-03-26,Personal use,No,Website,4.0
CL102153,Individual,Male,India,South Asia,2003-05-26,Personal use,Yes,Event,3.0
CL102154,Individual,Female,United Arab Emirates,Middle East,1971-07-23,Investment,Yes,Property Portal,4.0
CL102155,Corporate,Not Specified,Singapore,Southeast Asia,1979-12-28,Investment,No,Friend/Family,4.0
CL102156,Individual,Female,United States,North America - West,1995-09-17,Personal use,No,Friend/Family,5.0
CL102157,Corporate,Not Specified,Canada,North America - East,1992-11-16,Investment,No,Website,4.0
CL102158,Individual,Female,Germany,Europe - West,1995-08-06,Personal use,Yes,Property Portal,
CL102159,Individual,Female,United States,North America - West,1987-03-06,Personal use,Yes,Social Media,3.0
CL102160,Individual,Male,Germany,Europe - West,1983-10-08,Investment,No,Website,4.0
CL102161,Individual,Male,Canada,North America - East,1989-08-22,Personal use,Yes,Agent Referral,4.0
CL102162,Individual,Female,United Kingdom,Europe - West,2003-10-26,Personal use,Yes,Social Media,3.0
CL102163,Individual,Male,Germany,Europe - West,1992-06-13,Investment,Yes,Website,2.0
CL102164,Individual,Female,Singapore,Southeast Asia,1978-01-08,Personal use,Yes,Agent Referral,3.0
CL102165,Corporate,Not Specified,Canada,North America - East,1989-11-24,Investment,No,Agent Referral,4.0
CL102166,Individual,Male,Australia,Oceania,1989-07-10,Investment,Yes,Social Media,4.0
CL102167,Individual,Female,Germany,Europe - West,1996-05-27,Investment,No,Website,3.0
CL102168,Individual,Male,United Kingdom,Europe - West,1991-11-22,Personal use,Yes,Social Media,4.0
CL102169,Corporate,Not Specified,France,Europe - West,1987-08-27,Personal use,Yes,Website,4.0
CL102170,Individual,Female,Germany,Europe - West,1998-08-22,Investment,No,Social Media,4.0
CL102171,Individual,Male,Canada,North America - East,1978-06-17,Personal use,Yes,Agent Referral,3.0
CL102172,Individual,Female,France,Europe - West,1985-02-25,Investment,Yes,Agent Referral,3.0
CL102173,Individual,Male,United States,North America - East,1982-12-14,Personal use,Yes,Social Media,4.0
CL102174,Individual,Female,United Kingdom,Europe - West,1994-03-10,Personal use,Yes,Friend/Family,5.0
CL102175,Individual,Male,United Arab Emirates,Middle East,1989-04-05,Investment,No,Website,5.0
CL102176,Corporate,Not Specified,Germany,Europe - West,1974-11-23,Investment,No,Social Media,3.0
CL102177,Individual,Female,Singapore,Southeast Asia,1991-08-01,Personal use,Yes,Property Portal,3.0
CL102178,Individual,Male,Canada,North America - East,1981-11-09,Investment,No,Agent Referral,2.0
CL102179,Individual,Female,Brazil,Latin America,1980-06-12,Investment,No,Social Media,
CL102180,Individual,Male,India,South Asia,1962-07-01,Personal use,Yes,Agent Referral,4.0
CL102181,Individual,Female,Brazil,Latin America,1981-10-21,Investment,No,Property Portal,5.0
CL102182,Individual,Male,Singapore,Southeast Asia,2004-02-06,Personal use,Yes,Agent Referral,2.0
CL102183,Individual,Female,United States,North America - East,1973-05-02,Personal use,Yes,Event,3.0
CL102184,Individual,Male,France,Europe - West,1988-06-04,Investment,No,Friend/Family,4.0
CL102185,Individual,Male,United States,North America - East,1963-05-01,Investment,Yes,Social Media,2.0
CL102186,Corporate,Not Specified,Singapore,Southeast Asia,1973-12-22,Investment,No,Agent Referral,4.0
CL102187,Individual,Female,United Arab Emirates,Middle East,1991-08-08,Investment,No,Social Media,4.0
CL102188,Individual,Female,Canada,North America - East,1978-08-03,Personal use,Yes,Website,3.0
CL102189,Corporate,Not Specified,Australia,Oceania,1979-06-16,Investment,No,Agent Referral,4.0
CL102190,Corporate,Not Specified,United States,North America - West,1969-04-14,Investment,No,Agent Referral,3.0
CL102191,Individual,Female,United Arab Emirates,Middle East,1977-12-12,Personal use,Yes,Friend/Family,5.0
CL102192,Corporate,Not Specified,India,South Asia,1978-07-21,Investment,No,Friend/Family,4.0
CL102193,Individual,Male,United States,North America - West,1975-12-24,Investment,No,Property Portal,3.0
CL102194,Individual,Female,United Arab Emirates,Middle East,1984-11-06,Personal use,No,Agent Referral,3.0
CL102195,Corporate,Not Specified,Singapore,Southeast Asia,1988-04-27,Investment,No,Property Portal,4.0
CL102196,Individual,Male,United States,North America - West,1989-10-17,Personal use,Yes,Property Portal,5.0
CL102197,Individual,Male,France,Europe - West,2002-11-07,Investment,Yes,Property Portal,3.0
CL102198,Individual,Female,Canada,North America - East,2000-12-13,Personal use,Yes,Friend/Family,
CL102199,Individual,Male,United Arab Emirates,Middle East,1969-05-22,Personal use,Yes,Agent Referral,3.0
CL102200,Individual,Male,United States,North America - East,1986-06-16,Investment,No,Property Portal,5.0
CL102201,Corporate,Not Specified,Australia,Oceania,1980-11-23,Personal use,No,Social Media,2.0
CL102202,Individual,Male,Australia,Oceania,1991-04-24,Investment,No,Friend/Family,5.0
CL102203,Individual,Male,United States,North America - East,1990-09-21,Investment,Yes,Agent Referral,4.0
CL102204,Individual,Other,United Kingdom,Europe - West,1994-01-13,Investment,No,Website,4.0
CL102205,Individual,Male,United Arab Emirates,Middle East,1980-05-31,Personal use,Yes,Agent Referral,4.0
CL102206,Individual,Male,India,South Asia,1986-10-27,Personal use,Yes,Social Media,4.0
CL102207,Corporate,Not Specified,Germany,Europe - West,1960-12-01,Personal use,No,Agent Referral,4.0
CL102208,Individual,Female,United States,North America - East,1982-08-27,Personal use,Yes,Property Portal,4.0
CL102209,Individual,Female,United States,North America - West,1989-11-08,Investment,Yes,Website,4.0
CL102210,Individual,Female,Brazil,Latin America,2001-10-18,Personal use,No,Website,3.0
CL102211,Individual,Female,Germany,Europe - West,2002-12-27,Personal use,No,Agent Referral,5.0
CL102212,Individual,Female,Singapore,Southeast Asia,1952-07-03,Personal use,No,Website,4.0
CL102213,Individual,Female,France,Europe - West,1969-02-05,Personal use,Yes,Agent Referral,4.0
CL102214,Individual,Female,Australia,Oceania,1970-11-25,Personal use,Yes,Friend/Family,5.0
CL102215,Individual,Female,United States,North America - West,1992-12-08,Investment,Yes,Event,3.0
CL102216,Corporate,Not Specified,United States,North America - West,1963-05-05,Personal use,No,Agent Referral,5.0
CL102217,Individual,Female,Australia,Oceania,1994-01-16,Personal use,Yes,Agent Referral,4.0
CL102218,Individual,Female,Australia,Oceania,2000-05-12,Personal use,Yes,Friend/Family,3.0
CL102219,Individual,Male,United Kingdom,Europe - West,1992-07-01,Investment,Yes,Agent Referral,4.0
CL102220,Individual,Female,United Kingdom,Europe - West,1971-02-04,Investment,Yes,Friend/Family,4.0
CL102221,Corporate,Not Specified,Germany,Europe - West,1987-04-16,Personal use,Yes,Social Media,3.0
CL102222,Individual,Male,Germany,Europe - West,1996-07-10,Personal use,Yes,Property Portal,3.0
CL102223,Individual,Female,United States,North America - East,1989-02-03,Personal use,No,Website,3.0
CL102224,Individual,Male,Australia,Oceania,1977-06-10,Personal use,No,Event,4.0
CL102225,Corporate,Not Specified,Canada,North America - East,1964-03-08,Investment,No,Event,5.0
CL102226,Individual,Male,India,South Asia,1985-05-25,Personal use,Yes,Website,4.0
CL102227,Individual,Female,United States,North America - East,1980-11-15,Investment,No,Social Media,3.0
CL102228,Individual,Male,United States,North America - West,1980-11-28,Investment,Yes,Agent Referral,4.0
CL102229,Individual,Female,United Arab Emirates,Middle East,1983-04-15,Investment,No,Agent Referral,4.0
CL102230,Corporate,Not Specified,United Kingdom,Europe - West,1993-01-15,Investment,No,Event,4.0
CL102231,Individual,Female,United Arab Emirates,Middle East,1992-07-29,Personal use,Yes,Website,3.0
CL102232,Individual,Female,United States,North America - East,1997-10-01,Personal use,Yes,Agent Referral,3.0
CL102233,Individual,Female,Australia,Oceania,2003-07-13,Investment,Yes,Website,4.0
CL102234,Corporate,Not Specified,India,South Asia,1965-11-26,Investment,No,Social Media,4.0
CL102235,Individual,Female,Singapore,Southeast Asia,1976-12-01,Investment,No,Property Portal,4.0
CL102236,Individual,Female,United States,North America - West,2001-07-26,Personal use,Yes,Social Media,3.0
CL102237,Corporate,Not Specified,United Kingdom,Europe - West,1990-09-29,Investment,No,Friend/Family,5.0
CL102238,Individual,Male,United Kingdom,Europe - West,1977-01-09,Personal use,Yes,Website,4.0
CL102239,Corporate,Not Specified,France,Europe - West,1981-11-21,Investment,No,Friend/Family,4.0
CL102240,Individual,Male,United Kingdom,Europe - West,1988-01-15,Investment,Yes,Agent Referral,3.0
CL102241,Individual,Female,United States,North America - East,1967-09-18,Investment,Yes,Social Media,4.0
CL102242,Individual,Male,United Kingdom,Europe - West,1979-02-12,Investment,No,Social Media,4.0
CL102243,Individual,Female,Canada,North America - East,2004-05-09,Personal use,Yes,Event,4.0
CL102244,Individual,Male,United Kingdom,Europe - West,1977-11-05,Investment,Yes,Friend/Family,3.0
CL102245,Individual,Female,United States,North America - East,1993-12-13,Investment,No,Friend/Family,5.0
CL102246,Corporate,Not Specified,Canada,North America - East,1991-12-15,Investment,No,Agent Referral,5.0
CL102247,Individual,Male,United Arab Emirates,Middle East,1993-05-06,Investment,No,Website,5.0
CL102248,Individual,Male,United Kingdom,Europe - West,1986-06-08,Investment,No,Social Media,4.0
CL102249,Individual,Male,United Kingdom,Europe - West,1990-12-06,Investment,No,Friend/Family,4.0
CL102250,Individual,Female,France,Europe - West,1985-08-22,Personal use,No,Friend/Family,4.0
CL102251,Individual,Female,India,South Asia,1992-08-26,Personal use,Yes,Social Media,5.0
CL102252,Corporate,Not Specified,United Kingdom,Europe - West,1978-09-13,Investment,No,Agent Referral,4.0
CL102253,Individual,Female,United Arab Emirates,Middle East,1998-03-28,Personal use,Yes,Agent Referral,3.0
CL102254,Individual,Male,Brazil,Latin America,1980-09-07,Personal use,Yes,Website,3.0
CL102255,Individual,Male,France,Europe - West,1984-03-05,Investment,No,Friend/Family,3.0
CL102256,Individual,Female,Australia,Oceania,2003-07-30,Investment,Yes,Event,5.0
CL102257,Corporate,Not Specified,India,South Asia,1988-11-11,Investment,No,Social Media,3.0
CL102258,Individual,Female,United States,North America - West,1987-04-29,Investment,No,Friend/Family,3.0
CL102259,Individual,Male,Germany,Europe - West,1984-08-30,Personal use,No,Friend/Family,4.0
CL102260,Individual,Male,India,South Asia,1977-01-25,Personal use,Yes,Website,5.0
CL102261,Individual,Female,Brazil,Latin America,1982-06-03,Personal use,Yes,Website,4.0
CL102262,Individual,Male,Germany,Europe - West,1973-07-03,Personal use,Yes,Agent Referral,5.0
CL102263,Corporate,Not Specified,United States,North America - East,1988-02-05,Personal use,No,Property Portal,4.0
CL102264,Corporate,Not Specified,United Arab Emirates,Middle East,1982-10-21,Investment,No,Website,4.0
CL102265,Individual,Female,United States,North America - East,1983-10-12,Investment,No,Social Media,5.0
CL102266,Individual,Male,India,South Asia,1980-04-29,Personal use,No,Agent Referral,3.0
CL102267,Individual,Male,France,Europe - West,1980-11-29,Personal use,Yes,Friend/Family,2.0
CL102268,Individual,Female,India,South Asia,1972-07-22,Investment,Yes,Agent Referral,5.0
CL102269,Individual,Male,Singapore,Southeast Asia,1977-12-01,Investment,No,Event,4.0
CL102270,Individual,Male,United Arab Emirates,Middle East,1989-10-24,Investment,Yes,Agent Referral,5.0
CL102271,Individual,Male,United Arab Emirates,Middle East,1993-03-27,Personal use,Yes,Property Portal,3.0
CL102272,Individual,Female,India,South Asia,1986-03-27,Investment,No,Social Media,5.0
CL102273,Individual,Female,Singapore,Southeast Asia,1994-03-10,Investment,No,Agent Referral,5.0
CL102274,Individual,Male,Singapore,Southeast Asia,1997-09-04,Investment,Yes,Friend/Family,4.0
CL102275,Individual,Male,United States,North America - West,2003-11-20,Personal use,Yes,Social Media,4.0
CL102276,Individual,Female,United Arab Emirates,Middle East,2003-01-03,Personal use,No,Website,4.0
CL102277,Individual,Female,United States,North America - East,1963-11-26,Personal use,Yes,Friend/Family,3.0
CL102278,Corporate,Not Specified,Singapore,Southeast Asia,1970-08-26,Personal use,No,Social Media,4.0
CL102279,Individual,Male,United Arab Emirates,Middle East,1964-12-20,Investment,No,Social Media,4.0
CL102280,Individual,Female,Germany,Europe - West,1981-05-25,Personal use,Yes,Friend/Family,3.0
CL102281,Individual,Female,United States,North America - East,1985-12-09,Personal use,No,Friend/Family,3.0
CL102282,Individual,Female,United Kingdom,Europe - West,2001-10-02,Personal use,Yes,Agent Referral,4.0
CL102283,Individual,Male,India,South Asia,1984-11-16,Personal use,No,Agent Referral,5.0
CL102284,Individual,Female,United States,North America - West,1964-11-08,Personal use,No,Agent Referral,5.0
CL102285,Individual,Male,United States,North America - East,1968-08-27,Investment,No,Social Media,4.0
CL102286,Individual,Male,Australia,Oceania,1982-06-07,Investment,No,Agent Referral,5.0
CL102287,Individual,Male,India,South Asia,1998-06-16,Personal use,Yes,Website,4.0
CL102288,Individual,Female,United States,North America - East,1996-03-27,Personal use,No,Property Portal,4.0
CL102289,Individual,Male,United Kingdom,Europe - West,1994-10-10,Personal use,Yes,Agent Referral,2.0
CL102290,Individual,Female,Brazil,Latin America,1971-01-30,Investment,Yes,Website,5.0
CL102291,Individual,Male,India,South Asia,1968-03-23,Personal use,No,Property Portal,3.0
CL102292,Individual,Male,United Arab Emirates,Middle East,1982-12-15,Personal use,Yes,Friend/Family,3.0
CL102293,Individual,Male,United Kingdom,Europe - West,1989-07-30,Personal use,No,Friend/Family,3.0
CL102294,Individual,Female,United Kingdom,Europe - West,1968-02-09,Personal use,Yes,Agent Referral,5.0
CL102295,Individual,Male,United States,North America - East,1996-03-31,Personal use,Yes,Social Media,4.0
CL102296,Individual,Male,India,South Asia,1985-07-21,Investment,No,Property Portal,3.0
CL102297,Individual,Male,United States,North America - East,1980-02-12,Personal use,No,Agent Referral,4.0
CL102298,Individual,Male,United States,North America - East,1994-11-29,Personal use,Yes,Website,4.0
CL102299,Individual,Female,India,South Asia,1991-12-04,Personal use,Yes,Website,4.0
CL102300,Individual,Male,Australia,Oceania,1992-11-28,Personal use,No,Property Portal,4.0
CL102301,Individual,Male,India,South Asia,1969-12-15,Investment,No,Agent Referral,3.0
CL102302,Corporate,Not Specified,Germany,Europe - West,1961-04-21,Investment,Yes,Social Media,4.0
CL102303,Corporate,Not Specified,France,Europe - West,1987-09-16,Investment,No,Social Media,3.0
CL102304,Individual,Male,Germany,Europe - West,1987-10-16,Investment,No,Event,5.0
CL102305,Individual,Male,United Kingdom,Europe - West,1992-04-19,Personal use,Yes,Agent Referral,4.0
CL102306,Individual,Male,France,Europe - West,1985-02-15,Investment,Yes,Social Media,3.0
CL102307,Individual,Female,Germany,Europe - West,1992-09-24,Investment,No,Event,4.0
CL102308,Individual,Male,United Arab Emirates,Middle East,1986-11-13,Personal use,Yes,Agent Referral,4.0
CL102309,Individual,Male,Australia,Oceania,1980-11-14,Investment,No,Social Media,4.0
CL102310,Individual,Female,Brazil,Latin America,1989-10-29,Personal use,Yes,Website,4.0
CL102311,Corporate,Not Specified,United States,North America - West,1964-08-06,Personal use,No,Agent Referral,5.0
CL102312,Individual,Female,United Kingdom,Europe - West,1987-11-30,Personal use,Yes,Website,5.0
CL102313,Individual,Other,United States,North America - East,1989-02-16,Investment,No,Agent Referral,5.0
CL102314,Individual,Male,United Kingdom,Europe - West,1990-08-10,Investment,Yes,Agent Referral,4.0
CL102315,Individual,Male,United Kingdom,Europe - West,1977-03-11,Personal use,No,Property Portal,3.0
CL102316,Individual,Male,United States,North America - East,2004-04-08,Investment,No,,4.0
CL102317,Corporate,Not Specified,India,South Asia,1971-02-21,Personal use,Yes,Agent Referral,4.0
CL102318,Corporate,Not Specified,France,Europe - West,1968-09-07,Personal use,No,Friend/Family,4.0
CL102319,Individual,Female,Australia,Oceania,1979-03-14,Investment,No,Event,1.0
CL102320,Individual,Male,United States,North America - East,1978-01-31,Personal use,Yes,Agent Referral,4.0
CL102321,Individual,Male,United States,North America - East,1993-01-13,Personal use,No,Website,3.0
CL102322,Individual,Male,Germany,Europe - West,1995-12-25,Personal use,Yes,Website,4.0
CL102323,Individual,Other,United States,North America - West,1997-02-14,Investment,No,Property Portal,5.0
CL102324,Individual,Female,Canada,North America - East,1988-01-20,Personal use,No,Property Portal,4.0
CL102325,Individual,Male,Brazil,Latin America,1978-09-03,Investment,Yes,Social Media,4.0
CL102326,Individual,Female,United States,North America - East,1991-12-15,Personal use,Yes,Website,4.0
CL102327,Individual,Male,United States,North America - East,1979-05-25,Personal use,Yes,Social Media,4.0
CL102328,Corporate,Not Specified,United Arab Emirates,Middle East,1968-03-22,Investment,No,Friend/Family,4.0
CL102329,Individual,Female,France,Europe - West,1990-03-17,Personal use,Yes,Agent Referral,3.0
CL102330,Corporate,Not Specified,United Arab Emirates,Middle East,1965-10-17,Investment,No,Website,3.0
CL102331,Individual,Male,United Kingdom,Europe - West,1987-06-07,Personal use,Yes,Agent Referral,5.0
CL102332,Corporate,Not Specified,Singapore,Southeast Asia,1978-05-18,Investment,No,Friend/Family,4.0
CL102333,Individual,Other,United States,North America - East,1992-12-28,Personal use,Yes,Event,4.0
CL102334,Individual,Male,Germany,Europe - West,2004-02-10,Investment,No,Website,4.0
CL102335,Individual,Male,India,South Asia,1997-06-06,Personal use,Yes,Property Portal,4.0
CL102336,Corporate,Not Specified,Singapore,Southeast Asia,1964-06-05,Investment,No,Social Media,3.0
CL102337,Individual,Female,United Kingdom,Europe - West,1991-12-04,Personal use,Yes,Friend/Family,4.0
CL102338,Individual,Female,United Arab Emirates,Middle East,1990-12-01,Personal use,Yes,Property Portal,4.0
CL102339,Individual,Female,United States,North America - East,2004-08-06,Personal use,No,Social Media,5.0
CL102340,Individual,Female,United States,North America - East,2003-05-07,Personal use,Yes,Website,5.0
CL102341,Corporate,Not Specified,United States,North America - West,1968-01-01,Investment,No,Agent Referral,5.0
CL102342,Individual,Female,India,South Asia,1979-08-23,Investment,Yes,Property Portal,3.0
CL102343,Individual,Female,United Kingdom,Europe - West,2000-07-25,Personal use,Yes,Social Media,3.0
CL102344,Individual,Female,India,South Asia,1992-08-05,Personal use,No,Agent Referral,3.0
CL102345,Individual,Male,United States,North America - West,1986-03-25,Personal use,Yes,Social Media,3.0
CL102346,Individual,Male,Singapore,Southeast Asia,1999-04-19,Investment,No,Agent Referral,2.0
CL102347,Individual,Female,Singapore,Southeast Asia,2004-06-04,Investment,Yes,Agent Referral,3.0
CL102348,Individual,Male,United States,North America - East,1987-08-15,Investment,No,Property Portal,4.0
CL102349,Individual,Male,United States,North America - West,1979-02-15,Investment,No,Agent Referral,4.0
CL102350,Corporate,Not Specified,United States,North America - East,1978-12-15,Investment,Yes,Agent Referral,4.0
CL102351,Individual,Male,Singapore,Southeast Asia,1976-07-20,Investment,Yes,Agent Referral,3.0
CL102352,Individual,Male,Canada,North America - East,2003-01-29,Personal use,No,Property Portal,
CL102353,Individual,Male,France,Europe - West,1984-12-17,Personal use,Yes,Website,4.0
CL102354,Corporate,Not Specified,Germany,Europe - West,1971-03-18,Investment,No,Website,4.0
CL102355,Individual,Female,India,South Asia,1986-03-08,Personal use,No,Agent Referral,2.0
CL102356,Individual,Male,France,Europe - West,1988-08-03,Investment,No,Website,4.0
CL102357,Individual,Male,France,Europe - West,1992-10-17,Personal use,No,Website,4.0
CL102358,Corporate,Not Specified,Brazil,Latin America,1986-10-19,Investment,No,Website,4.0
CL102359,Corporate,Not Specified,United States,North America - East,1975-01-20,Investment,No,Website,4.0
CL102360,Individual,Male,Singapore,Southeast Asia,1981-11-09,Investment,No,Friend/Family,4.0
CL102361,Corporate,Not Specified,United States,North America - West,1962-03-02,Investment,No,Website,4.0
CL102362,Individual,Female,Germany,Europe - West,1980-02-06,Investment,No,Agent Referral,5.0
CL102363,Individual,Male,Australia,Oceania,1989-12-04,Investment,No,Friend/Family,3.0
CL102364,Individual,Male,United Arab Emirates,Middle East,1990-09-19,Personal use,Yes,Website,3.0
CL102365,Individual,Male,India,South Asia,1994-07-13,Investment,No,Agent Referral,5.0
CL102366,Individual,Male,Canada,North America - East,1980-07-22,Personal use,Yes,Event,4.0
CL102367,Corporate,Not Specified,Germany,Europe - West,1996-02-13,Investment,No,Social Media,4.0
CL102368,Corporate,Not Specified,United Kingdom,Europe - West,1970-07-11,Investment,No,Friend/Family,4.0
CL102369,Individual,Male,France,Europe - West,1973-05-17,Investment,Yes,Social Media,3.0
CL102370,Individual,Male,Germany,Europe - West,1987-04-06,Investment,Yes,Event,4.0
CL102371,Individual,Female,United Kingdom,Europe - West,1987-01-05,Personal use,No,Website,4.0
CL102372,Individual,Male,United Kingdom,Europe - West,1978-03-31,Investment,No,Website,4.0
CL102373,Corporate,Not Specified,Canada,North America - East,1981-09-26,Personal use,No,Property Portal,5.0
CL102374,Individual,Female,United Kingdom,Europe - West,1991-01-25,Investment,No,Website,3.0
CL102375,Individual,Male,United States,North America - West,1982-05-01,Investment,No,Social Media,5.0
CL102376,Individual,Male,Singapore,Southeast Asia,2002-08-19,Investment,No,Website,3.0
CL102377,Corporate,Not Specified,United Arab Emirates,Middle East,1973-02-11,Investment,Yes,,4.0
CL102378,Corporate,Not Specified,United States,North America - East,1993-06-25,Investment,No,Friend/Family,3.0
CL102379,Individual,Female,India,South Asia,1976-04-20,Personal use,Yes,Social Media,4.0
CL102380,Individual,Male,Singapore,Southeast Asia,1978-10-17,Investment,Yes,Social Media,4.0
CL102381,Individual,Female,Canada,North America - East,1981-07-10,Investment,No,Website,4.0
CL102382,Individual,Male,United States,North America - West,2002-11-10,Personal use,Yes,Agent Referral,5.0
CL102383,Individual,Female,United States,North America - East,1987-04-17,Personal use,Yes,Friend/Family,3.0
CL102384,Corporate,Not Specified,United States,North America - West,1962-11-03,Personal use,No,Website,2.0
CL102385,Corporate,Not Specified,India,South Asia,1993-11-25,Investment,No,Social Media,4.0
CL102386,Corporate,Not Specified,Brazil,Latin America,1966-12-09,Investment,No,Social Media,4.0
CL102387,Individual,Other,United States,North America - West,2002-07-16,Investment,Yes,Agent Referral,4.0
CL102388,Individual,Male,India,South Asia,1971-12-23,Personal use,No,Agent Referral,4.0
CL102389,Corporate,Not Specified,United States,North America - West,1971-05-26,Investment,No,Property Portal,4.0
CL102390,Individual,Male,United Arab Emirates,Middle East,1988-11-04,Personal use,No,Agent Referral,4.0
CL102391,Individual,Male,India,South Asia,1994-10-05,Investment,Yes,Website,4.0
CL102392,Corporate,Not Specified,United Kingdom,Europe - West,1962-02-28,Personal use,Yes,Event,5.0
CL102393,Individual,Male,United States,North America - West,1982-11-05,Personal use,Yes,Website,5.0
CL102394,Corporate,Not Specified,United Arab Emirates,Middle East,1990-03-22,Investment,No,Property Portal,5.0
CL102395,Individual,Female,Brazil,Latin America,1968-09-25,Personal use,Yes,Website,4.0
CL102396,Corporate,Not Specified,Canada,North America - East,1988-11-17,Investment,No,Agent Referral,4.0
CL102397,Individual,Female,United States,North America - West,1985-03-24,Personal use,Yes,Social Media,3.0
CL102398,Individual,Male,United States,North America - West,2001-09-13,Personal use,No,Website,4.0
CL102399,Corporate,Not Specified,United Arab Emirates,Middle East,1978-09-12,Investment,No,Friend/Family,5.0
CL102400,Individual,Female,United Arab Emirates,Middle East,1984-01-14,Investment,No,Agent Referral,4.0
CL102401,Individual,Male,India,South Asia,1989-10-30,Investment,No,Social Media,4.0
CL102402,Individual,Female,India,South Asia,1991-01-21,Investment,No,Property Portal,3.0
CL102403,Corporate,Not Specified,Australia,Oceania,1963-05-01,Investment,No,Social Media,5.0
CL102404,Corporate,Not Specified,Singapore,Southeast Asia,1988-06-12,Investment,Yes,Social Media,3.0
CL102405,Individual,Female,Canada,North America - East,1984-05-04,Investment,No,Agent Referral,5.0
CL102406,Individual,Male,United Arab Emirates,Middle East,1973-06-11,Personal use,Yes,Website,3.0
CL102407,Individual,Female,United Kingdom,Europe - West,1979-06-28,Personal use,Yes,Property Portal,3.0
CL102408,Corporate,Not Specified,United Kingdom,Europe - West,1963-08-24,Personal use,Yes,Social Media,5.0
CL102409,Corporate,Not Specified,Australia,Oceania,1969-03-14,Investment,No,Friend/Family,3.0
CL102410,Corporate,Not Specified,India,South Asia,1972-07-19,Investment,No,Agent Referral,3.0
CL102411,Individual,Female,Brazil,Latin America,1988-08-11,Personal use,Yes,Agent Referral,3.0
CL102412,Individual,Male,Germany,Europe - West,1979-06-27,Investment,No,Website,5.0
CL102413,Individual,Female,France,Europe - West,1976-12-18,Personal use,Yes,Website,4.0
CL102414,Individual,Female,France,Europe - West,1984-03-08,Investment,Yes,Agent Referral,3.0
CL102415,Individual,Male,United States,North America - West,1976-04-09,Personal use,Yes,Agent Referral,3.0
CL102416,Individual,Male,Canada,North America - East,1992-02-28,Investment,No,Website,4.0
CL102417,Individual,Male,France,Europe - West,1976-03-13,Personal use,Yes,Social Media,5.0
CL102418,Individual,Male,United States,North America - East,1974-04-08,Personal use,Yes,Social Media,4.0
CL102419,Individual,Male,Australia,Oceania,1977-12-03,Investment,No,Agent Referral,5.0
CL102420,Individual,Male,United States,North America - East,1984-01-11,Personal use,Yes,Property Portal,4.0
CL102421,Individual,Female,United States,North America - East,1978-07-30,Personal use,No,Social Media,5.0
CL102422,Corporate,Not Specified,India,South Asia,1971-12-13,Investment,No,Website,3.0
CL102423,Individual,Male,United States,North America - West,1983-08-02,Investment,No,Friend/Family,3.0
CL102424,Corporate,Not Specified,Australia,Oceania,1989-09-04,Investment,Yes,Social Media,3.0
CL102425,Individual,Male,India,South Asia,2000-04-29,Personal use,Yes,Social Media,4.0
CL102426,Individual,Male,United States,North America - East,1980-05-14,Personal use,Yes,Property Portal,3.0
CL102427,Individual,Female,India,South Asia,1998-12-18,Personal use,Yes,Website,4.0
CL102428,Individual,Other,United Arab Emirates,Middle East,1990-01-22,Investment,No,Social Media,4.0
CL102429,Individual,Female,India,South Asia,1985-09-12,Personal use,Yes,Agent Referral,4.0
CL102430,Individual,Male,Singapore,Southeast Asia,1994-04-02,Investment,No,Website,4.0
CL102431,Corporate,Not Specified,India,South Asia,1968-12-21,Investment,No,Agent Referral,5.0
CL102432,Corporate,Not Specified,United Arab Emirates,Middle East,1976-01-12,Investment,No,Agent Referral,3.0
CL102433,Individual,Female,United Kingdom,Europe - West,1995-04-02,Personal use,Yes,Website,3.0
CL102434,Individual,Female,India,South Asia,1979-02-23,Personal use,No,Social Media,3.0
CL102435,Individual,Female,Brazil,Latin America,1994-03-10,Investment,No,Agent Referral,4.0
CL102436,Individual,Male,United Arab Emirates,Middle East,1960-07-17,Investment,No,Agent Referral,4.0
CL102437,Individual,Male,United Arab Emirates,Middle East,1987-03-11,Personal use,Yes,Website,4.0
CL102438,Individual,Female,Germany,Europe - West,1998-01-27,Investment,No,Agent Referral,4.0
CL102439,Individual,Female,India,South Asia,1996-09-10,Personal use,Yes,Social Media,3.0
CL102440,Individual,Male,Brazil,Latin America,1973-01-26,Personal use,Yes,Social Media,3.0
CL102441,Corporate,Not Specified,United States,North America - East,1966-07-09,Investment,No,Friend/Family,5.0
CL102442,Corporate,Not Specified,United States,North America - West,1980-10-02,Investment,Yes,Event,2.0
CL102443,Individual,Female,France,Europe - West,1976-01-04,Personal use,Yes,Website,3.0
CL102444,Corporate,Not Specified,France,Europe - West,1962-05-20,Personal use,No,Agent Referral,4.0
CL102445,Individual,Female,United Arab Emirates,Middle East,1978-05-08,Investment,Yes,Property Portal,3.0
CL102446,Individual,Male,United States,North America - East,1975-02-21,Personal use,Yes,Social Media,4.0
CL102447,Corporate,Not Specified,Germany,Europe - West,1967-03-18,Personal use,Yes,Event,4.0
CL102448,Corporate,Not Specified,United Arab Emirates,Middle East,1971-02-23,Investment,No,Friend/Family,4.0
CL102449,Corporate,Not Specified,United Arab Emirates,Middle East,1989-10-23,Investment,No,Friend/Family,4.0
CL102450,Individual,Female,United Arab Emirates,Middle East,1994-02-06,Investment,Yes,Website,4.0
CL102451,Corporate,Not Specified,India,South Asia,1974-09-20,Investment,No,Agent Referral,3.0
CL102452,Individual,Female,United Arab Emirates,Middle East,1961-07-20,Personal use,No,Social Media,4.0
CL102453,Individual,Male,India,South Asia,1966-04-27,Personal use,Yes,Social Media,2.0
CL102454,Individual,Female,United Arab Emirates,Middle East,1971-04-18,Personal use,Yes,Friend/Family,3.0
CL102455,Individual,Female,France,Europe - West,1994-05-23,Investment,No,Event,4.0
CL102456,Individual,Female,United Arab Emirates,Middle East,1993-07-26,Personal use,Yes,Agent Referral,5.0
CL102457,Individual,Male,United States,North America - West,1995-08-24,Investment,No,Agent Referral,5.0
CL102458,Corporate,Not Specified,Canada,North America - East,1963-08-18,Investment,No,Property Portal,4.0
CL102459,Individual,Male,France,Europe - West,1968-10-25,Investment,No,Property Portal,3.0
CL102460,Individual,Male,Singapore,Southeast Asia,1988-05-11,Personal use,No,Property Portal,4.0
CL102461,Individual,Male,India,South Asia,1986-10-18,Investment,No,Social Media,5.0
CL102462,Individual,Male,United States,North America - West,1977-06-05,Personal use,Yes,Event,5.0
CL102463,Individual,Male,United Arab Emirates,Middle East,2004-06-07,Personal use,Yes,Agent Referral,3.0
CL102464,Individual,Male,Canada,North America - East,1985-04-08,Investment,Yes,Website,3.0
CL102465,Individual,Female,India,South Asia,1997-10-20,Personal use,No,Website,5.0
CL102466,Individual,Female,Singapore,Southeast Asia,1989-03-11,Investment,Yes,,5.0
CL102467,Individual,Male,United Arab Emirates,Middle East,1992-09-19,Investment,No,Property Portal,4.0
CL102468,Corporate,Not Specified,United Arab Emirates,Middle East,1982-06-27,Investment,No,Social Media,4.0
CL102469,Individual,Female,United Kingdom,Europe - West,1982-10-11,Personal use,Yes,Social Media,4.0
CL102470,Individual,Female,Germany,Europe - West,1983-08-09,Personal use,Yes,Agent Referral,5.0
CL102471,Individual,Female,Singapore,Southeast Asia,1987-12-02,Personal use,Yes,Friend/Family,3.0
CL102472,Individual,Other,India,South Asia,1980-10-31,Investment,No,Website,5.0
CL102473,Individual,Female,France,Europe - West,1995-07-15,Investment,No,Social Media,5.0
CL102474,Individual,Female,United Kingdom,Europe - West,1978-03-15,Investment,Yes,Website,3.0
CL102475,Individual,Female,United States,North America - East,1988-02-27,Personal use,Yes,Social Media,4.0
CL102476,Corporate,Not Specified,United States,North America - East,1981-12-19,Investment,No,Agent Referral,5.0
CL102477,Individual,Female,United States,North America - East,1993-12-14,Investment,No,Social Media,5.0
CL102478,Individual,Female,United Kingdom,Europe - West,1988-09-11,Personal use,Yes,Social Media,5.0
CL102479,Individual,Female,Australia,Oceania,1965-06-14,Personal use,Yes,Event,4.0
CL102480,Individual,Female,France,Europe - West,1985-10-25,Investment,No,Property Portal,4.0
CL102481,Individual,Male,Canada,North America - East,1998-05-24,Personal use,Yes,Agent Referral,2.0
CL102482,Corporate,Not Specified,United States,North America - East,1988-07-05,Investment,Yes,Website,4.0
CL102483,Individual,Female,United Kingdom,Europe - West,1991-02-15,Personal use,Yes,Website,4.0
CL102484,Individual,Female,Singapore,Southeast Asia,1982-07-25,Investment,No,Website,5.0
CL102485,Individual,Female,United Kingdom,Europe - West,1992-08-09,Personal use,Yes,Agent Referral,3.0
CL102486,Individual,Female,India,South Asia,1970-12-20,Investment,No,Property Portal,5.0
CL102487,Individual,Female,Singapore,Southeast Asia,1992-08-19,Personal use,Yes,Property Portal,4.0
CL102488,Individual,Female,United States,North America - East,1969-11-16,Investment,Yes,Agent Referral,3.0
CL102489,Individual,Male,United Arab Emirates,Middle East,1997-07-01,Personal use,No,Friend/Family,5.0
CL102490,Corporate,Not Specified,Brazil,Latin America,1990-08-25,Investment,No,Property Portal,4.0
CL102491,Individual,Male,Germany,Europe - West,1970-01-10,Personal use,Yes,Agent Referral,3.0
CL102492,Individual,Female,United States,North America - East,1984-07-31,Personal use,Yes,Property Portal,4.0
CL102493,Individual,Male,Australia,Oceania,1961-05-29,Personal use,Yes,Event,3.0
CL102494,Individual,Female,Australia,Oceania,1988-05-27,Personal use,No,Event,3.0
CL102495,Individual,Male,France,Europe - West,1983-04-02,Investment,No,Friend/Family,4.0
CL102496,Individual,Male,United Arab Emirates,Middle East,1965-04-19,Personal use,No,Agent Referral,4.0
CL102497,Corporate,Not Specified,United States,North America - East,1962-07-30,Investment,No,Agent Referral,5.0
CL102498,Individual,Female,Singapore,Southeast Asia,2004-07-05,Investment,Yes,Event,4.0
CL102499,Individual,Male,France,Europe - West,1994-07-23,Personal use,No,Agent Referral,5.0
CL102500,Individual,Female,United States,North America - East,1977-09-15,Investment,Yes,Agent Referral,4.0
CL102501,Individual,Male,India,South Asia,2003-02-04,Personal use,Yes,Agent Referral,5.0
CL102502,Individual,Male,Brazil,Latin America,1979-04-17,Investment,No,Social Media,3.0
CL102503,Individual,Male,Singapore,Southeast Asia,1980-08-26,Investment,No,Website,4.0
CL102504,Individual,Female,Canada,North America - East,1963-06-11,Personal use,Yes,Property Portal,3.0
CL102505,Individual,Female,United States,North America - West,1974-02-05,Personal use,Yes,Social Media,4.0
CL102506,Corporate,Not Specified,Australia,Oceania,1980-06-22,Investment,No,Agent Referral,4.0
CL102507,Corporate,Not Specified,Australia,Oceania,1974-05-13,Personal use,No,Agent Referral,4.0
CL102508,Individual,Female,France,Europe - West,1980-01-07,Investment,No,Social Media,4.0
CL102509,Individual,Female,United Arab Emirates,Middle East,1991-01-30,Investment,No,Property Portal,5.0
CL102510,Corporate,Not Specified,Germany,Europe - West,1983-01-22,Personal use,No,Property Portal,3.0
CL102511,Corporate,Not Specified,Germany,Europe - West,1968-05-21,Investment,No,Property Portal,4.0
CL102512,Corporate,Not Specified,United States,North America - West,1994-04-08,Personal use,Yes,Agent Referral,5.0
CL102513,Individual,Male,United States,North America - East,1983-11-30,Investment,No,Property Portal,4.0
CL102514,Individual,Female,Canada,North America - East,2003-11-15,Personal use,No,Social Media,5.0
CL102515,Individual,Female,Singapore,Southeast Asia,1988-09-12,Investment,No,Friend/Family,5.0
CL102516,Corporate,Not Specified,United States,North America - West,1985-12-02,Personal use,No,Friend/Family,4.0
CL102517,Individual,Female,Canada,North America - East,1978-11-13,Investment,No,Agent Referral,4.0
CL102518,Individual,Female,France,Europe - West,1967-10-29,Personal use,Yes,Social Media,4.0
CL102519,Individual,Male,United States,North America - East,1983-06-28,Investment,Yes,Friend/Family,4.0
CL102520,Individual,Male,United States,North America - East,1996-04-01,Personal use,No,Agent Referral,4.0
CL102521,Individual,Male,United Arab Emirates,Middle East,2004-09-13,Investment,No,Friend/Family,3.0
CL102522,Individual,Male,United Kingdom,Europe - West,1978-08-26,Personal use,Yes,Agent Referral,3.0
CL102523,Individual,Female,United Arab Emirates,Middle East,1995-03-10,Personal use,No,Social Media,4.0
CL102524,Individual,Female,Australia,Oceania,1976-07-22,Investment,No,Property Portal,3.0
CL102525,Individual,Male,United States,North America - East,1970-07-18,Investment,No,Website,4.0
CL102526,Individual,Male,Australia,Oceania,2002-06-13,Investment,No,Agent Referral,2.0
CL102527,Corporate,Not Specified,Australia,Oceania,1965-04-24,Investment,No,Social Media,5.0
CL102528,Individual,Male,Singapore,Southeast Asia,1971-08-13,Personal use,Yes,,5.0
CL102529,Individual,Male,United Arab Emirates,Middle East,1973-12-18,Investment,No,Agent Referral,4.0
CL102530,Individual,Female,United Arab Emirates,Middle East,2004-01-29,Personal use,No,Friend/Family,5.0
CL102531,Individual,Female,United Arab Emirates,Middle East,1994-12-17,Investment,Yes,Website,5.0
CL102532,Individual,Female,India,South Asia,1999-10-27,Personal use,Yes,Social Media,4.0
CL102533,Individual,Male,United States,North America - East,1980-02-28,Personal use,No,Website,4.0
CL102534,Individual,Female,Brazil,Latin America,1981-05-25,Personal use,No,Website,4.0
CL102535,Individual,Male,United Arab Emirates,Middle East,2003-10-08,Investment,No,Agent Referral,5.0
CL102536,Individual,Male,India,South Asia,1989-03-10,Investment,Yes,Event,3.0
CL102537,Individual,Female,United Kingdom,Europe - West,1977-04-19,Personal use,Yes,Social Media,4.0
CL102538,Individual,Female,United States,North America - East,1984-05-05,Investment,No,Agent Referral,5.0
CL102539,Individual,Male,France,Europe - West,1984-09-19,Personal use,Yes,Agent Referral,4.0
CL102540,Individual,Male,France,Europe - West,1989-10-19,Personal use,Yes,Social Media,4.0
CL102541,Individual,Female,Germany,Europe - West,1996-12-05,Personal use,Yes,Social Media,3.0
CL102542,Individual,Female,United Kingdom,Europe - West,1986-01-21,Personal use,No,Agent Referral,4.0
CL102543,Corporate,Not Specified,Canada,North America - East,1989-07-14,Investment,No,Website,3.0
CL102544,Corporate,Not Specified,France,Europe - West,1966-11-04,Personal use,Yes,Social Media,3.0
CL102545,Individual,Male,United Kingdom,Europe - West,1978-08-02,Investment,No,Friend/Family,5.0
CL102546,Individual,Male,Brazil,Latin America,1985-07-07,Personal use,Yes,Property Portal,3.0
CL102547,Individual,Male,United States,North America - East,1973-09-11,Investment,No,Social Media,4.0
CL102548,Individual,Female,United Kingdom,Europe - West,1990-06-19,Personal use,Yes,Friend/Family,3.0
CL102549,Corporate,Not Specified,United Kingdom,Europe - West,1991-06-05,Personal use,No,Social Media,2.0
CL102550,Individual,Male,France,Europe - West,1979-12-19,Personal use,Yes,Social Media,4.0
CL102551,Corporate,Not Specified,France,Europe - West,1975-06-09,Investment,No,Friend/Family,3.0
CL102552,Individual,Female,United Arab Emirates,Middle East,1979-10-22,Investment,Yes,Agent Referral,4.0
CL102553,Individual,Female,Brazil,Latin America,1999-06-12,Personal use,No,Property Portal,5.0
CL102554,Corporate,Not Specified,United Kingdom,Europe - West,1988-03-25,Investment,No,Agent Referral,4.0
CL102555,Individual,Male,India,South Asia,1978-03-03,Investment,No,Social Media,4.0
CL102556,Individual,Male,United States,North America - East,1988-12-04,Personal use,Yes,Social Media,3.0
CL102557,Individual,Male,Canada,North America - East,1995-12-31,Personal use,No,Property Portal,4.0
CL102558,Corporate,Not Specified,Germany,Europe - West,1978-11-23,Personal use,No,Website,4.0
CL102559,Individual,Male,United States,North America - East,1997-10-23,Personal use,Yes,Property Portal,2.0
CL102560,Individual,Male,United Arab Emirates,Middle East,1961-08-28,Personal use,Yes,Website,4.0
CL102561,Corporate,Not Specified,India,South Asia,1969-09-03,Personal use,No,Website,5.0
CL102562,Individual,Female,India,South Asia,1967-04-28,Investment,No,Property Portal,5.0
CL102563,Individual,Female,France,Europe - West,1988-08-09,Personal use,No,Agent Referral,5.0
CL102564,Corporate,Not Specified,United Arab Emirates,Middle East,1971-04-10,Investment,No,Social Media,5.0
CL102565,Individual,Female,United Kingdom,Europe - West,1994-02-28,Personal use,No,Social Media,4.0
CL102566,Corporate,Not Specified,United States,North America - West,1975-06-28,Investment,No,Property Portal,5.0
CL102567,Individual,Male,United States,North America - West,1977-08-31,Personal use,Yes,Property Portal,3.0
CL102568,Individual,Female,United Arab Emirates,Middle East,1977-10-18,Investment,No,Agent Referral,3.0
CL102569,Individual,Male,Brazil,Latin America,1973-05-24,Investment,No,Property Portal,4.0
CL102570,Individual,Male,United States,North America - West,1990-11-30,Investment,Yes,Agent Referral,5.0
CL102571,Corporate,Not Specified,United Arab Emirates,Middle East,1979-02-20,Investment,No,Social Media,3.0
CL102572,Individual,Male,India,South Asia,1972-02-08,Personal use,Yes,Friend/Family,4.0
CL102573,Individual,Female,Singapore,Southeast Asia,1992-12-21,Investment,Yes,Friend/Family,4.0
CL102574,Individual,Male,France,Europe - West,1979-07-01,Investment,No,Friend/Family,4.0
CL102575,Individual,Male,United Arab Emirates,Middle East,1988-07-15,Personal use,Yes,Property Portal,3.0
CL102576,Individual,Male,India,South Asia,1982-10-06,Investment,No,Social Media,4.0
CL102577,Corporate,Not Specified,Singapore,Southeast Asia,1994-01-31,Investment,No,Property Portal,
CL102578,Individual,Male,United States,North America - West,1994-06-17,Investment,No,Website,5.0
CL102579,Corporate,Not Specified,Australia,Oceania,1966-02-15,Investment,No,Agent Referral,5.0
CL102580,Individual,Female,United States,North America - West,1984-05-13,Personal use,No,Property Portal,4.0
CL102581,Individual,Male,Singapore,Southeast Asia,1986-11-24,Personal use,No,Agent Referral,5.0
CL102582,Individual,Female,United States,North America - East,1968-04-05,Investment,Yes,Agent Referral,4.0
CL102583,Individual,Male,United States,North America - East,1974-06-14,Investment,Yes,Property Portal,2.0
CL102584,Individual,Male,United States,North America - East,1982-01-26,Personal use,No,Social Media,4.0
CL102585,Individual,Male,Germany,Europe - West,1994-01-01,Personal use,No,Website,5.0
CL102586,Individual,Male,United Kingdom,Europe - West,1995-05-18,Personal use,No,Website,3.0
CL102587,Corporate,Not Specified,United States,North America - East,1961-01-08,Personal use,No,Agent Referral,4.0
CL102588,Corporate,Not Specified,Germany,Europe - West,1988-07-09,Investment,No,Agent Referral,3.0
CL102589,Corporate,Not Specified,Germany,Europe - West,1974-07-11,Personal use,Yes,Website,3.0
CL102590,Individual,Male,India,South Asia,1981-12-07,Investment,No,Property Portal,3.0
CL102591,Corporate,Not Specified,Australia,Oceania,1974-02-22,Investment,No,Agent Referral,3.0
CL102592,Individual,Male,United Arab Emirates,Middle East,1997-09-18,Investment,No,Property Portal,3.0
CL102593,Individual,Male,United States,North America - West,1994-01-28,Personal use,Yes,Event,5.0
CL102594,Individual,Female,United Kingdom,Europe - West,1992-06-12,Personal use,No,Agent Referral,4.0
CL102595,Individual,Female,Australia,Oceania,1993-06-23,Personal use,No,Event,5.0
CL102596,Individual,Female,United States,North America - East,1971-05-06,Investment,Yes,Website,4.0
CL102597,Individual,Male,Germany,Europe - West,1986-04-22,Investment,No,Friend/Family,3.0
CL102598,Individual,Male,Australia,Oceania,1990-11-11,Personal use,Yes,Event,3.0
CL102599,Individual,Male,Brazil,Latin America,1984-04-27,Personal use,Yes,Property Portal,4.0
CL102600,Corporate,Not Specified,Germany,Europe - West,1964-06-22,Investment,No,Agent Referral,4.0
CL102601,Individual,Male,United Arab Emirates,Middle East,1988-12-24,Personal use,Yes,Agent Referral,4.0
CL102602,Individual,Male,Germany,Europe - West,1976-03-21,Personal use,Yes,Agent Referral,5.0
CL102603,Individual,Male,India,South Asia,1999-09-30,Personal use,Yes,Event,2.0
CL102604,Corporate,Not Specified,United States,North America - West,1976-02-18,Investment,No,Agent Referral,4.0
CL102605,Individual,Female,United States,North America - West,1986-04-04,Investment,Yes,Social Media,3.0
CL102606,Individual,Female,United Arab Emirates,Middle East,1986-03-08,Personal use,Yes,Agent Referral,3.0
CL102607,Individual,Male,Canada,North America - East,1993-07-26,Personal use,Yes,Agent Referral,3.0
CL102608,Individual,Female,United Arab Emirates,Middle East,1999-04-09,Personal use,Yes,Agent Referral,4.0
CL102609,Individual,Male,United Kingdom,Europe - West,2004-02-05,Personal use,No,Agent Referral,4.0
CL102610,Individual,Male,Australia,Oceania,1994-01-27,Investment,No,Social Media,4.0
CL102611,Individual,Male,Singapore,Southeast Asia,1979-01-30,Personal use,No,Agent Referral,5.0
CL102612,Individual,Male,France,Europe - West,1995-10-02,Personal use,No,Agent Referral,4.0
CL102613,Individual,Male,India,South Asia,2003-03-31,Investment,No,Social Media,5.0
CL102614,Individual,Female,Canada,North America - East,1995-04-28,Personal use,No,Agent Referral,4.0
CL102615,Individual,Male,France,Europe - West,1990-03-19,Investment,Yes,Friend/Family,3.0
CL102616,Individual,Male,United States,North America - East,1989-06-04,Personal use,No,Social Media,4.0
CL102617,Individual,Female,Singapore,Southeast Asia,1987-06-11,Investment,No,Social Media,4.0
CL102618,Individual,Female,Singapore,Southeast Asia,1974-01-28,Investment,Yes,Agent Referral,5.0
CL102619,Individual,Male,Australia,Oceania,1972-06-14,Personal use,Yes,Website,5.0
CL102620,Individual,Female,Singapore,Southeast Asia,1963-01-09,Personal use,No,Property Portal,4.0
CL102621,Individual,Male,Brazil,Latin America,2003-01-01,Personal use,Yes,Property Portal,4.0
CL102622,Individual,Male,Canada,North America - East,1994-10-19,Personal use,Yes,Agent Referral,5.0
CL102623,Individual,Female,Australia,Oceania,1978-08-18,Investment,No,Agent Referral,4.0
CL102624,Individual,Female,United Arab Emirates,Middle East,1990-05-23,Personal use,Yes,Agent Referral,4.0
CL102625,Individual,Male,Germany,Europe - West,1975-12-29,Personal use,No,Friend/Family,5.0
CL102626,Individual,Male,United Arab Emirates,Middle East,1983-05-01,Investment,Yes,Website,4.0
CL102627,Individual,Male,United Kingdom,Europe - West,1968-02-11,Personal use,No,Event,4.0
CL102628,Individual,Male,United Kingdom,Europe - West,1974-01-11,Investment,No,Website,5.0
CL102629,Individual,Female,Canada,North America - East,1973-11-18,Investment,No,Event,3.0
CL102630,Corporate,Not Specified,United States,North America - West,1975-07-16,Investment,No,Website,3.0
CL102631,Individual,Female,France,Europe - West,1987-07-01,Personal use,Yes,Agent Referral,3.0
CL102632,Individual,Male,Australia,Oceania,1989-04-14,Personal use,Yes,Agent Referral,4.0
CL102633,Individual,Female,United Arab Emirates,Middle East,2002-03-29,Personal use,Yes,Agent Referral,4.0
CL102634,Corporate,Not Specified,France,Europe - West,1964-11-12,Investment,No,Event,4.0
CL102635,Corporate,Not Specified,Germany,Europe - West,1971-09-23,Personal use,No,Social Media,4.0
CL102636,Individual,Male,Germany,Europe - West,1989-07-05,Investment,No,Website,3.0
CL102637,Individual,Male,United States,North America - East,1970-11-08,Investment,Yes,Event,4.0
CL102638,Individual,Female,Singapore,Southeast Asia,1992-02-20,Investment,Yes,Agent Referral,2.0
CL102639,Individual,Female,United States,North America - East,2004-01-26,Investment,No,Website,3.0
CL102640,Individual,Female,India,South Asia,1974-07-07,Investment,Yes,Website,3.0
CL102641,Individual,Female,India,South Asia,2000-02-15,Personal use,Yes,Social Media,3.0
CL102642,Individual,Female,United Arab Emirates,Middle East,1988-05-21,Personal use,Yes,,4.0
CL102643,Corporate,Not Specified,Singapore,Southeast Asia,1992-01-08,Investment,No,Website,5.0
CL102644,Individual,Female,United Kingdom,Europe - West,1981-09-01,Investment,No,Friend/Family,3.0
CL102645,Individual,Female,Australia,Oceania,1976-06-24,Personal use,Yes,Agent Referral,3.0
CL102646,Individual,Female,India,South Asia,1979-02-12,Investment,No,Agent Referral,3.0
CL102647,Individual,Male,India,South Asia,1979-02-27,Personal use,Yes,Friend/Family,3.0
CL102648,Individual,Other,United Arab Emirates,Middle East,1993-11-29,Personal use,No,Friend/Family,4.0
CL102649,Corporate,Not Specified,Singapore,Southeast Asia,1967-12-20,Investment,Yes,Social Media,4.0
CL102650,Individual,Male,Brazil,Latin America,2002-09-24,Personal use,Yes,Agent Referral,2.0
CL102651,Individual,Female,Germany,Europe - West,1968-09-05,Personal use,Yes,Website,4.0
CL102652,Individual,Male,Singapore,Southeast Asia,2001-05-23,Investment,No,Friend/Family,3.0
CL102653,Corporate,Not Specified,India,South Asia,1973-10-22,Investment,No,Social Media,3.0
CL102654,Corporate,Not Specified,Germany,Europe - West,1977-04-14,Personal use,Yes,Agent Referral,4.0
CL102655,Individual,Male,Australia,Oceania,1993-11-10,Personal use,No,Agent Referral,5.0
CL102656,Individual,Female,United Kingdom,Europe - West,1985-09-12,Investment,No,Friend/Family,4.0
CL102657,Individual,Female,United Arab Emirates,Middle East,1990-10-16,Personal use,Yes,Website,3.0
CL102658,Corporate,Not Specified,United States,North America - East,1992-09-09,Personal use,Yes,Friend/Family,4.0
CL102659,Corporate,Not Specified,Canada,North America - East,1989-12-11,Investment,No,Friend/Family,3.0
CL102660,Corporate,Not Specified,Singapore,Southeast Asia,1972-11-20,Investment,Yes,Agent Referral,4.0
CL102661,Individual,Female,United Kingdom,Europe - West,1987-06-18,Investment,No,Social Media,5.0
CL102662,Individual,Male,United Kingdom,Europe - West,1972-06-19,Personal use,Yes,Social Media,4.0
CL102663,Individual,Male,Canada,North America - East,1976-03-07,Personal use,Yes,Social Media,4.0
CL102664,Individual,Male,France,Europe - West,1998-01-10,Personal use,No,Property Portal,5.0
CL102665,Individual,Male,Singapore,Southeast Asia,1993-08-19,Personal use,Yes,Social Media,3.0
CL102666,Individual,Female,Australia,Oceania,1980-07-10,Personal use,No,Website,5.0
CL102667,Individual,Male,United States,North America - East,1982-01-02,Personal use,Yes,Agent Referral,3.0
CL102668,Corporate,Not Specified,United Arab Emirates,Middle East,1993-12-11,Investment,No,Social Media,2.0
CL102669,Corporate,Not Specified,Germany,Europe - West,1969-08-12,Investment,No,Agent Referral,5.0
CL102670,Corporate,Not Specified,United Arab Emirates,Middle East,1979-11-15,Investment,No,Friend/Family,3.0
CL102671,Individual,Male,Germany,Europe - West,1970-11-25,Personal use,No,Website,4.0
CL102672,Individual,Female,United Kingdom,Europe - West,1979-11-23,Investment,No,Website,3.0
CL102673,Individual,Female,Germany,Europe - West,1998-07-05,Personal use,No,Agent Referral,5.0
CL102674,Individual,Male,United Arab Emirates,Middle East,1991-01-31,Personal use,No,Property Portal,5.0
CL102675,Individual,Other,France,Europe - West,1992-08-04,Investment,No,Friend/Family,5.0
CL102676,Individual,Female,Germany,Europe - West,1984-07-24,Investment,No,Social Media,4.0
CL102677,Individual,Female,Singapore,Southeast Asia,1988-09-07,Investment,No,Agent Referral,5.0
CL102678,Corporate,Not Specified,India,South Asia,1975-04-10,Investment,Yes,Property Portal,4.0
CL102679,Individual,Female,United Kingdom,Europe - West,2001-01-13,Investment,No,Property Portal,5.0
CL102680,Corporate,Not Specified,Singapore,Southeast Asia,1979-07-25,Investment,No,Agent Referral,4.0
CL102681,Corporate,Not Specified,Singapore,Southeast Asia,1981-07-29,Investment,No,Friend/Family,5.0
CL102682,Corporate,Not Specified,United States,North America - West,1972-06-27,Investment,No,Property Portal,4.0
CL102683,Individual,Female,United Arab Emirates,Middle East,1983-07-24,Investment,Yes,Agent Referral,4.0
CL102684,Corporate,Not Specified,United Kingdom,Europe - West,1979-12-05,Investment,No,Agent Referral,4.0
CL102685,Corporate,Not Specified,India,South Asia,1967-08-08,Investment,No,Social Media,4.0
CL102686,Corporate,Not Specified,Canada,North America - East,1978-06-26,Investment,No,Agent Referral,4.0
CL102687,Individual,Female,India,South Asia,1973-06-17,Investment,No,Friend/Family,4.0
CL102688,Individual,Female,Canada,North America - East,1989-07-21,Personal use,Yes,Social Media,3.0
CL102689,Corporate,Not Specified,France,Europe - West,1965-10-30,Investment,No,Agent Referral,5.0
CL102690,Individual,Male,Australia,Oceania,2004-07-14,Personal use,Yes,Agent Referral,5.0
CL102691,Individual,Male,United Kingdom,Europe - West,1974-04-12,Personal use,Yes,Friend/Family,4.0
CL102692,Individual,Female,Singapore,Southeast Asia,1977-03-13,Personal use,Yes,Website,5.0
CL102693,Individual,Male,Brazil,Latin America,1991-06-29,Personal use,Yes,Agent Referral,5.0
CL102694,Individual,Female,Singapore,Southeast Asia,2001-04-10,Personal use,Yes,Website,5.0
CL102695,Corporate,Not Specified,United States,North America - East,1967-08-07,Investment,No,Property Portal,4.0
CL102696,Corporate,Not Specified,Singapore,Southeast Asia,1972-04-13,Investment,No,Website,3.0
CL102697,Corporate,Not Specified,United States,North America - East,1965-10-02,Investment,No,Website,3.0
CL102698,Individual,Female,United Kingdom,Europe - West,1978-04-28,Investment,Yes,Property Portal,3.0
CL102699,Individual,Male,Singapore,Southeast Asia,1985-05-23,Investment,No,Website,3.0
CL102700,Individual,Male,India,South Asia,1975-06-01,Investment,Yes,Friend/Family,2.0
CL102701,Individual,Male,France,Europe - West,1981-08-25,Investment,Yes,Agent Referral,5.0
CL102702,Individual,Male,United Kingdom,Europe - West,1975-10-07,Personal use,No,Property Portal,2.0
CL102703,Individual,Male,Singapore,Southeast Asia,2004-09-19,Personal use,Yes,Website,4.0
CL102704,Corporate,Not Specified,India,South Asia,1975-08-14,Investment,No,Website,5.0
CL102705,Individual,Male,Germany,Europe - West,1990-08-26,Personal use,Yes,Agent Referral,3.0
CL102706,Individual,Male,Australia,Oceania,1973-10-15,Investment,No,Property Portal,4.0
CL102707,Individual,Male,Canada,North America - East,1965-06-14,Personal use,No,Property Portal,4.0
CL102708,Individual,Male,United States,North America - East,1987-04-29,Personal use,No,Agent Referral,5.0
CL102709,Individual,Other,United Arab Emirates,Middle East,1992-01-01,Investment,No,Agent Referral,3.0
CL102710,Individual,Male,Brazil,Latin America,2004-09-10,Investment,No,Website,4.0
CL102711,Individual,Male,Canada,North America - East,1976-09-11,Personal use,Yes,Agent Referral,5.0
CL102712,Individual,Female,Canada,North America - East,1992-07-27,Personal use,Yes,Agent Referral,4.0
CL102713,Corporate,Not Specified,United States,North America - East,1992-01-28,Investment,No,Property Portal,3.0
CL102714,Individual,Female,Singapore,Southeast Asia,1993-10-09,Investment,No,Website,5.0
CL102715,Individual,Female,Canada,North America - East,1962-02-25,Investment,Yes,Property Portal,3.0
CL102716,Individual,Female,France,Europe - West,1976-11-21,Investment,No,Website,4.0
CL102717,Individual,Female,Brazil,Latin America,1996-11-13,Personal use,No,Property Portal,4.0
CL102718,Individual,Other,United States,North America - West,1983-06-26,Investment,No,,4.0
CL102719,Corporate,Not Specified,United Arab Emirates,Middle East,1965-08-02,Investment,No,Website,5.0
CL102720,Corporate,Not Specified,France,Europe - West,1992-08-04,Personal use,No,Property Portal,4.0
CL102721,Individual,Female,Singapore,Southeast Asia,1975-12-21,Investment,Yes,Agent Referral,4.0
CL102722,Individual,Female,United Kingdom,Europe - West,1977-02-03,Investment,No,,4.0
CL102723,Individual,Male,Germany,Europe - West,1978-11-24,Personal use,Yes,Friend/Family,4.0
CL102724,Individual,Female,United States,North America - West,1986-04-01,Personal use,No,Event,4.0
CL102725,Individual,Male,India,South Asia,1997-10-09,Personal use,No,Property Portal,4.0
CL102726,Corporate,Not Specified,India,South Asia,1985-11-11,Investment,No,Agent Referral,4.0
CL102727,Individual,Male,United States,North America - East,1983-12-13,Personal use,No,Agent Referral,4.0
CL102728,Individual,Female,United Kingdom,Europe - West,2003-12-10,Investment,Yes,Friend/Family,3.0
CL102729,Individual,Female,Australia,Oceania,1984-08-19,Personal use,Yes,Agent Referral,2.0
CL102730,Individual,Male,United States,North America - West,1987-01-05,Personal use,Yes,Social Media,5.0
CL102731,Corporate,Not Specified,United Kingdom,Europe - West,1989-10-22,Investment,No,Agent Referral,4.0
CL102732,Individual,Male,United Arab Emirates,Middle East,1989-06-18,Personal use,Yes,Friend/Family,4.0
CL102733,Individual,Female,United Kingdom,Europe - West,1988-12-09,Personal use,Yes,Agent Referral,3.0
CL102734,Individual,Female,Canada,North America - East,1964-06-03,Investment,No,Website,3.0
CL102735,Corporate,Not Specified,Germany,Europe - West,1961-07-24,Investment,No,Event,3.0
CL102736,Individual,Male,United States,North America - East,1974-01-13,Investment,Yes,Property Portal,4.0
CL102737,Individual,Female,France,Europe - West,1987-08-04,Personal use,Yes,Agent Referral,5.0
CL102738,Individual,Female,India,South Asia,2004-04-06,Investment,Yes,Website,4.0
CL102739,Individual,Male,United Arab Emirates,Middle East,1977-10-29,Personal use,Yes,,3.0
CL102740,Corporate,Not Specified,United States,North America - East,1980-08-08,Investment,No,Agent Referral,3.0
CL102741,Individual,Male,Singapore,Southeast Asia,1989-08-07,Personal use,No,Social Media,5.0
CL102742,Individual,Male,United States,North America - West,1996-10-21,Personal use,Yes,Property Portal,3.0
CL102743,Individual,Male,India,South Asia,1984-12-24,Personal use,Yes,Agent Referral,3.0
CL102744,Individual,Male,United Kingdom,Europe - West,1974-04-21,Personal use,Yes,Agent Referral,4.0
CL102745,Individual,Male,India,South Asia,1975-05-12,Personal use,Yes,Website,3.0
CL102746,Corporate,Not Specified,United States,North America - East,1979-10-19,Investment,Yes,Agent Referral,3.0
CL102747,Individual,Male,United States,North America - East,1966-01-17,Investment,Yes,Social Media,2.0
CL102748,Individual,Female,France,Europe - West,2003-11-02,Investment,No,Website,4.0
CL102749,Individual,Female,United States,North America - East,1999-08-28,Personal use,Yes,Event,3.0
CL102750,Individual,Male,Canada,North America - East,2004-03-19,Personal use,No,Friend/Family,4.0
CL102751,Individual,Female,India,South Asia,1979-01-14,Personal use,No,Agent Referral,4.0
CL102752,Individual,Female,Singapore,Southeast Asia,1993-09-18,Personal use,Yes,Social Media,4.0
CL102753,Individual,Male,United States,North America - East,1991-03-30,Personal use,Yes,Agent Referral,3.0
CL102754,Individual,Male,Australia,Oceania,1988-09-12,Personal use,No,Agent Referral,4.0
CL102755,Corporate,Not Specified,India,South Asia,1977-11-11,Investment,No,Social Media,4.0
CL102756,Individual,Female,Singapore,Southeast Asia,2002-01-24,Personal use,No,Website,3.0
CL102757,Individual,Male,India,South Asia,1999-07-24,Investment,Yes,Agent Referral,5.0
CL102758,Individual,Male,India,South Asia,1985-03-27,Investment,No,Website,3.0
CL102759,Individual,Female,France,Europe - West,1972-08-28,Investment,Yes,Website,3.0
CL102760,Individual,Other,United Arab Emirates,Middle East,1985-12-14,Investment,No,Friend/Family,3.0
CL102761,Individual,Male,Australia,Oceania,1994-07-22,Personal use,Yes,Event,3.0
CL102762,Individual,Female,United States,North America - West,2004-02-20,Personal use,No,Friend/Family,4.0
CL102763,Corporate,Not Specified,United Kingdom,Europe - West,1990-09-04,Investment,No,Event,5.0
CL102764,Corporate,Not Specified,United States,North America - East,1981-08-08,Investment,Yes,Social Media,3.0
CL102765,Individual,Female,Australia,Oceania,1997-10-08,Personal use,No,Agent Referral,4.0
CL102766,Corporate,Not Specified,Germany,Europe - West,1971-05-20,Personal use,Yes,Property Portal,2.0
CL102767,Corporate,Not Specified,India,South Asia,1995-08-18,Investment,No,Website,3.0
CL102768,Individual,Male,Singapore,Southeast Asia,1996-01-19,Investment,Yes,Website,4.0
CL102769,Individual,Female,Brazil,Latin America,1988-07-21,Investment,No,Event,5.0
CL102770,Individual,Male,United States,North America - East,1999-02-27,Personal use,No,Friend/Family,4.0
CL102771,Individual,Other,India,South Asia,1982-12-13,Personal use,Yes,Property Portal,5.0
CL102772,Individual,Male,Australia,Oceania,1988-01-27,Personal use,No,Website,3.0
CL102773,Individual,Male,United States,North America - East,1961-07-11,Personal use,No,Friend/Family,4.0
CL102774,Corporate,Not Specified,India,South Asia,1996-07-06,Investment,No,Agent Referral,4.0
CL102775,Individual,Male,United Kingdom,Europe - West,1984-07-14,Investment,Yes,Agent Referral,5.0
CL102776,Individual,Female,United Arab Emirates,Middle East,1984-02-16,Investment,No,Property Portal,4.0
CL102777,Individual,Male,France,Europe - West,1997-01-28,Investment,Yes,Agent Referral,2.0
CL102778,Individual,Female,Canada,North America - East,1984-03-27,Investment,No,Friend/Family,5.0
CL102779,Corporate,Not Specified,United States,North America - West,1969-05-15,Investment,No,Property Portal,5.0
CL102780,Individual,Female,United States,North America - West,1984-09-11,Investment,No,Property Portal,4.0
CL102781,Individual,Female,United States,North America - West,1969-12-07,Personal use,Yes,Website,3.0
CL102782,Individual,Female,United Arab Emirates,Middle East,2004-02-01,Investment,No,Website,5.0
CL102783,Individual,Female,United Kingdom,Europe - West,1995-02-11,Personal use,Yes,Property Portal,5.0
CL102784,Individual,Male,United States,North America - West,1969-08-31,Investment,Yes,Social Media,4.0
CL102785,Individual,Female,India,South Asia,1975-06-23,Investment,No,Social Media,3.0
CL102786,Individual,Female,India,South Asia,1980-06-16,Investment,No,Website,5.0
CL102787,Individual,Male,France,Europe - West,1972-03-02,Investment,No,Website,4.0
CL102788,Individual,Female,Australia,Oceania,2003-12-16,Personal use,Yes,Event,3.0
CL102789,Individual,Male,United Kingdom,Europe - West,1976-11-23,Personal use,Yes,Social Media,5.0
CL102790,Individual,Female,Singapore,Southeast Asia,1974-03-30,Personal use,Yes,Property Portal,4.0
CL102791,Individual,Male,United States,North America - West,1993-05-21,Investment,No,Agent Referral,5.0
CL102792,Individual,Female,India,South Asia,1957-05-15,Investment,Yes,Agent Referral,3.0
CL102793,Individual,Male,Brazil,Latin America,1983-01-09,Investment,No,Social Media,4.0
CL102794,Individual,Female,Singapore,Southeast Asia,2004-06-04,Personal use,Yes,Property Portal,3.0
CL102795,Individual,Male,United Arab Emirates,Middle East,1981-05-06,Investment,Yes,Agent Referral,4.0
CL102796,Individual,Female,United Arab Emirates,Middle East,1992-12-19,Investment,Yes,Agent Referral,5.0
CL102797,Corporate,Not Specified,United Kingdom,Europe - West,1982-03-20,Personal use,No,Social Media,3.0
CL102798,Individual,Female,India,South Asia,1979-04-18,Personal use,No,Website,3.0
CL102799,Individual,Male,India,South Asia,1992-01-08,Personal use,Yes,Agent Referral,5.0
CL102800,Individual,Male,Brazil,Latin America,1969-06-24,Investment,No,Social Media,4.0
CL102801,Individual,Male,France,Europe - West,1975-09-14,Investment,No,Website,5.0
CL102802,Individual,Female,United States,North America - West,1994-12-18,Investment,No,Friend/Family,3.0
CL102803,Individual,Male,United Arab Emirates,Middle East,1987-04-20,Personal use,Yes,Website,4.0
CL102804,Individual,Female,United States,North America - West,1980-06-08,Personal use,Yes,Friend/Family,4.0
CL102805,Individual,Male,Canada,North America - East,1990-08-29,Investment,Yes,Property Portal,4.0
CL102806,Individual,Female,United Kingdom,Europe - West,1988-10-29,Personal use,No,Property Portal,2.0
CL102807,Individual,Male,India,South Asia,1985-01-12,Investment,No,Friend/Family,5.0
CL102808,Individual,Male,United States,North America - East,1997-06-22,Personal use,Yes,Social Media,4.0
CL102809,Corporate,Not Specified,United States,North America - East,1967-03-01,Investment,No,Agent Referral,3.0
CL102810,Individual,Male,United States,North America - East,1983-04-18,Investment,Yes,Agent Referral,4.0
CL102811,Corporate,Not Specified,Singapore,Southeast Asia,1969-06-10,Investment,Yes,Website,4.0
CL102812,Individual,Male,India,South Asia,1996-06-09,Personal use,Yes,Friend/Family,4.0
CL102813,Individual,Female,United States,North America - East,2004-09-01,Investment,Yes,Website,4.0
CL102814,Individual,Other,United States,North America - East,2003-10-09,Investment,Yes,Agent Referral,4.0
CL102815,Individual,Male,United Arab Emirates,Middle East,1980-11-01,Personal use,Yes,Social Media,2.0
CL102816,Individual,Female,United Kingdom,Europe - West,1987-11-20,Personal use,Yes,Friend/Family,4.0
CL102817,Individual,Male,United Arab Emirates,Middle East,1988-06-10,Personal use,Yes,Agent Referral,3.0
CL102818,Individual,Male,Germany,Europe - West,1999-10-02,Personal use,Yes,Agent Referral,5.0
CL102819,Individual,Male,Australia,Oceania,1993-06-23,Personal use,Yes,Social Media,3.0
CL102820,Corporate,Not Specified,United Kingdom,Europe - West,1982-12-08,Investment,No,Property Portal,4.0
CL102821,Individual,Male,India,South Asia,1986-08-28,Investment,No,Friend/Family,3.0
CL102822,Individual,Female,United States,North America - West,1976-06-14,Investment,No,Agent Referral,4.0
CL102823,Individual,Female,Brazil,Latin America,1975-03-10,Investment,Yes,Property Portal,3.0
CL102824,Individual,Female,Brazil,Latin America,1987-10-15,Investment,No,Website,4.0
CL102825,Corporate,Not Specified,India,South Asia,1987-06-29,Investment,No,Agent Referral,4.0
CL102826,Individual,Male,Germany,Europe - West,1994-04-27,Personal use,Yes,Website,4.0
CL102827,Individual,Female,United States,North America - West,1986-11-30,Investment,No,Agent Referral,4.0
CL102828,Individual,Male,Singapore,Southeast Asia,1994-04-12,Personal use,No,Friend/Family,4.0
CL102829,Individual,Male,India,South Asia,1997-01-24,Personal use,No,Social Media,4.0
CL102830,Individual,Male,Canada,North America - East,1985-05-04,Personal use,Yes,Property Portal,4.0
CL102831,Corporate,Not Specified,Germany,Europe - West,1973-10-05,Personal use,Yes,Social Media,3.0
CL102832,Individual,Female,Germany,Europe - West,1991-06-21,Investment,No,Agent Referral,5.0
CL102833,Individual,Male,Singapore,Southeast Asia,1986-03-11,Investment,Yes,Social Media,3.0
CL102834,Individual,Male,India,South Asia,2000-09-22,Investment,No,Friend/Family,4.0
CL102835,Individual,Female,United Arab Emirates,Middle East,1972-07-14,Personal use,No,Social Media,4.0
CL102836,Corporate,Not Specified,United Arab Emirates,Middle East,1970-10-25,Investment,No,Agent Referral,5.0
CL102837,Individual,Male,Canada,North America - East,1977-09-30,Personal use,Yes,Social Media,3.0
CL102838,Individual,Male,United Kingdom,Europe - West,1971-07-09,Investment,Yes,Social Media,3.0
CL102839,Individual,Female,United States,North America - East,1990-02-18,Personal use,Yes,Agent Referral,4.0
CL102840,Individual,Male,India,South Asia,1989-03-11,Investment,No,Property Portal,4.0
CL102841,Individual,Male,Germany,Europe - West,1967-07-26,Investment,Yes,Agent Referral,5.0
CL102842,Individual,Male,Germany,Europe - West,1979-09-14,Personal use,Yes,Website,4.0
CL102843,Corporate,Not Specified,Canada,North America - East,1989-11-08,Investment,No,Friend/Family,3.0
CL102844,Individual,Other,United States,North America - East,1980-03-17,Personal use,Yes,Property Portal,3.0
CL102845,Individual,Female,United Arab Emirates,Middle East,1992-03-06,Personal use,Yes,Friend/Family,3.0
CL102846,Individual,Other,Canada,North America - East,1976-09-14,Personal use,Yes,Social Media,4.0
CL102847,Individual,Female,United States,North America - East,1981-07-20,Investment,No,Event,5.0
CL102848,Individual,Female,India,South Asia,2004-09-02,Personal use,Yes,Agent Referral,4.0
CL102849,Individual,Female,United Kingdom,Europe - West,1982-10-12,Investment,No,Agent Referral,4.0
CL102850,Individual,Female,United Kingdom,Europe - West,1982-12-28,Investment,Yes,Social Media,4.0
CL102851,Corporate,Not Specified,Germany,Europe - West,1974-03-21,Investment,No,Agent Referral,5.0
CL102852,Individual,Male,Singapore,Southeast Asia,1979-01-30,Personal use,Yes,Social Media,4.0
CL102853,Individual,Female,United Kingdom,Europe - West,1969-08-08,Investment,Yes,Event,4.0
CL102854,Individual,Male,India,South Asia,1980-10-09,Personal use,No,Agent Referral,4.0
CL102855,Individual,Male,Australia,Oceania,1985-03-29,Investment,No,Website,3.0
CL102856,Individual,Male,United Arab Emirates,Middle East,1973-04-01,Investment,Yes,Agent Referral,4.0
CL102857,Corporate,Not Specified,Germany,Europe - West,1980-10-19,Investment,No,Social Media,5.0
CL102858,Individual,Male,India,South Asia,1975-09-01,Investment,No,Friend/Family,5.0
CL102859,Individual,Male,Germany,Europe - West,1983-05-03,Investment,Yes,Event,5.0
CL102860,Corporate,Not Specified,Germany,Europe - West,1991-08-31,Investment,No,Friend/Family,4.0
CL102861,Individual,Male,France,Europe - West,1983-05-02,Investment,No,Event,3.0
CL102862,Individual,Female,United Kingdom,Europe - West,1985-06-28,Investment,No,Agent Referral,3.0
CL102863,Individual,Male,United States,North America - West,1962-04-24,Investment,No,Agent Referral,5.0
CL102864,Individual,Male,Germany,Europe - West,1994-01-18,Investment,No,Agent Referral,3.0
CL102865,Individual,Male,United States,North America - East,1973-06-26,Personal use,No,Property Portal,5.0
CL102866,Individual,Female,Germany,Europe - West,1987-09-15,Investment,Yes,Website,3.0
CL102867,Individual,Female,United Arab Emirates,Middle East,2002-08-01,Personal use,No,Website,5.0
CL102868,Individual,Male,Australia,Oceania,1988-01-15,Personal use,Yes,Agent Referral,4.0
CL102869,Individual,Male,United States,North America - East,1992-03-04,Personal use,No,Agent Referral,5.0
CL102870,Corporate,Not Specified,United Arab Emirates,Middle East,1969-10-15,Investment,No,Friend/Family,5.0
CL102871,Individual,Female,Germany,Europe - West,1983-11-12,Investment,Yes,Property Portal,3.0
CL102872,Individual,Male,United States,North America - East,1997-08-03,Personal use,Yes,Website,3.0
CL102873,Individual,Male,Canada,North America - East,1969-01-12,Personal use,No,Social Media,3.0
CL102874,Individual,Male,United States,North America - West,1974-09-04,Investment,No,Website,3.0
CL102875,Individual,Male,United States,North America - East,1968-09-02,Personal use,Yes,Agent Referral,4.0
CL102876,Individual,Female,Canada,North America - East,1982-12-19,Investment,Yes,Agent Referral,3.0
CL102877,Individual,Other,Germany,Europe - West,1986-05-10,Personal use,Yes,Social Media,3.0
CL102878,Individual,Other,France,Europe - West,1977-10-06,Personal use,Yes,Social Media,3.0
CL102879,Individual,Female,United States,North America - West,1992-09-30,Investment,No,Friend/Family,4.0
CL102880,Individual,Male,United States,North America - West,1984-04-03,Investment,Yes,Property Portal,3.0
CL102881,Individual,Other,United States,North America - East,1987-06-13,Personal use,Yes,Website,3.0
CL102882,Individual,Male,France,Europe - West,2001-10-05,Investment,Yes,Friend/Family,
CL102883,Individual,Male,United Kingdom,Europe - West,1984-02-02,Personal use,Yes,Friend/Family,2.0
CL102884,Individual,Female,France,Europe - West,1989-12-25,Investment,No,Website,5.0
CL102885,Individual,Male,Canada,North America - East,1988-06-19,Investment,No,Agent Referral,4.0
CL102886,Individual,Female,United States,North America - West,1980-11-12,Personal use,No,Website,4.0
CL102887,Individual,Other,Australia,Oceania,1971-12-05,Personal use,Yes,Website,5.0
CL102888,Individual,Female,United States,North America - West,1994-12-19,Personal use,Yes,Agent Referral,5.0
CL102889,Individual,Female,United States,North America - West,1989-04-11,Personal use,No,Agent Referral,5.0
CL102890,Individual,Male,United States,North America - East,1993-10-30,Investment,Yes,Property Portal,3.0
CL102891,Corporate,Not Specified,Brazil,Latin America,1961-02-07,Investment,No,Property Portal,3.0
CL102892,Individual,Female,United Arab Emirates,Middle East,1992-09-08,Investment,Yes,Social Media,3.0
CL102893,Corporate,Not Specified,United Arab Emirates,Middle East,1964-11-20,Investment,No,Friend/Family,5.0
CL102894,Individual,Female,Brazil,Latin America,1979-09-28,Investment,No,Event,4.0
CL102895,Individual,Male,United States,North America - West,1982-01-28,Personal use,No,Agent Referral,4.0
CL102896,Individual,Male,Brazil,Latin America,1997-07-01,Investment,Yes,Social Media,3.0
CL102897,Individual,Male,United States,North America - West,1970-11-14,Investment,No,Friend/Family,3.0
CL102898,Individual,Female,United Arab Emirates,Middle East,1975-01-13,Personal use,No,Property Portal,4.0
CL102899,Corporate,Not Specified,Germany,Europe - West,1994-12-11,Investment,No,Property Portal,4.0
CL102900,Individual,Female,United Kingdom,Europe - West,1972-01-25,Personal use,Yes,Website,3.0
CL102901,Individual,Male,Australia,Oceania,1982-03-12,Investment,No,Friend/Family,3.0
CL102902,Individual,Male,United States,North America - East,1986-11-22,Investment,No,Agent Referral,4.0
CL102903,Individual,Male,Brazil,Latin America,1982-06-18,Personal use,No,Agent Referral,5.0
CL102904,Corporate,Not Specified,United Kingdom,Europe - West,1986-03-25,Investment,No,Social Media,3.0
CL102905,Individual,Male,United Arab Emirates,Middle East,1980-06-18,Personal use,Yes,Friend/Family,4.0
CL102906,Individual,Female,Brazil,Latin America,1983-08-24,Investment,Yes,Website,1.0
CL102907,Corporate,Not Specified,United States,North America - East,1977-11-20,Investment,No,Agent Referral,4.0
CL102908,Corporate,Not Specified,Australia,Oceania,1963-04-11,Investment,No,,2.0
CL102909,Individual,Female,United Arab Emirates,Middle East,1980-09-15,Investment,No,Website,5.0
CL102910,Individual,Female,India,South Asia,1989-12-05,Personal use,No,Property Portal,5.0
CL102911,Corporate,Not Specified,United States,North America - West,1990-10-24,Investment,No,Social Media,3.0
CL102912,Individual,Male,France,Europe - West,1980-02-06,Investment,No,Social Media,4.0
CL102913,Individual,Female,India,South Asia,1989-06-05,Investment,No,Website,5.0
CL102914,Individual,Female,Germany,Europe - West,1973-11-27,Personal use,Yes,Event,5.0
CL102915,Corporate,Not Specified,United States,North America - West,1990-01-06,Investment,No,Property Portal,4.0
CL102916,Corporate,Not Specified,Canada,North America - East,1990-06-21,Personal use,No,Website,2.0
CL102917,Individual,Female,Singapore,Southeast Asia,1987-06-05,Investment,No,Friend/Family,3.0
CL102918,Individual,Female,United States,North America - West,1966-10-13,Personal use,No,Property Portal,5.0
CL102919,Individual,Male,India,South Asia,1992-10-19,Investment,No,Website,5.0
CL102920,Individual,Male,Brazil,Latin America,1989-01-29,Personal use,Yes,Social Media,4.0
CL102921,Corporate,Not Specified,United States,North America - West,1965-09-25,Personal use,No,Property Portal,3.0
CL102922,Individual,Male,United States,North America - East,1978-07-14,Personal use,Yes,,5.0
CL102923,Individual,Female,India,South Asia,1992-05-26,Investment,No,Property Portal,4.0
CL102924,Individual,Female,United States,North America - East,1991-03-21,Personal use,Yes,Website,3.0
CL102925,Individual,Male,United Arab Emirates,Middle East,1990-11-20,Investment,No,Property Portal,4.0
CL102926,Corporate,Not Specified,India,South Asia,1993-11-26,Investment,No,Event,5.0
CL102927,Individual,Male,United Arab Emirates,Middle East,1999-06-22,Personal use,No,Website,4.0
CL102928,Corporate,Not Specified,United Kingdom,Europe - West,1991-08-24,Investment,No,Agent Referral,5.0
CL102929,Individual,Female,India,South Asia,1980-06-26,Personal use,Yes,Social Media,2.0
CL102930,Individual,Female,United Arab Emirates,Middle East,2004-07-05,Personal use,No,Property Portal,3.0
CL102931,Individual,Male,United States,North America - West,1975-11-12,Investment,No,Website,3.0
CL102932,Individual,Female,United Arab Emirates,Middle East,1968-10-02,Investment,Yes,Agent Referral,4.0
CL102933,Individual,Female,Australia,Oceania,1986-12-04,Investment,Yes,Property Portal,4.0
CL102934,Individual,Female,United Arab Emirates,Middle East,1971-02-10,Personal use,Yes,Agent Referral,4.0
CL102935,Individual,Female,Germany,Europe - West,1986-08-26,Personal use,Yes,Social Media,5.0
CL102936,Individual,Male,United Kingdom,Europe - West,1968-01-31,Personal use,Yes,Social Media,3.0
CL102937,Individual,Female,United States,North America - East,1991-03-05,Investment,Yes,Event,3.0
CL102938,Individual,Male,Canada,North America - East,2004-09-27,Investment,Yes,Website,3.0
CL102939,Individual,Male,United States,North America - East,1986-07-14,Investment,No,Event,5.0
CL102940,Individual,Female,Brazil,Latin America,1967-06-03,Investment,No,Social Media,5.0
CL102941,Individual,Female,Canada,North America - East,1980-07-18,Investment,Yes,Property Portal,3.0
CL102942,Individual,Other,Singapore,Southeast Asia,1991-03-05,Investment,Yes,Website,5.0
CL102943,Individual,Male,United States,North America - West,1982-02-22,Personal use,Yes,Friend/Family,3.0
CL102944,Individual,Male,United Kingdom,Europe - West,1975-08-06,Personal use,No,Property Portal,5.0
CL102945,Corporate,Not Specified,Germany,Europe - West,1975-08-22,Investment,No,Property Portal,5.0
CL102946,Individual,Male,United Kingdom,Europe - West,1957-02-13,Personal use,Yes,Website,3.0
CL102947,Individual,Female,India,South Asia,1991-04-14,Investment,No,Social Media,4.0
CL102948,Corporate,Not Specified,Brazil,Latin America,1995-06-27,Investment,No,Website,2.0
CL102949,Individual,Male,Singapore,Southeast Asia,1977-07-04,Personal use,Yes,Website,4.0
CL102950,Corporate,Not Specified,United States,North America - East,1973-09-22,Investment,No,Friend/Family,3.0
CL102951,Individual,Male,India,South Asia,1989-11-25,Investment,No,Event,4.0
CL102952,Corporate,Not Specified,United States,North America - East,1973-12-03,Investment,No,Friend/Family,5.0
CL102953,Corporate,Not Specified,Australia,Oceania,1994-03-13,Investment,No,Website,5.0
CL102954,Corporate,Not Specified,France,Europe - West,1973-06-01,Investment,No,Agent Referral,5.0
CL102955,Individual,Male,United Kingdom,Europe - West,2003-07-13,Personal use,No,Agent Referral,4.0
CL102956,Corporate,Not Specified,United States,North America - East,1996-06-10,Investment,No,Website,4.0
CL102957,Corporate,Not Specified,United States,North America - East,1969-11-03,Investment,No,Property Portal,4.0
CL102958,Individual,Female,Canada,North America - East,1986-09-01,Personal use,Yes,Website,3.0
CL102959,Individual,Female,Australia,Oceania,1981-12-08,Personal use,No,Website,4.0
CL102960,Corporate,Not Specified,India,South Asia,1971-06-18,Investment,No,Friend/Family,4.0
CL102961,Individual,Female,Brazil,Latin America,1992-06-27,Personal use,Yes,Website,3.0
CL102962,Individual,Male,United States,North America - East,1987-12-12,Personal use,No,Agent Referral,3.0
CL102963,Individual,Male,United Arab Emirates,Middle East,1990-10-17,Investment,No,Social Media,3.0
CL102964,Individual,Female,Canada,North America - East,1961-10-13,Investment,No,Website,1.0
CL102965,Individual,Male,France,Europe - West,1975-07-01,Investment,Yes,Social Media,3.0
CL102966,Individual,Male,United Kingdom,Europe - West,1996-02-28,Personal use,Yes,Social Media,4.0
CL102967,Individual,Female,United Kingdom,Europe - West,1963-06-25,Personal use,Yes,Friend/Family,1.0
CL102968,Corporate,Not Specified,United Arab Emirates,Middle East,1975-07-28,Investment,No,Agent Referral,4.0
CL102969,Individual,Male,United States,North America - East,1985-05-16,Personal use,No,Agent Referral,4.0
CL102970,Individual,Female,Germany,Europe - West,1976-09-13,Investment,No,Friend/Family,3.0
CL102971,Individual,Male,United Arab Emirates,Middle East,2004-07-30,Personal use,No,Website,4.0
CL102972,Corporate,Not Specified,United States,North America - East,1989-02-27,Investment,No,Website,5.0
CL102973,Corporate,Not Specified,Australia,Oceania,1973-01-29,Investment,No,Agent Referral,3.0
CL102974,Individual,Female,France,Europe - West,1983-06-28,Investment,No,Website,4.0
CL102975,Individual,Male,Singapore,Southeast Asia,1981-03-15,Investment,Yes,Website,4.0
CL102976,Individual,Female,United Arab Emirates,Middle East,1985-12-28,Personal use,Yes,Event,3.0
CL102977,Individual,Female,India,South Asia,1986-11-11,Investment,No,Social Media,5.0
CL102978,Individual,Male,India,South Asia,1974-03-13,Personal use,Yes,Social Media,4.0
CL102979,Individual,Female,Singapore,Southeast Asia,1982-07-09,Investment,Yes,Agent Referral,4.0
CL102980,Individual,Male,United Arab Emirates,Middle East,1985-01-16,Investment,Yes,Website,5.0
CL102981,Individual,Female,Canada,North America - East,1984-08-02,Personal use,No,Friend/Family,5.0
CL102982,Individual,Male,United States,North America - East,1965-08-19,Personal use,Yes,Friend/Family,2.0
CL102983,Corporate,Not Specified,United Arab Emirates,Middle East,1969-05-30,Investment,No,Event,4.0
CL102984,Individual,Female,United States,North America - West,1991-06-04,Personal use,Yes,Website,5.0
CL102985,Individual,Male,Canada,North America - East,2004-08-06,Investment,No,Website,3.0
CL102986,Individual,Female,United States,North America - West,2001-09-10,Investment,No,Friend/Family,4.0
CL102987,Corporate,Not Specified,France,Europe - West,1984-10-23,Investment,Yes,Agent Referral,5.0
CL102988,Individual,Male,United States,North America - West,1987-01-29,Personal use,Yes,Website,4.0
CL102989,Individual,Male,United Arab Emirates,Middle East,1992-01-14,Investment,No,Agent Referral,5.0
CL102990,Individual,Female,India,South Asia,1982-09-10,Investment,No,Website,4.0
CL102991,Individual,Female,Singapore,Southeast Asia,1991-12-16,Investment,No,Property Portal,4.0
CL102992,Corporate,Not Specified,United Kingdom,Europe - West,1993-05-21,Investment,No,Property Portal,3.0
CL102993,Individual,Male,France,Europe - West,1979-01-05,Personal use,No,Friend/Family,4.0
CL102994,Individual,Female,United Arab Emirates,Middle East,1970-04-12,Personal use,No,Agent Referral,4.0
CL102995,Individual,Female,Germany,Europe - West,1998-07-04,Personal use,No,Friend/Family,4.0
CL102996,Individual,Female,United Arab Emirates,Middle East,1983-07-01,Investment,No,Friend/Family,5.0
CL102997,Individual,Male,United States,North America - West,2004-08-08,Investment,No,Property Portal,4.0
CL102998,Individual,Female,Brazil,Latin America,2001-12-01,Personal use,Yes,Social Media,5.0
CL102999,Individual,Female,United States,North America - East,1992-04-28,Investment,No,Event,4.0
CL101957,Corporate,Not Specified,United States,North America - West,1977-11-20,Investment,No,Social Media,3.0
CL102087,Corporate,Not Specified,United Kingdom,Europe - West,1996-07-07,Investment,No,Event,3.0
CL101394,Individual,Male,Singapore,Southeast Asia,1969-05-01,Personal use,No,Friend/Family,4.0
CL101520,Individual,Female,United Kingdom,Europe - West,1985-04-14,Personal use,Yes,Website,4.0
CL101098,Individual,Male,Singapore,Southeast Asia,1992-04-07,Personal use,Yes,Agent Referral,4.0
CL100393,Individual,Female,India,South Asia,1979-07-17,Personal use,No,Property Portal,4.0
CL100028,Individual,Male,United States,North America - East,1977-10-28,Investment,Yes,Property Portal,5.0
CL100099,Individual,Female,Brazil,Latin America,2002-04-28,Personal use,Yes,Friend/Family,4.0
CL100351,Individual,Male,United States,North America - East,1979-10-30,Personal use,Yes,Event,3.0
CL102020,Corporate,Not Specified,United Arab Emirates,Middle East,1984-12-28,Investment,No,Agent Referral,4.0
CL101352,Individual,Male,United Kingdom,Europe - West,1968-07-11,Investment,Yes,Friend/Family,4.0
CL101144,Individual,Female,Germany,Europe - West,1987-12-17,Investment,No,Social Media,4.0
CL102855,Individual,Male,Australia,Oceania,1985-03-29,Investment,No,Website,3.0
CL101225,Individual,Male,Australia,Oceania,1982-08-09,Personal use,Yes,Agent Referral,3.0
CL100297,Corporate,Not Specified,Singapore,Southeast Asia,1978-03-01,Investment,No,Property Portal,4.0
